order_id,date,weekday,hour,channel,customer_type,category,product,quantity,unit_price,discount_pct,ticket_amount,wait_minutes,satisfaction,returned_within_30d
ORD-01488,2025-01-01,Wednesday,8,Takeaway,Nuevo,Almuerzo,Bagel,1,4771.0,0.0,4771.0,12.4,3.7,0
ORD-05760,2025-01-01,Wednesday,8,Mostrador,Habitual,Bebidas frías,Iced latte,2,2723.0,0.05,5173.0,6.7,5.0,1
ORD-02442,2025-01-01,Wednesday,9,Mostrador,Nuevo,Café,Espresso,1,1973.0,0.0,1973.0,9.3,5.0,0
ORD-05083,2025-01-01,Wednesday,9,Delivery,Habitual,Bebidas frías,Limonada,1,3037.0,0.0,3037.0,21.9,3.3,0
ORD-04691,2025-01-01,Wednesday,10,Mostrador,Nuevo,Almuerzo,Ensalada,2,5071.0,0.15,8620.0,8.0,5.0,0
ORD-05462,2025-01-01,Wednesday,10,Mostrador,Habitual,Almuerzo,Ensalada,1,5806.0,0.0,5806.0,12.8,4.5,1
ORD-06302,2025-01-01,Wednesday,10,Mostrador,Frecuente,Desayuno,Yogur + granola,3,5233.0,0.0,15698.0,9.8,4.4,0
ORD-02316,2025-01-01,Wednesday,11,Mostrador,Habitual,Desayuno,Combo desayuno,1,3779.0,0.0,3779.0,6.0,4.2,0
ORD-03674,2025-01-01,Wednesday,14,Mostrador,Habitual,Desayuno,Avocado toast,3,4062.0,0.0,12187.0,9.4,5.0,0
ORD-01409,2025-01-01,Wednesday,15,Mostrador,Habitual,Café,Latte,3,1834.0,0.0,5501.0,6.5,5.0,0
ORD-01996,2025-01-01,Wednesday,15,Delivery,Habitual,Almuerzo,Tostado,2,5844.0,0.0,11687.0,16.0,3.9,0
ORD-01949,2025-01-01,Wednesday,16,Takeaway,Habitual,Almuerzo,Wrap,1,4674.0,0.0,4674.0,4.6,4.6,0
ORD-02259,2025-01-01,Wednesday,17,Takeaway,Habitual,Pastelería,Medialuna,1,1835.0,0.0,1835.0,5.4,5.0,1
ORD-01482,2025-01-01,Wednesday,19,Delivery,Habitual,Café,Espresso,1,1982.0,0.05,1883.0,18.4,3.7,0
ORD-00381,2025-01-02,Thursday,9,Delivery,Habitual,Café,Espresso,1,1636.0,0.0,1636.0,19.6,3.7,0
ORD-05170,2025-01-02,Thursday,9,Mostrador,Habitual,Bebidas frías,Licuado,2,2901.0,0.0,5802.0,4.3,5.0,0
ORD-01913,2025-01-02,Thursday,10,Mostrador,Habitual,Bebidas frías,Iced latte,2,2849.0,0.0,5698.0,13.1,4.3,1
ORD-02628,2025-01-02,Thursday,10,Delivery,Nuevo,Café,Latte,3,1767.0,0.0,5301.0,21.7,3.6,1
ORD-00845,2025-01-02,Thursday,11,Takeaway,Nuevo,Bebidas frías,Cold brew,1,3000.0,0.0,3000.0,9.4,5.0,1
ORD-00901,2025-01-02,Thursday,11,Takeaway,Habitual,Bebidas frías,Iced latte,1,3029.0,0.0,3029.0,3.4,5.0,0
ORD-01622,2025-01-02,Thursday,11,Mostrador,Nuevo,Bebidas frías,Cold brew,2,2661.0,0.0,5322.0,2.0,5.0,0
ORD-02789,2025-01-02,Thursday,11,Delivery,Nuevo,Desayuno,Yogur + granola,1,3960.0,0.1,3564.0,15.3,4.3,0
ORD-03217,2025-01-02,Thursday,11,Takeaway,Frecuente,Café,Espresso,3,1867.0,0.1,5040.0,7.9,3.9,1
ORD-00773,2025-01-02,Thursday,12,Mostrador,Nuevo,Café,Americano,3,1974.0,0.05,5627.0,7.2,4.9,0
ORD-00846,2025-01-02,Thursday,12,Mostrador,Nuevo,Almuerzo,Bagel,1,5431.0,0.0,5431.0,12.4,4.6,0
ORD-04598,2025-01-02,Thursday,12,Delivery,Habitual,Desayuno,Combo desayuno,3,4091.0,0.0,12272.0,21.7,4.1,0
ORD-06229,2025-01-02,Thursday,12,Mostrador,Habitual,Pastelería,Budín,2,1667.0,0.0,3334.0,4.5,4.9,1
ORD-01294,2025-01-02,Thursday,14,Mostrador,Habitual,Pastelería,Budín,1,1570.0,0.0,1570.0,7.1,4.9,0
ORD-03191,2025-01-02,Thursday,14,Takeaway,Habitual,Café,Cortado,1,2098.0,0.0,2098.0,10.5,4.4,1
ORD-04111,2025-01-02,Thursday,14,Mostrador,Nuevo,Café,Cortado,1,1750.0,0.1,1575.0,6.4,4.9,0
ORD-06076,2025-01-02,Thursday,14,Takeaway,Habitual,Bebidas frías,Limonada,1,2831.0,0.0,2831.0,15.5,4.1,0
ORD-06358,2025-01-02,Thursday,14,Takeaway,Frecuente,Bebidas frías,Limonada,2,3075.0,0.0,6149.0,12.7,4.1,1
ORD-04627,2025-01-02,Thursday,15,Mostrador,Nuevo,Bebidas frías,Limonada,2,2544.0,0.0,5088.0,3.1,5.0,0
ORD-03234,2025-01-02,Thursday,16,Takeaway,Habitual,Almuerzo,Tostado,2,3947.0,0.0,7894.0,6.3,5.0,0
ORD-05297,2025-01-02,Thursday,16,Mostrador,Nuevo,Bebidas frías,Licuado,1,2268.0,0.0,2268.0,5.1,4.3,0
ORD-01237,2025-01-02,Thursday,17,Mostrador,Nuevo,Desayuno,Tostadas,2,4446.0,0.0,8892.0,5.9,4.4,0
ORD-01550,2025-01-02,Thursday,17,Takeaway,Nuevo,Almuerzo,Bagel,1,5555.0,0.0,5555.0,8.3,4.5,0
ORD-02646,2025-01-02,Thursday,17,Mostrador,Habitual,Pastelería,Cookie,2,1671.0,0.0,3343.0,10.1,4.4,1
ORD-06057,2025-01-02,Thursday,18,Takeaway,Nuevo,Café,Flat White,1,1972.0,0.05,1873.0,5.3,4.2,0
ORD-06414,2025-01-02,Thursday,18,Mostrador,Habitual,Pastelería,Croissant,3,1588.0,0.05,4525.0,7.7,4.3,0
ORD-01739,2025-01-02,Thursday,19,Mostrador,Nuevo,Almuerzo,Tostado,1,5426.0,0.0,5426.0,4.8,4.8,1
ORD-01279,2025-01-03,Friday,11,Mostrador,Nuevo,Pastelería,Tostada dulce,1,1280.0,0.05,1216.0,5.1,4.7,0
ORD-04689,2025-01-03,Friday,11,Mostrador,Habitual,Desayuno,Yogur + granola,1,4278.0,0.1,3851.0,5.8,5.0,0
ORD-05844,2025-01-03,Friday,11,Mostrador,Habitual,Pastelería,Tostada dulce,1,1761.0,0.15,1497.0,5.3,5.0,0
ORD-00104,2025-01-03,Friday,12,Mostrador,Habitual,Bebidas frías,Iced latte,1,2757.0,0.0,2757.0,10.1,4.7,1
ORD-01190,2025-01-03,Friday,12,Delivery,Habitual,Bebidas frías,Limonada,1,2477.0,0.0,2477.0,22.3,3.8,1
ORD-04885,2025-01-03,Friday,12,Mostrador,Habitual,Almuerzo,Ensalada,2,6085.0,0.0,12170.0,12.4,4.5,1
ORD-04055,2025-01-03,Friday,14,Takeaway,Habitual,Almuerzo,Tostado,2,4889.0,0.0,9778.0,5.3,5.0,0
ORD-02202,2025-01-03,Friday,15,Mostrador,Frecuente,Bebidas frías,Limonada,1,2387.0,0.0,2387.0,2.5,5.0,1
ORD-00575,2025-01-03,Friday,16,Mostrador,Habitual,Café,Americano,3,1851.0,0.1,4998.0,7.9,5.0,0
ORD-06155,2025-01-03,Friday,16,Takeaway,Nuevo,Pastelería,Cookie,3,1610.0,0.0,4831.0,6.6,4.3,0
ORD-04361,2025-01-03,Friday,17,Delivery,Habitual,Desayuno,Combo desayuno,2,3632.0,0.05,6902.0,17.2,4.6,0
ORD-00465,2025-01-03,Friday,18,Takeaway,Nuevo,Café,Latte,2,1777.0,0.05,3377.0,10.3,4.9,1
ORD-02401,2025-01-03,Friday,18,Mostrador,Frecuente,Desayuno,Combo desayuno,1,3931.0,0.0,3931.0,5.3,4.4,1
ORD-03399,2025-01-03,Friday,19,Mostrador,Nuevo,Pastelería,Croissant,2,1533.0,0.0,3066.0,2.1,4.5,0
ORD-05719,2025-01-03,Friday,19,Mostrador,Habitual,Pastelería,Cookie,2,1653.0,0.0,3306.0,8.0,4.8,1
ORD-00707,2025-01-03,Friday,20,Mostrador,Frecuente,Café,Latte,2,1680.0,0.0,3361.0,7.1,4.7,1
ORD-05603,2025-01-04,Saturday,10,Delivery,Frecuente,Café,Americano,1,1641.0,0.0,1641.0,25.2,4.8,0
ORD-01763,2025-01-04,Saturday,11,Takeaway,Nuevo,Pastelería,Budín,1,1983.0,0.05,1884.0,6.9,4.4,0
ORD-00303,2025-01-04,Saturday,12,Takeaway,Habitual,Almuerzo,Wrap,2,5750.0,0.0,11500.0,7.1,4.6,0
ORD-01070,2025-01-04,Saturday,13,Mostrador,Nuevo,Bebidas frías,Limonada,2,2645.0,0.0,5290.0,8.4,3.7,0
ORD-04131,2025-01-04,Saturday,13,Takeaway,Nuevo,Desayuno,Combo desayuno,2,4590.0,0.0,9179.0,10.8,4.2,0
ORD-01807,2025-01-04,Saturday,14,Mostrador,Nuevo,Café,Flat White,2,1486.0,0.0,2972.0,4.8,4.4,0
ORD-02443,2025-01-04,Saturday,14,Mostrador,Habitual,Desayuno,Yogur + granola,1,4325.0,0.0,4325.0,7.7,4.8,1
ORD-03725,2025-01-04,Saturday,14,Mostrador,Habitual,Café,Flat White,2,1914.0,0.0,3829.0,9.8,4.0,0
ORD-03799,2025-01-04,Saturday,14,Mostrador,Nuevo,Café,Americano,2,1942.0,0.0,3885.0,6.8,3.9,1
ORD-04788,2025-01-04,Saturday,14,Delivery,Nuevo,Almuerzo,Wrap,1,4661.0,0.05,4428.0,21.9,4.1,0
ORD-01175,2025-01-04,Saturday,15,Mostrador,Habitual,Bebidas frías,Limonada,3,2768.0,0.05,7887.0,7.4,5.0,1
ORD-04768,2025-01-04,Saturday,16,Mostrador,Nuevo,Almuerzo,Wrap,2,5559.0,0.0,11118.0,3.6,5.0,0
ORD-01532,2025-01-04,Saturday,20,Takeaway,Nuevo,Bebidas frías,Limonada,2,2971.0,0.0,5942.0,8.8,4.8,0
ORD-06436,2025-01-05,Sunday,7,Mostrador,Nuevo,Bebidas frías,Cold brew,1,2652.0,0.0,2652.0,2.3,5.0,0
ORD-03822,2025-01-05,Sunday,11,Mostrador,Habitual,Bebidas frías,Cold brew,1,3132.0,0.0,3132.0,2.2,5.0,0
ORD-04393,2025-01-05,Sunday,12,Takeaway,Habitual,Desayuno,Yogur + granola,1,4352.0,0.0,4352.0,14.7,4.2,1
ORD-05438,2025-01-05,Sunday,12,Takeaway,Frecuente,Almuerzo,Tostado,2,5288.0,0.0,10575.0,9.8,3.7,0
ORD-05916,2025-01-05,Sunday,13,Takeaway,Nuevo,Café,Americano,1,1901.0,0.0,1901.0,8.6,4.2,0
ORD-01682,2025-01-05,Sunday,15,Mostrador,Nuevo,Pastelería,Croissant,1,1764.0,0.05,1675.0,2.4,4.5,1
ORD-03904,2025-01-05,Sunday,15,Mostrador,Habitual,Almuerzo,Ensalada,1,4890.0,0.0,4890.0,5.4,4.6,1
ORD-05078,2025-01-05,Sunday,15,Mostrador,Nuevo,Almuerzo,Tostado,1,4659.0,0.0,4659.0,2.0,4.4,0
ORD-05880,2025-01-05,Sunday,15,Mostrador,Habitual,Almuerzo,Bagel,2,5856.0,0.1,10541.0,6.3,4.6,0
ORD-06151,2025-01-05,Sunday,15,Mostrador,Nuevo,Pastelería,Croissant,1,1307.0,0.0,1307.0,5.2,4.8,0
ORD-00790,2025-01-05,Sunday,17,Delivery,Nuevo,Almuerzo,Bagel,2,5393.0,0.0,10786.0,14.2,3.9,1
ORD-00801,2025-01-05,Sunday,19,Delivery,Habitual,Pastelería,Budín,1,1330.0,0.1,1197.0,20.0,2.9,0
ORD-00410,2025-01-06,Monday,8,Takeaway,Nuevo,Pastelería,Budín,2,1540.0,0.0,3080.0,9.1,4.3,1
ORD-00839,2025-01-06,Monday,9,Mostrador,Habitual,Pastelería,Croissant,2,1760.0,0.1,3168.0,9.2,4.9,0
ORD-01038,2025-01-06,Monday,11,Mostrador,Nuevo,Desayuno,Avocado toast,3,4047.0,0.0,12140.0,8.0,5.0,0
ORD-01121,2025-01-06,Monday,12,Mostrador,Frecuente,Pastelería,Tostada dulce,1,1427.0,0.0,1427.0,8.9,4.7,0
ORD-04931,2025-01-06,Monday,12,Delivery,Nuevo,Desayuno,Tostadas,3,4178.0,0.0,12533.0,19.4,3.8,0
ORD-05142,2025-01-06,Monday,13,Mostrador,Nuevo,Almuerzo,Bagel,2,5177.0,0.1,9318.0,6.8,4.1,1
ORD-06281,2025-01-06,Monday,14,Delivery,Nuevo,Almuerzo,Wrap,2,5412.0,0.05,10283.0,26.2,3.9,0
ORD-04104,2025-01-06,Monday,15,Mostrador,Habitual,Café,Latte,1,1750.0,0.0,1750.0,2.0,4.9,1
ORD-00889,2025-01-06,Monday,16,Mostrador,Frecuente,Desayuno,Combo desayuno,1,4088.0,0.0,4088.0,4.7,4.0,0
ORD-06471,2025-01-06,Monday,16,Mostrador,Nuevo,Pastelería,Budín,2,1551.0,0.0,3102.0,6.3,5.0,0
ORD-03103,2025-01-06,Monday,17,Mostrador,Nuevo,Almuerzo,Tostado,2,4799.0,0.1,8638.0,5.8,4.8,0
ORD-03136,2025-01-06,Monday,18,Takeaway,Nuevo,Bebidas frías,Limonada,1,2893.0,0.1,2603.0,8.5,4.8,0
ORD-06142,2025-01-06,Monday,18,Takeaway,Habitual,Bebidas frías,Iced latte,3,2807.0,0.0,8422.0,2.8,5.0,0
ORD-04230,2025-01-06,Monday,19,Delivery,Frecuente,Desayuno,Avocado toast,1,3872.0,0.0,3872.0,14.5,4.3,0
ORD-04046,2025-01-06,Monday,20,Takeaway,Nuevo,Café,Americano,1,1629.0,0.0,1629.0,9.8,4.5,0
ORD-04117,2025-01-07,Tuesday,10,Takeaway,Nuevo,Café,Espresso,1,1851.0,0.0,1851.0,14.6,4.0,1
ORD-00415,2025-01-07,Tuesday,11,Mostrador,Nuevo,Desayuno,Tostadas,1,4138.0,0.0,4138.0,3.8,4.5,0
ORD-00478,2025-01-07,Tuesday,11,Mostrador,Nuevo,Café,Latte,1,1970.0,0.1,1773.0,4.0,4.4,0
ORD-04527,2025-01-07,Tuesday,11,Takeaway,Habitual,Desayuno,Combo desayuno,1,4564.0,0.0,4564.0,9.1,5.0,0
ORD-01366,2025-01-07,Tuesday,12,Mostrador,Habitual,Desayuno,Combo desayuno,2,4861.0,0.0,9722.0,8.6,3.7,0
ORD-01652,2025-01-07,Tuesday,12,Mostrador,Nuevo,Pastelería,Tostada dulce,1,1564.0,0.0,1564.0,6.8,4.8,0
ORD-01594,2025-01-07,Tuesday,13,Mostrador,Habitual,Desayuno,Tostadas,1,3874.0,0.0,3874.0,4.7,4.4,0
ORD-03505,2025-01-07,Tuesday,13,Takeaway,Habitual,Pastelería,Budín,2,1635.0,0.0,3269.0,15.2,4.6,0
ORD-04505,2025-01-07,Tuesday,13,Delivery,Habitual,Desayuno,Avocado toast,1,3791.0,0.0,3791.0,21.6,4.4,0
ORD-05745,2025-01-07,Tuesday,13,Mostrador,Habitual,Bebidas frías,Cold brew,2,2720.0,0.0,5440.0,13.3,4.6,0
ORD-02975,2025-01-07,Tuesday,14,Mostrador,Nuevo,Café,Americano,1,1701.0,0.0,1701.0,9.5,4.6,1
ORD-01624,2025-01-07,Tuesday,15,Delivery,Frecuente,Desayuno,Combo desayuno,1,4484.0,0.0,4484.0,15.4,3.1,0
ORD-03858,2025-01-07,Tuesday,15,Delivery,Habitual,Almuerzo,Tostado,1,5755.0,0.0,5755.0,14.3,4.9,1
ORD-03898,2025-01-07,Tuesday,17,Takeaway,Habitual,Pastelería,Medialuna,1,1887.0,0.1,1698.0,10.9,4.2,0
ORD-05068,2025-01-07,Tuesday,18,Delivery,Habitual,Pastelería,Medialuna,2,1735.0,0.0,3471.0,21.8,3.6,0
ORD-05035,2025-01-08,Wednesday,9,Mostrador,Nuevo,Almuerzo,Wrap,2,5572.0,0.0,11144.0,12.3,4.7,1
ORD-05897,2025-01-08,Wednesday,11,Mostrador,Nuevo,Almuerzo,Wrap,1,5027.0,0.0,5027.0,3.4,4.6,0
ORD-01529,2025-01-08,Wednesday,12,Mostrador,Nuevo,Café,Espresso,2,1797.0,0.0,3595.0,6.7,5.0,0
ORD-02090,2025-01-08,Wednesday,12,Mostrador,Nuevo,Pastelería,Cookie,2,1464.0,0.0,2928.0,9.3,4.4,1
ORD-04062,2025-01-08,Wednesday,12,Takeaway,Frecuente,Café,Flat White,1,2020.0,0.0,2020.0,9.5,4.6,1
ORD-05411,2025-01-08,Wednesday,12,Mostrador,Frecuente,Pastelería,Croissant,1,1630.0,0.0,1630.0,10.3,3.9,0
ORD-02171,2025-01-08,Wednesday,13,Takeaway,Habitual,Bebidas frías,Limonada,2,2916.0,0.0,5832.0,4.6,4.6,0
ORD-03804,2025-01-08,Wednesday,13,Delivery,Nuevo,Café,Cortado,1,1592.0,0.0,1592.0,22.5,4.0,0
ORD-05621,2025-01-08,Wednesday,14,Delivery,Nuevo,Almuerzo,Wrap,3,5437.0,0.0,16311.0,15.9,3.7,0
ORD-00540,2025-01-08,Wednesday,16,Mostrador,Habitual,Café,Latte,1,1564.0,0.0,1564.0,6.5,4.3,0
ORD-03788,2025-01-08,Wednesday,16,Delivery,Nuevo,Pastelería,Croissant,2,1704.0,0.0,3407.0,15.3,4.4,0
ORD-04563,2025-01-08,Wednesday,16,Takeaway,Nuevo,Café,Espresso,1,1861.0,0.0,1861.0,7.8,4.6,0
ORD-00233,2025-01-08,Wednesday,18,Delivery,Nuevo,Desayuno,Avocado toast,1,4398.0,0.0,4398.0,16.2,3.9,1
ORD-00300,2025-01-08,Wednesday,18,Takeaway,Nuevo,Pastelería,Budín,3,1637.0,0.0,4911.0,3.0,4.8,0
ORD-05746,2025-01-08,Wednesday,19,Takeaway,Frecuente,Pastelería,Cookie,3,1865.0,0.0,5596.0,6.2,3.2,1
ORD-01783,2025-01-09,Thursday,8,Mostrador,Nuevo,Café,Latte,1,1928.0,0.0,1928.0,8.9,3.9,0
ORD-03442,2025-01-09,Thursday,8,Delivery,Frecuente,Bebidas frías,Limonada,2,2506.0,0.05,4762.0,24.4,4.3,0
ORD-02261,2025-01-09,Thursday,9,Delivery,Nuevo,Desayuno,Yogur + granola,2,3528.0,0.05,6703.0,23.8,3.7,0
ORD-02712,2025-01-09,Thursday,10,Mostrador,Nuevo,Café,Flat White,1,1662.0,0.0,1662.0,4.2,4.8,0
ORD-03805,2025-01-09,Thursday,10,Delivery,Nuevo,Almuerzo,Ensalada,1,5267.0,0.05,5004.0,19.3,4.2,0
ORD-03947,2025-01-09,Thursday,10,Mostrador,Frecuente,Pastelería,Medialuna,2,1557.0,0.0,3114.0,11.1,4.1,0
ORD-02138,2025-01-09,Thursday,11,Mostrador,Frecuente,Café,Flat White,1,1911.0,0.0,1911.0,6.5,5.0,0
ORD-00369,2025-01-09,Thursday,12,Mostrador,Frecuente,Desayuno,Yogur + granola,3,3658.0,0.0,10975.0,8.7,3.9,0
ORD-00821,2025-01-09,Thursday,13,Mostrador,Frecuente,Bebidas frías,Iced latte,3,3143.0,0.0,9429.0,11.7,4.4,0
ORD-01744,2025-01-09,Thursday,13,Mostrador,Frecuente,Café,Americano,1,1697.0,0.1,1527.0,10.3,4.1,0
ORD-04076,2025-01-09,Thursday,13,Takeaway,Nuevo,Almuerzo,Tostado,1,5471.0,0.05,5198.0,9.1,5.0,0
ORD-01167,2025-01-09,Thursday,14,Mostrador,Habitual,Café,Cortado,2,2062.0,0.0,4125.0,8.5,5.0,1
ORD-03119,2025-01-09,Thursday,14,Mostrador,Nuevo,Bebidas frías,Cold brew,3,2990.0,0.0,8971.0,5.0,5.0,0
ORD-05774,2025-01-09,Thursday,14,Mostrador,Habitual,Bebidas frías,Iced latte,1,2964.0,0.0,2964.0,12.8,4.8,1
ORD-06219,2025-01-09,Thursday,14,Mostrador,Nuevo,Café,Latte,1,1655.0,0.0,1655.0,11.5,4.6,0
ORD-00170,2025-01-09,Thursday,18,Delivery,Frecuente,Café,Espresso,3,1678.0,0.0,5033.0,18.6,4.4,0
ORD-00272,2025-01-09,Thursday,18,Mostrador,Habitual,Café,Flat White,1,1914.0,0.0,1914.0,7.8,4.3,1
ORD-03309,2025-01-09,Thursday,18,Mostrador,Nuevo,Almuerzo,Wrap,2,5334.0,0.0,10669.0,7.2,4.7,0
ORD-04700,2025-01-09,Thursday,19,Takeaway,Habitual,Café,Espresso,1,1779.0,0.0,1779.0,8.7,4.4,0
ORD-01180,2025-01-10,Friday,8,Mostrador,Nuevo,Café,Espresso,3,1787.0,0.0,5362.0,6.8,4.5,1
ORD-02636,2025-01-10,Friday,8,Mostrador,Frecuente,Almuerzo,Tostado,3,5755.0,0.0,17265.0,6.7,4.8,0
ORD-02469,2025-01-10,Friday,9,Delivery,Habitual,Café,Flat White,2,2012.0,0.1,3622.0,23.4,4.0,0
ORD-04913,2025-01-10,Friday,11,Takeaway,Habitual,Pastelería,Croissant,1,1357.0,0.0,1357.0,9.2,4.5,0
ORD-00429,2025-01-10,Friday,12,Mostrador,Frecuente,Bebidas frías,Iced latte,1,2684.0,0.0,2684.0,9.6,4.7,0
ORD-01399,2025-01-10,Friday,12,Mostrador,Habitual,Pastelería,Tostada dulce,3,1693.0,0.1,4571.0,3.9,5.0,0
ORD-05405,2025-01-10,Friday,12,Takeaway,Nuevo,Café,Flat White,2,2021.0,0.0,4042.0,11.2,4.1,0
ORD-06384,2025-01-10,Friday,12,Mostrador,Frecuente,Café,Cortado,1,1748.0,0.05,1660.0,6.0,4.9,0
ORD-04645,2025-01-10,Friday,13,Takeaway,Nuevo,Pastelería,Cookie,2,1850.0,0.0,3701.0,10.3,4.2,1
ORD-05114,2025-01-10,Friday,13,Mostrador,Nuevo,Desayuno,Combo desayuno,2,4303.0,0.05,8176.0,8.9,4.8,0
ORD-05162,2025-01-10,Friday,14,Mostrador,Nuevo,Almuerzo,Bagel,3,5344.0,0.0,16033.0,10.2,4.6,0
ORD-04260,2025-01-10,Friday,15,Takeaway,Frecuente,Café,Latte,2,1784.0,0.0,3568.0,8.8,5.0,0
ORD-06369,2025-01-10,Friday,15,Delivery,Nuevo,Café,Espresso,1,1932.0,0.05,1835.0,14.1,3.9,0
ORD-00454,2025-01-10,Friday,16,Mostrador,Nuevo,Desayuno,Tostadas,3,4173.0,0.0,12518.0,3.0,4.8,0
ORD-02410,2025-01-10,Friday,16,Delivery,Nuevo,Desayuno,Yogur + granola,3,3636.0,0.0,10909.0,15.6,3.2,0
ORD-02329,2025-01-10,Friday,18,Mostrador,Habitual,Bebidas frías,Cold brew,2,3151.0,0.0,6302.0,6.3,4.6,0
ORD-03997,2025-01-10,Friday,18,Delivery,Habitual,Café,Cortado,1,1969.0,0.0,1969.0,18.0,4.7,1
ORD-05529,2025-01-10,Friday,18,Delivery,Frecuente,Almuerzo,Tostado,1,5443.0,0.0,5443.0,21.3,3.8,0
ORD-02223,2025-01-10,Friday,19,Delivery,Frecuente,Almuerzo,Wrap,1,4937.0,0.0,4937.0,14.4,5.0,1
ORD-03486,2025-01-10,Friday,20,Mostrador,Nuevo,Desayuno,Avocado toast,1,4587.0,0.0,4587.0,3.1,4.0,1
ORD-06107,2025-01-10,Friday,20,Takeaway,Habitual,Desayuno,Tostadas,3,4163.0,0.0,12489.0,5.7,4.3,1
ORD-01590,2025-01-11,Saturday,10,Mostrador,Habitual,Almuerzo,Bagel,1,5615.0,0.0,5615.0,8.7,4.8,0
ORD-04715,2025-01-11,Saturday,10,Takeaway,Habitual,Almuerzo,Ensalada,1,4589.0,0.15,3901.0,15.4,4.0,1
ORD-01300,2025-01-11,Saturday,12,Mostrador,Habitual,Café,Latte,1,1471.0,0.0,1471.0,7.4,3.9,0
ORD-00830,2025-01-11,Saturday,13,Mostrador,Habitual,Café,Latte,1,1852.0,0.0,1852.0,7.6,5.0,1
ORD-03537,2025-01-11,Saturday,13,Delivery,Habitual,Pastelería,Cookie,3,1638.0,0.0,4913.0,21.1,3.8,0
ORD-04535,2025-01-11,Saturday,13,Mostrador,Nuevo,Desayuno,Tostadas,3,4325.0,0.0,12974.0,7.5,4.3,0
ORD-05630,2025-01-11,Saturday,14,Delivery,Habitual,Almuerzo,Ensalada,2,4721.0,0.0,9442.0,21.4,3.5,0
ORD-01944,2025-01-11,Saturday,16,Mostrador,Habitual,Pastelería,Tostada dulce,2,1730.0,0.0,3460.0,2.4,5.0,1
ORD-01493,2025-01-11,Saturday,17,Mostrador,Nuevo,Café,Flat White,1,1544.0,0.0,1544.0,4.6,4.7,0
ORD-05429,2025-01-11,Saturday,17,Mostrador,Habitual,Café,Americano,1,1964.0,0.1,1767.0,2.3,4.9,1
ORD-01869,2025-01-12,Sunday,8,Mostrador,Habitual,Pastelería,Budín,1,1492.0,0.05,1418.0,9.0,5.0,0
ORD-02559,2025-01-12,Sunday,8,Takeaway,Nuevo,Almuerzo,Tostado,1,5047.0,0.0,5047.0,12.6,5.0,0
ORD-04244,2025-01-12,Sunday,9,Mostrador,Habitual,Bebidas frías,Iced latte,1,2645.0,0.0,2645.0,6.8,4.8,0
ORD-05120,2025-01-12,Sunday,10,Mostrador,Habitual,Bebidas frías,Licuado,2,2696.0,0.0,5392.0,6.9,5.0,0
ORD-04160,2025-01-12,Sunday,11,Mostrador,Frecuente,Pastelería,Tostada dulce,3,1812.0,0.0,5436.0,9.4,4.0,1
ORD-00787,2025-01-12,Sunday,12,Takeaway,Nuevo,Bebidas frías,Licuado,1,2939.0,0.05,2792.0,11.0,4.3,1
ORD-05396,2025-01-12,Sunday,13,Mostrador,Nuevo,Pastelería,Cookie,2,1186.0,0.15,2016.0,7.4,4.3,1
ORD-02263,2025-01-12,Sunday,14,Delivery,Habitual,Bebidas frías,Cold brew,2,2737.0,0.05,5199.0,22.1,4.1,1
ORD-02951,2025-01-12,Sunday,14,Mostrador,Nuevo,Almuerzo,Tostado,1,4925.0,0.0,4925.0,9.8,3.7,0
ORD-03458,2025-01-12,Sunday,14,Delivery,Nuevo,Almuerzo,Bagel,2,4982.0,0.1,8968.0,25.1,3.5,0
ORD-05210,2025-01-12,Sunday,14,Mostrador,Frecuente,Café,Flat White,1,1779.0,0.0,1779.0,7.7,4.9,1
ORD-00385,2025-01-12,Sunday,15,Mostrador,Frecuente,Desayuno,Yogur + granola,2,3819.0,0.15,6493.0,6.8,4.0,1
ORD-03682,2025-01-12,Sunday,16,Mostrador,Nuevo,Desayuno,Avocado toast,2,3922.0,0.05,7452.0,7.4,4.8,0
ORD-04531,2025-01-12,Sunday,17,Mostrador,Frecuente,Desayuno,Tostadas,1,4588.0,0.0,4588.0,4.4,5.0,0
ORD-01536,2025-01-12,Sunday,18,Mostrador,Habitual,Café,Americano,2,1615.0,0.0,3231.0,2.0,5.0,1
ORD-00138,2025-01-12,Sunday,19,Takeaway,Frecuente,Pastelería,Croissant,1,1311.0,0.0,1311.0,7.0,4.5,0
ORD-04036,2025-01-12,Sunday,19,Takeaway,Habitual,Café,Espresso,1,1931.0,0.05,1834.0,11.3,4.2,0
ORD-04642,2025-01-12,Sunday,19,Mostrador,Nuevo,Café,Latte,2,1785.0,0.0,3569.0,3.6,5.0,1
ORD-02499,2025-01-12,Sunday,20,Mostrador,Habitual,Café,Flat White,1,1794.0,0.0,1794.0,4.5,5.0,0
ORD-02322,2025-01-13,Monday,7,Mostrador,Nuevo,Desayuno,Combo desayuno,1,4324.0,0.0,4324.0,3.8,5.0,0
ORD-00147,2025-01-13,Monday,9,Takeaway,Frecuente,Pastelería,Cookie,2,1619.0,0.0,3239.0,9.6,4.6,0
ORD-05002,2025-01-13,Monday,10,Mostrador,Frecuente,Pastelería,Tostada dulce,1,1391.0,0.15,1183.0,9.0,4.7,0
ORD-04275,2025-01-13,Monday,11,Mostrador,Nuevo,Pastelería,Cookie,2,1489.0,0.05,2829.0,5.6,5.0,0
ORD-04304,2025-01-13,Monday,11,Takeaway,Habitual,Desayuno,Tostadas,1,4152.0,0.0,4152.0,6.6,4.8,1
ORD-05467,2025-01-13,Monday,11,Mostrador,Nuevo,Café,Cortado,1,1725.0,0.1,1553.0,2.0,5.0,1
ORD-05069,2025-01-13,Monday,12,Mostrador,Nuevo,Desayuno,Tostadas,1,3792.0,0.1,3413.0,10.0,5.0,0
ORD-06293,2025-01-13,Monday,13,Mostrador,Nuevo,Desayuno,Tostadas,2,4137.0,0.0,8274.0,9.5,4.4,0
ORD-05500,2025-01-13,Monday,14,Mostrador,Nuevo,Desayuno,Combo desayuno,1,3939.0,0.1,3545.0,6.5,4.4,0
ORD-06445,2025-01-13,Monday,14,Mostrador,Frecuente,Almuerzo,Wrap,1,4690.0,0.05,4456.0,9.0,4.6,1
ORD-01683,2025-01-13,Monday,17,Takeaway,Nuevo,Café,Americano,1,1803.0,0.1,1623.0,10.0,4.6,0
ORD-02866,2025-01-13,Monday,17,Takeaway,Nuevo,Café,Latte,1,1589.0,0.0,1589.0,6.2,5.0,0
ORD-05503,2025-01-13,Monday,17,Delivery,Habitual,Bebidas frías,Iced latte,2,2659.0,0.0,5317.0,17.0,4.3,1
ORD-05838,2025-01-13,Monday,17,Mostrador,Habitual,Café,Espresso,2,1729.0,0.0,3458.0,6.9,4.2,1
ORD-00663,2025-01-13,Monday,18,Mostrador,Frecuente,Pastelería,Budín,1,1581.0,0.0,1581.0,5.2,5.0,1
ORD-04003,2025-01-13,Monday,18,Delivery,Frecuente,Café,Cortado,2,1874.0,0.0,3749.0,17.2,4.0,0
ORD-03320,2025-01-13,Monday,19,Takeaway,Nuevo,Bebidas frías,Licuado,2,2765.0,0.0,5531.0,6.5,4.4,0
ORD-04299,2025-01-14,Tuesday,9,Mostrador,Nuevo,Almuerzo,Tostado,1,5248.0,0.0,5248.0,11.4,5.0,0
ORD-00844,2025-01-14,Tuesday,11,Mostrador,Nuevo,Café,Flat White,3,1626.0,0.0,4878.0,6.6,4.9,0
ORD-00328,2025-01-14,Tuesday,12,Mostrador,Habitual,Café,Espresso,3,1898.0,0.0,5693.0,2.0,4.6,0
ORD-01266,2025-01-14,Tuesday,12,Mostrador,Frecuente,Café,Latte,3,1814.0,0.1,4897.0,9.4,5.0,0
ORD-03633,2025-01-14,Tuesday,13,Mostrador,Nuevo,Café,Espresso,1,1930.0,0.05,1833.0,8.6,4.4,0
ORD-04969,2025-01-14,Tuesday,13,Mostrador,Habitual,Almuerzo,Tostado,2,5353.0,0.05,10171.0,5.4,4.7,0
ORD-05740,2025-01-14,Tuesday,13,Delivery,Frecuente,Café,Latte,1,1810.0,0.0,1810.0,19.6,3.9,0
ORD-01909,2025-01-14,Tuesday,14,Mostrador,Nuevo,Bebidas frías,Limonada,2,2824.0,0.0,5648.0,7.8,4.5,0
ORD-01446,2025-01-14,Tuesday,15,Takeaway,Habitual,Bebidas frías,Licuado,1,2650.0,0.1,2385.0,7.8,4.6,1
ORD-02764,2025-01-14,Tuesday,15,Takeaway,Habitual,Desayuno,Tostadas,3,4058.0,0.0,12173.0,6.2,5.0,0
ORD-03545,2025-01-14,Tuesday,15,Mostrador,Habitual,Almuerzo,Tostado,2,5122.0,0.0,10244.0,7.5,4.5,0
ORD-00117,2025-01-14,Tuesday,16,Mostrador,Nuevo,Pastelería,Medialuna,1,1485.0,0.0,1485.0,6.9,4.2,1
ORD-00970,2025-01-14,Tuesday,16,Mostrador,Nuevo,Pastelería,Croissant,1,1598.0,0.0,1598.0,8.6,5.0,0
ORD-04552,2025-01-14,Tuesday,17,Takeaway,Frecuente,Bebidas frías,Iced latte,1,2876.0,0.0,2876.0,3.6,5.0,1
ORD-03755,2025-01-14,Tuesday,18,Mostrador,Nuevo,Desayuno,Tostadas,1,3755.0,0.0,3755.0,2.0,5.0,0
ORD-04945,2025-01-14,Tuesday,19,Takeaway,Nuevo,Café,Cortado,1,1511.0,0.05,1436.0,4.9,4.8,1
ORD-06359,2025-01-14,Tuesday,20,Delivery,Nuevo,Pastelería,Tostada dulce,1,1528.0,0.0,1528.0,18.7,3.6,0
ORD-04194,2025-01-15,Wednesday,10,Mostrador,Habitual,Desayuno,Combo desayuno,1,4444.0,0.0,4444.0,4.3,4.2,0
ORD-06352,2025-01-15,Wednesday,11,Mostrador,Nuevo,Desayuno,Tostadas,1,3590.0,0.05,3411.0,2.8,5.0,0
ORD-02630,2025-01-15,Wednesday,12,Mostrador,Habitual,Pastelería,Croissant,3,1815.0,0.0,5445.0,9.0,4.2,0
ORD-02728,2025-01-15,Wednesday,12,Mostrador,Nuevo,Bebidas frías,Limonada,3,3191.0,0.05,9095.0,10.1,4.7,1
ORD-02881,2025-01-15,Wednesday,12,Mostrador,Frecuente,Pastelería,Cookie,1,1641.0,0.0,1641.0,7.9,4.9,1
ORD-04592,2025-01-15,Wednesday,12,Mostrador,Habitual,Café,Espresso,2,1762.0,0.0,3523.0,8.5,4.8,0
ORD-01452,2025-01-15,Wednesday,13,Mostrador,Nuevo,Bebidas frías,Limonada,1,2763.0,0.0,2763.0,9.5,4.7,0
ORD-00870,2025-01-15,Wednesday,14,Takeaway,Habitual,Almuerzo,Wrap,3,4818.0,0.0,14453.0,13.8,4.7,0
ORD-01240,2025-01-15,Wednesday,14,Delivery,Nuevo,Almuerzo,Tostado,2,4930.0,0.0,9859.0,25.7,4.4,0
ORD-02038,2025-01-15,Wednesday,14,Mostrador,Nuevo,Almuerzo,Ensalada,2,4606.0,0.0,9212.0,5.9,4.8,0
ORD-04458,2025-01-15,Wednesday,14,Delivery,Nuevo,Café,Cortado,1,1783.0,0.0,1783.0,23.2,3.9,0
ORD-04751,2025-01-15,Wednesday,14,Mostrador,Frecuente,Pastelería,Croissant,1,1410.0,0.0,1410.0,9.1,5.0,0
ORD-02203,2025-01-15,Wednesday,16,Mostrador,Habitual,Desayuno,Combo desayuno,1,4109.0,0.0,4109.0,2.0,4.8,0
ORD-05628,2025-01-15,Wednesday,16,Mostrador,Frecuente,Café,Latte,1,1784.0,0.05,1695.0,2.2,5.0,1
ORD-04236,2025-01-15,Wednesday,17,Mostrador,Habitual,Bebidas frías,Limonada,2,2553.0,0.0,5105.0,2.0,4.7,0
ORD-06279,2025-01-15,Wednesday,17,Takeaway,Habitual,Café,Americano,1,1773.0,0.0,1773.0,8.4,4.6,0
ORD-02772,2025-01-15,Wednesday,18,Mostrador,Nuevo,Pastelería,Budín,1,1656.0,0.15,1407.0,8.8,4.4,0
ORD-03240,2025-01-15,Wednesday,20,Mostrador,Nuevo,Bebidas frías,Iced latte,1,2705.0,0.1,2435.0,4.2,4.8,0
ORD-00056,2025-01-16,Thursday,8,Delivery,Habitual,Almuerzo,Wrap,1,5374.0,0.0,5374.0,23.4,3.9,0
ORD-00562,2025-01-16,Thursday,10,Mostrador,Habitual,Bebidas frías,Licuado,2,2788.0,0.0,5576.0,8.5,5.0,1
ORD-04189,2025-01-16,Thursday,11,Takeaway,Habitual,Pastelería,Tostada dulce,1,1843.0,0.0,1843.0,11.1,5.0,1
ORD-00817,2025-01-16,Thursday,12,Mostrador,Nuevo,Café,Cortado,2,1692.0,0.0,3384.0,5.2,3.4,0
ORD-03880,2025-01-16,Thursday,12,Mostrador,Nuevo,Café,Cortado,1,1512.0,0.0,1512.0,10.5,5.0,0
ORD-04092,2025-01-16,Thursday,12,Takeaway,Frecuente,Almuerzo,Wrap,2,5656.0,0.0,11313.0,11.5,5.0,1
ORD-04596,2025-01-16,Thursday,12,Mostrador,Frecuente,Almuerzo,Ensalada,2,5160.0,0.0,10319.0,12.6,4.2,0
ORD-05134,2025-01-16,Thursday,12,Mostrador,Frecuente,Café,Americano,3,1551.0,0.0,4653.0,8.9,4.8,0
ORD-06268,2025-01-16,Thursday,13,Takeaway,Frecuente,Pastelería,Tostada dulce,2,1448.0,0.05,2750.0,9.7,4.4,0
ORD-00902,2025-01-16,Thursday,14,Mostrador,Nuevo,Café,Flat White,1,1636.0,0.05,1554.0,8.5,5.0,0
ORD-01099,2025-01-16,Thursday,14,Takeaway,Nuevo,Café,Latte,1,1774.0,0.0,1774.0,11.4,3.8,0
ORD-02339,2025-01-16,Thursday,14,Mostrador,Nuevo,Café,Flat White,1,1802.0,0.0,1802.0,9.2,4.8,0
ORD-01871,2025-01-16,Thursday,15,Takeaway,Habitual,Almuerzo,Wrap,1,5273.0,0.05,5010.0,7.4,4.6,0
ORD-01019,2025-01-16,Thursday,17,Takeaway,Habitual,Almuerzo,Wrap,3,5270.0,0.0,15810.0,8.6,4.3,0
ORD-00250,2025-01-16,Thursday,18,Mostrador,Nuevo,Café,Latte,2,1805.0,0.0,3609.0,3.7,5.0,0
ORD-04320,2025-01-16,Thursday,20,Takeaway,Nuevo,Bebidas frías,Limonada,1,2781.0,0.05,2642.0,5.4,4.5,0
ORD-03013,2025-01-17,Friday,8,Mostrador,Nuevo,Desayuno,Yogur + granola,2,3781.0,0.1,6805.0,12.3,5.0,0
ORD-06313,2025-01-17,Friday,8,Takeaway,Nuevo,Pastelería,Tostada dulce,1,1515.0,0.0,1515.0,10.2,4.0,0
ORD-04127,2025-01-17,Friday,9,Mostrador,Nuevo,Bebidas frías,Iced latte,1,2712.0,0.0,2712.0,9.9,4.4,0
ORD-00352,2025-01-17,Friday,10,Takeaway,Nuevo,Café,Latte,1,2007.0,0.0,2007.0,13.8,3.4,0
ORD-02780,2025-01-17,Friday,10,Mostrador,Nuevo,Almuerzo,Bagel,1,5343.0,0.0,5343.0,6.8,4.7,0
ORD-04551,2025-01-17,Friday,11,Delivery,Habitual,Café,Espresso,1,1690.0,0.15,1436.0,15.4,4.6,0
ORD-01806,2025-01-17,Friday,12,Mostrador,Frecuente,Café,Espresso,1,1862.0,0.0,1862.0,10.0,4.9,1
ORD-03852,2025-01-17,Friday,12,Mostrador,Habitual,Bebidas frías,Limonada,1,2605.0,0.1,2345.0,11.6,4.7,1
ORD-00397,2025-01-17,Friday,13,Mostrador,Frecuente,Almuerzo,Bagel,1,4831.0,0.05,4589.0,8.6,3.8,0
ORD-02371,2025-01-17,Friday,13,Mostrador,Frecuente,Café,Americano,2,1730.0,0.0,3459.0,7.5,4.2,0
ORD-03871,2025-01-17,Friday,13,Takeaway,Frecuente,Almuerzo,Bagel,2,5075.0,0.15,8628.0,11.5,4.5,1
ORD-04269,2025-01-17,Friday,13,Mostrador,Habitual,Bebidas frías,Cold brew,1,2418.0,0.0,2418.0,12.6,4.6,0
ORD-05680,2025-01-17,Friday,13,Takeaway,Habitual,Almuerzo,Tostado,2,4499.0,0.0,8998.0,12.2,4.5,1
ORD-03363,2025-01-17,Friday,14,Mostrador,Habitual,Pastelería,Tostada dulce,1,1558.0,0.0,1558.0,2.0,4.4,0
ORD-04776,2025-01-17,Friday,14,Takeaway,Nuevo,Pastelería,Croissant,1,1660.0,0.0,1660.0,10.2,4.6,0
ORD-01110,2025-01-17,Friday,16,Mostrador,Nuevo,Bebidas frías,Limonada,1,3254.0,0.0,3254.0,3.0,5.0,0
ORD-02522,2025-01-17,Friday,18,Mostrador,Frecuente,Pastelería,Tostada dulce,2,1882.0,0.0,3765.0,7.1,5.0,0
ORD-05622,2025-01-17,Friday,18,Mostrador,Nuevo,Bebidas frías,Cold brew,1,2299.0,0.0,2299.0,2.9,5.0,0
ORD-00811,2025-01-17,Friday,20,Mostrador,Nuevo,Bebidas frías,Cold brew,1,2594.0,0.0,2594.0,5.0,5.0,0
ORD-01781,2025-01-18,Saturday,7,Mostrador,Habitual,Café,Espresso,1,1809.0,0.0,1809.0,5.4,4.3,0
ORD-04329,2025-01-18,Saturday,7,Mostrador,Nuevo,Café,Americano,1,1952.0,0.15,1660.0,4.6,4.6,1
ORD-00574,2025-01-18,Saturday,8,Takeaway,Nuevo,Bebidas frías,Licuado,1,2855.0,0.0,2855.0,11.4,4.1,0
ORD-01286,2025-01-18,Saturday,9,Delivery,Habitual,Almuerzo,Bagel,1,5610.0,0.05,5330.0,18.6,4.3,1
ORD-01526,2025-01-18,Saturday,9,Mostrador,Habitual,Café,Flat White,3,2152.0,0.05,6134.0,11.4,4.9,0
ORD-01270,2025-01-18,Saturday,11,Takeaway,Habitual,Almuerzo,Bagel,1,5484.0,0.0,5484.0,8.2,4.0,0
ORD-02884,2025-01-18,Saturday,12,Mostrador,Habitual,Desayuno,Tostadas,2,4185.0,0.1,7534.0,9.9,4.6,0
ORD-04894,2025-01-18,Saturday,12,Takeaway,Nuevo,Pastelería,Cookie,1,1319.0,0.05,1253.0,13.0,4.3,0
ORD-01463,2025-01-18,Saturday,15,Mostrador,Habitual,Bebidas frías,Limonada,1,3171.0,0.05,3013.0,3.6,5.0,0
ORD-01518,2025-01-18,Saturday,15,Takeaway,Frecuente,Desayuno,Avocado toast,2,4297.0,0.0,8594.0,5.1,4.4,0
ORD-04770,2025-01-18,Saturday,15,Takeaway,Nuevo,Café,Espresso,1,1795.0,0.0,1795.0,9.1,4.6,0
ORD-05548,2025-01-18,Saturday,15,Mostrador,Nuevo,Almuerzo,Wrap,1,5254.0,0.0,5254.0,2.0,5.0,0
ORD-05093,2025-01-18,Saturday,16,Mostrador,Nuevo,Bebidas frías,Licuado,1,3151.0,0.1,2836.0,4.2,5.0,1
ORD-04022,2025-01-18,Saturday,19,Mostrador,Nuevo,Almuerzo,Tostado,1,5312.0,0.05,5046.0,7.5,4.3,0
ORD-06192,2025-01-18,Saturday,19,Takeaway,Frecuente,Bebidas frías,Cold brew,1,2899.0,0.0,2899.0,4.6,4.7,1
ORD-02412,2025-01-19,Sunday,7,Takeaway,Habitual,Café,Latte,1,2021.0,0.0,2021.0,7.5,4.7,1
ORD-04724,2025-01-19,Sunday,7,Mostrador,Nuevo,Pastelería,Cookie,1,1677.0,0.05,1594.0,6.9,4.5,0
ORD-02505,2025-01-19,Sunday,9,Mostrador,Nuevo,Café,Espresso,2,1451.0,0.0,2902.0,9.8,4.2,0
ORD-04986,2025-01-19,Sunday,9,Mostrador,Nuevo,Desayuno,Tostadas,1,4403.0,0.0,4403.0,4.5,5.0,0
ORD-01653,2025-01-19,Sunday,11,Mostrador,Habitual,Bebidas frías,Limonada,3,3092.0,0.0,9276.0,7.3,4.5,0
ORD-02278,2025-01-19,Sunday,11,Mostrador,Habitual,Café,Cortado,1,1922.0,0.0,1922.0,6.1,4.9,0
ORD-02972,2025-01-19,Sunday,11,Mostrador,Habitual,Café,Flat White,3,1879.0,0.0,5637.0,2.0,5.0,0
ORD-01453,2025-01-19,Sunday,12,Takeaway,Nuevo,Café,Cortado,1,1923.0,0.0,1923.0,10.1,4.0,0
ORD-01642,2025-01-19,Sunday,12,Mostrador,Nuevo,Pastelería,Tostada dulce,1,1694.0,0.0,1694.0,11.2,3.7,0
ORD-04347,2025-01-19,Sunday,12,Takeaway,Nuevo,Bebidas frías,Licuado,2,2463.0,0.05,4680.0,14.9,3.6,0
ORD-05991,2025-01-19,Sunday,12,Mostrador,Habitual,Pastelería,Medialuna,1,1524.0,0.0,1524.0,6.4,4.5,0
ORD-01976,2025-01-19,Sunday,13,Mostrador,Habitual,Almuerzo,Ensalada,2,4645.0,0.0,9291.0,10.2,4.8,0
ORD-04341,2025-01-19,Sunday,13,Mostrador,Nuevo,Pastelería,Medialuna,1,1683.0,0.1,1515.0,7.6,5.0,0
ORD-00584,2025-01-19,Sunday,14,Mostrador,Habitual,Almuerzo,Ensalada,1,5309.0,0.0,5309.0,3.4,4.6,1
ORD-03617,2025-01-19,Sunday,14,Mostrador,Habitual,Bebidas frías,Cold brew,2,3236.0,0.0,6471.0,11.0,4.1,1
ORD-05219,2025-01-19,Sunday,14,Takeaway,Habitual,Bebidas frías,Cold brew,2,2881.0,0.0,5761.0,8.4,4.9,0
ORD-00848,2025-01-19,Sunday,15,Mostrador,Habitual,Desayuno,Yogur + granola,1,4101.0,0.0,4101.0,2.0,5.0,0
ORD-03464,2025-01-19,Sunday,15,Mostrador,Habitual,Café,Latte,3,1776.0,0.05,5062.0,2.0,4.9,0
ORD-05055,2025-01-19,Sunday,16,Takeaway,Nuevo,Desayuno,Combo desayuno,3,4270.0,0.0,12809.0,3.1,5.0,1
ORD-00699,2025-01-19,Sunday,18,Mostrador,Frecuente,Café,Espresso,1,1880.0,0.0,1880.0,2.0,5.0,0
ORD-01464,2025-01-19,Sunday,19,Mostrador,Nuevo,Pastelería,Tostada dulce,2,1697.0,0.0,3395.0,5.8,4.9,0
ORD-04120,2025-01-19,Sunday,19,Delivery,Nuevo,Pastelería,Medialuna,1,1614.0,0.15,1372.0,17.7,4.5,0
ORD-03338,2025-01-19,Sunday,20,Mostrador,Habitual,Café,Cortado,2,1844.0,0.0,3688.0,5.4,5.0,0
ORD-04952,2025-01-19,Sunday,20,Takeaway,Nuevo,Café,Espresso,1,1928.0,0.0,1928.0,7.0,5.0,0
ORD-05012,2025-01-20,Monday,9,Mostrador,Frecuente,Pastelería,Medialuna,1,1713.0,0.0,1713.0,10.5,4.5,1
ORD-02314,2025-01-20,Monday,10,Takeaway,Habitual,Café,Cortado,2,1624.0,0.05,3086.0,8.1,4.8,0
ORD-05646,2025-01-20,Monday,10,Delivery,Nuevo,Almuerzo,Tostado,3,5386.0,0.0,16159.0,23.0,3.5,0
ORD-06327,2025-01-20,Monday,10,Mostrador,Nuevo,Pastelería,Tostada dulce,2,1582.0,0.0,3164.0,6.8,4.8,0
ORD-01983,2025-01-20,Monday,13,Delivery,Nuevo,Almuerzo,Wrap,3,5079.0,0.05,14475.0,18.7,4.5,0
ORD-00887,2025-01-20,Monday,14,Delivery,Nuevo,Desayuno,Combo desayuno,3,4174.0,0.0,12522.0,20.2,4.0,0
ORD-06205,2025-01-20,Monday,14,Mostrador,Habitual,Café,Espresso,1,1678.0,0.15,1427.0,5.8,4.7,1
ORD-00546,2025-01-20,Monday,15,Takeaway,Nuevo,Desayuno,Yogur + granola,1,4603.0,0.0,4603.0,12.2,3.9,0
ORD-00898,2025-01-20,Monday,16,Takeaway,Habitual,Pastelería,Tostada dulce,1,1328.0,0.0,1328.0,7.3,4.8,0
ORD-02618,2025-01-20,Monday,16,Mostrador,Nuevo,Almuerzo,Ensalada,1,4525.0,0.0,4525.0,4.9,4.6,0
ORD-03781,2025-01-21,Tuesday,7,Takeaway,Habitual,Café,Cortado,1,1948.0,0.0,1948.0,9.0,5.0,0
ORD-04185,2025-01-21,Tuesday,7,Takeaway,Habitual,Pastelería,Medialuna,1,1714.0,0.0,1714.0,8.3,4.9,1
ORD-01026,2025-01-21,Tuesday,8,Mostrador,Nuevo,Desayuno,Avocado toast,1,4286.0,0.0,4286.0,11.1,4.1,1
ORD-01801,2025-01-21,Tuesday,11,Mostrador,Habitual,Bebidas frías,Iced latte,1,2471.0,0.0,2471.0,10.0,4.7,0
ORD-01979,2025-01-21,Tuesday,11,Takeaway,Habitual,Café,Americano,1,1667.0,0.0,1667.0,3.9,4.7,1
ORD-00542,2025-01-21,Tuesday,12,Takeaway,Frecuente,Desayuno,Combo desayuno,1,4441.0,0.0,4441.0,11.1,4.4,0
ORD-03800,2025-01-21,Tuesday,12,Mostrador,Habitual,Desayuno,Combo desayuno,1,3625.0,0.15,3081.0,8.9,4.4,0
ORD-01267,2025-01-21,Tuesday,13,Mostrador,Habitual,Desayuno,Yogur + granola,3,4452.0,0.0,13357.0,8.1,5.0,1
ORD-05475,2025-01-21,Tuesday,14,Mostrador,Nuevo,Café,Flat White,2,1958.0,0.0,3916.0,7.7,4.6,0
ORD-06316,2025-01-21,Tuesday,14,Delivery,Habitual,Café,Latte,3,1897.0,0.0,5690.0,22.3,3.6,0
ORD-02488,2025-01-21,Tuesday,15,Mostrador,Habitual,Almuerzo,Wrap,1,5214.0,0.0,5214.0,6.8,4.7,1
ORD-03452,2025-01-21,Tuesday,15,Mostrador,Habitual,Almuerzo,Wrap,1,5085.0,0.0,5085.0,4.3,4.7,0
ORD-04702,2025-01-21,Tuesday,15,Delivery,Habitual,Bebidas frías,Iced latte,1,2969.0,0.0,2969.0,20.4,3.5,0
ORD-05537,2025-01-21,Tuesday,15,Delivery,Habitual,Café,Cortado,1,1756.0,0.05,1668.0,9.4,4.3,0
ORD-06276,2025-01-21,Tuesday,15,Delivery,Habitual,Desayuno,Yogur + granola,3,4161.0,0.0,12484.0,15.0,4.2,0
ORD-00858,2025-01-21,Tuesday,16,Delivery,Nuevo,Café,Espresso,1,1630.0,0.05,1549.0,15.8,4.3,0
ORD-04855,2025-01-21,Tuesday,16,Delivery,Nuevo,Almuerzo,Wrap,1,4610.0,0.0,4610.0,21.5,4.0,0
ORD-05653,2025-01-21,Tuesday,17,Mostrador,Nuevo,Almuerzo,Wrap,1,4687.0,0.0,4687.0,3.6,5.0,0
ORD-03357,2025-01-21,Tuesday,18,Delivery,Frecuente,Bebidas frías,Iced latte,1,3000.0,0.0,3000.0,20.4,3.9,1
ORD-05017,2025-01-21,Tuesday,19,Mostrador,Frecuente,Almuerzo,Tostado,1,4686.0,0.0,4686.0,6.0,4.0,0
ORD-01021,2025-01-21,Tuesday,20,Mostrador,Nuevo,Café,Flat White,2,1944.0,0.0,3889.0,9.4,4.8,1
ORD-02788,2025-01-22,Wednesday,12,Mostrador,Habitual,Café,Latte,3,1618.0,0.05,4612.0,11.9,4.5,0
ORD-04861,2025-01-22,Wednesday,12,Mostrador,Habitual,Café,Americano,1,1714.0,0.0,1714.0,8.8,3.9,0
ORD-04893,2025-01-22,Wednesday,12,Takeaway,Habitual,Bebidas frías,Iced latte,1,2821.0,0.1,2539.0,14.1,3.8,1
ORD-03509,2025-01-22,Wednesday,13,Mostrador,Nuevo,Almuerzo,Ensalada,1,6023.0,0.0,6023.0,8.4,4.1,1
ORD-04518,2025-01-22,Wednesday,13,Takeaway,Nuevo,Café,Cortado,1,1960.0,0.0,1960.0,10.7,4.4,1
ORD-03113,2025-01-22,Wednesday,14,Mostrador,Habitual,Desayuno,Avocado toast,1,4197.0,0.05,3987.0,6.2,5.0,0
ORD-00150,2025-01-22,Wednesday,15,Delivery,Nuevo,Desayuno,Avocado toast,2,3935.0,0.0,7871.0,17.5,4.4,0
ORD-01615,2025-01-22,Wednesday,15,Takeaway,Nuevo,Bebidas frías,Iced latte,1,2704.0,0.05,2569.0,6.4,4.7,1
ORD-02460,2025-01-22,Wednesday,15,Mostrador,Habitual,Almuerzo,Bagel,1,5201.0,0.15,4421.0,7.6,4.7,0
ORD-02657,2025-01-22,Wednesday,15,Mostrador,Nuevo,Café,Espresso,1,2048.0,0.05,1946.0,6.2,5.0,0
ORD-05257,2025-01-22,Wednesday,15,Mostrador,Nuevo,Pastelería,Cookie,2,1604.0,0.0,3208.0,7.8,4.1,0
ORD-05816,2025-01-22,Wednesday,15,Takeaway,Habitual,Pastelería,Budín,2,1545.0,0.0,3089.0,8.0,5.0,1
ORD-04873,2025-01-22,Wednesday,16,Delivery,Frecuente,Desayuno,Tostadas,1,4200.0,0.0,4200.0,17.0,4.4,0
ORD-06370,2025-01-22,Wednesday,16,Takeaway,Nuevo,Desayuno,Combo desayuno,2,4395.0,0.0,8791.0,6.0,4.7,0
ORD-03189,2025-01-22,Wednesday,18,Takeaway,Nuevo,Café,Cortado,1,1692.0,0.0,1692.0,6.4,4.4,0
ORD-06211,2025-01-22,Wednesday,18,Takeaway,Frecuente,Desayuno,Tostadas,3,4040.0,0.0,12121.0,7.4,5.0,0
ORD-01136,2025-01-22,Wednesday,19,Mostrador,Frecuente,Café,Flat White,3,1793.0,0.0,5378.0,2.0,4.5,0
ORD-03184,2025-01-22,Wednesday,19,Takeaway,Nuevo,Café,Americano,2,1632.0,0.0,3264.0,8.0,4.5,0
ORD-04388,2025-01-22,Wednesday,19,Delivery,Frecuente,Café,Americano,1,1604.0,0.0,1604.0,17.3,3.4,0
ORD-05850,2025-01-22,Wednesday,20,Takeaway,Habitual,Café,Latte,1,1737.0,0.0,1737.0,2.7,5.0,0
ORD-03501,2025-01-23,Thursday,7,Takeaway,Habitual,Café,Latte,1,1713.0,0.1,1542.0,11.8,4.3,0
ORD-02002,2025-01-23,Thursday,8,Mostrador,Habitual,Café,Espresso,1,1814.0,0.0,1814.0,10.5,5.0,1
ORD-05385,2025-01-23,Thursday,9,Mostrador,Frecuente,Café,Flat White,2,1861.0,0.0,3723.0,9.3,5.0,0
ORD-01470,2025-01-23,Thursday,10,Takeaway,Habitual,Pastelería,Budín,2,1724.0,0.0,3448.0,12.1,4.9,1
ORD-01889,2025-01-23,Thursday,11,Delivery,Habitual,Pastelería,Tostada dulce,1,1691.0,0.0,1691.0,16.2,4.3,0
ORD-02525,2025-01-23,Thursday,11,Takeaway,Frecuente,Desayuno,Combo desayuno,3,4471.0,0.05,12742.0,9.9,4.8,0
ORD-04484,2025-01-23,Thursday,11,Mostrador,Habitual,Almuerzo,Wrap,1,4828.0,0.0,4828.0,7.8,4.4,0
ORD-05606,2025-01-23,Thursday,11,Mostrador,Habitual,Almuerzo,Wrap,1,5512.0,0.0,5512.0,3.8,4.7,1
ORD-02982,2025-01-23,Thursday,14,Mostrador,Nuevo,Almuerzo,Bagel,2,4671.0,0.0,9342.0,10.9,4.2,0
ORD-03919,2025-01-23,Thursday,14,Takeaway,Habitual,Desayuno,Tostadas,1,4686.0,0.0,4686.0,10.5,4.8,0
ORD-00619,2025-01-23,Thursday,15,Mostrador,Habitual,Café,Cortado,1,1789.0,0.0,1789.0,2.7,4.8,1
ORD-01351,2025-01-23,Thursday,15,Delivery,Frecuente,Desayuno,Tostadas,2,4448.0,0.0,8897.0,18.7,4.0,0
ORD-02373,2025-01-23,Thursday,15,Mostrador,Nuevo,Café,Americano,1,1958.0,0.0,1958.0,8.7,4.6,0
ORD-03533,2025-01-23,Thursday,15,Delivery,Frecuente,Café,Flat White,2,1732.0,0.05,3290.0,20.4,3.9,1
ORD-01411,2025-01-23,Thursday,16,Mostrador,Habitual,Pastelería,Medialuna,2,1440.0,0.05,2735.0,5.3,5.0,0
ORD-05974,2025-01-23,Thursday,16,Takeaway,Nuevo,Café,Flat White,2,1722.0,0.0,3445.0,9.4,4.0,0
ORD-06416,2025-01-23,Thursday,16,Mostrador,Frecuente,Bebidas frías,Iced latte,1,2945.0,0.0,2945.0,3.8,4.2,1
ORD-04737,2025-01-23,Thursday,19,Mostrador,Nuevo,Almuerzo,Tostado,1,5028.0,0.0,5028.0,10.3,4.6,0
ORD-06249,2025-01-23,Thursday,20,Takeaway,Habitual,Desayuno,Tostadas,1,4799.0,0.0,4799.0,4.1,4.9,1
ORD-02129,2025-01-24,Friday,11,Mostrador,Nuevo,Bebidas frías,Cold brew,2,2930.0,0.0,5861.0,4.3,5.0,1
ORD-02804,2025-01-24,Friday,11,Mostrador,Habitual,Almuerzo,Tostado,1,5146.0,0.0,5146.0,3.3,4.4,1
ORD-02888,2025-01-24,Friday,11,Takeaway,Frecuente,Almuerzo,Bagel,3,5616.0,0.0,16847.0,12.7,4.7,0
ORD-06139,2025-01-24,Friday,11,Delivery,Nuevo,Café,Americano,1,1912.0,0.05,1816.0,16.2,4.5,1
ORD-06288,2025-01-24,Friday,11,Mostrador,Nuevo,Café,Espresso,1,1730.0,0.0,1730.0,2.0,4.0,0
ORD-01456,2025-01-24,Friday,12,Mostrador,Frecuente,Pastelería,Cookie,1,1771.0,0.0,1771.0,11.3,4.1,1
ORD-03798,2025-01-24,Friday,12,Mostrador,Nuevo,Café,Flat White,2,1806.0,0.05,3432.0,7.1,4.2,0
ORD-00036,2025-01-24,Friday,15,Takeaway,Habitual,Desayuno,Combo desayuno,1,4438.0,0.1,3994.0,5.4,4.5,0
ORD-06064,2025-01-24,Friday,15,Delivery,Nuevo,Almuerzo,Tostado,1,5242.0,0.0,5242.0,16.0,5.0,0
ORD-02331,2025-01-24,Friday,16,Delivery,Habitual,Café,Cortado,2,1656.0,0.0,3313.0,18.9,4.5,0
ORD-05696,2025-01-24,Friday,16,Mostrador,Habitual,Almuerzo,Bagel,3,4483.0,0.05,12775.0,3.1,5.0,0
ORD-06331,2025-01-24,Friday,16,Mostrador,Habitual,Café,Americano,1,1826.0,0.0,1826.0,4.0,4.3,1
ORD-00279,2025-01-24,Friday,18,Delivery,Habitual,Café,Latte,1,1983.0,0.05,1884.0,17.0,3.6,0
ORD-02711,2025-01-25,Saturday,7,Takeaway,Nuevo,Café,Latte,1,1978.0,0.0,1978.0,5.0,4.3,0
ORD-03561,2025-01-25,Saturday,10,Mostrador,Habitual,Pastelería,Budín,1,1638.0,0.0,1638.0,12.7,4.0,1
ORD-04644,2025-01-25,Saturday,10,Delivery,Nuevo,Almuerzo,Ensalada,1,4879.0,0.15,4148.0,21.1,3.3,0
ORD-04838,2025-01-25,Saturday,10,Mostrador,Nuevo,Café,Latte,2,1948.0,0.0,3896.0,5.1,5.0,0
ORD-05970,2025-01-25,Saturday,10,Takeaway,Nuevo,Pastelería,Cookie,2,1636.0,0.0,3272.0,8.5,4.1,0
ORD-00518,2025-01-25,Saturday,12,Mostrador,Nuevo,Almuerzo,Wrap,3,5145.0,0.0,15436.0,6.8,4.1,0
ORD-01362,2025-01-25,Saturday,12,Mostrador,Nuevo,Desayuno,Combo desayuno,3,4138.0,0.0,12414.0,11.9,4.6,0
ORD-05309,2025-01-25,Saturday,12,Delivery,Nuevo,Desayuno,Tostadas,1,4286.0,0.0,4286.0,24.5,4.4,0
ORD-05359,2025-01-25,Saturday,12,Mostrador,Habitual,Pastelería,Tostada dulce,3,1489.0,0.05,4244.0,10.4,4.6,0
ORD-02312,2025-01-25,Saturday,13,Takeaway,Frecuente,Almuerzo,Tostado,3,5260.0,0.0,15781.0,14.6,4.8,0
ORD-04692,2025-01-25,Saturday,13,Takeaway,Nuevo,Desayuno,Combo desayuno,1,4164.0,0.0,4164.0,9.7,5.0,0
ORD-00045,2025-01-25,Saturday,14,Mostrador,Habitual,Pastelería,Tostada dulce,2,1678.0,0.1,3021.0,6.5,4.9,0
ORD-04456,2025-01-25,Saturday,14,Mostrador,Frecuente,Almuerzo,Tostado,1,5578.0,0.05,5299.0,8.8,4.6,0
ORD-01769,2025-01-25,Saturday,15,Mostrador,Nuevo,Desayuno,Tostadas,2,4509.0,0.05,8566.0,4.4,5.0,0
ORD-02964,2025-01-25,Saturday,15,Mostrador,Nuevo,Pastelería,Budín,2,1701.0,0.05,3231.0,6.9,4.5,0
ORD-05301,2025-01-25,Saturday,15,Takeaway,Habitual,Café,Espresso,2,1798.0,0.0,3596.0,8.3,5.0,1
ORD-06295,2025-01-25,Saturday,15,Takeaway,Frecuente,Café,Cortado,2,1695.0,0.0,3391.0,2.0,5.0,1
ORD-03917,2025-01-25,Saturday,16,Mostrador,Habitual,Café,Espresso,2,1748.0,0.1,3147.0,2.0,5.0,1
ORD-04394,2025-01-25,Saturday,16,Takeaway,Nuevo,Desayuno,Tostadas,1,4734.0,0.0,4734.0,6.3,4.4,0
ORD-00387,2025-01-25,Saturday,17,Takeaway,Nuevo,Bebidas frías,Cold brew,1,2627.0,0.0,2627.0,7.0,4.3,0
ORD-04277,2025-01-25,Saturday,17,Mostrador,Frecuente,Almuerzo,Wrap,2,4411.0,0.15,7498.0,2.0,5.0,1
ORD-06335,2025-01-25,Saturday,17,Takeaway,Habitual,Café,Americano,3,1850.0,0.15,4718.0,4.1,4.6,0
ORD-01035,2025-01-25,Saturday,18,Delivery,Habitual,Bebidas frías,Cold brew,1,2763.0,0.05,2625.0,16.0,5.0,1
ORD-02440,2025-01-25,Saturday,18,Mostrador,Habitual,Café,Latte,2,1909.0,0.0,3817.0,7.1,4.4,0
ORD-04291,2025-01-25,Saturday,19,Mostrador,Habitual,Café,Flat White,1,1752.0,0.0,1752.0,2.0,5.0,0
ORD-02232,2025-01-26,Sunday,7,Mostrador,Nuevo,Pastelería,Croissant,1,1515.0,0.1,1363.0,5.4,4.5,0
ORD-04684,2025-01-26,Sunday,10,Delivery,Nuevo,Bebidas frías,Limonada,2,2733.0,0.0,5467.0,25.4,3.2,0
ORD-03155,2025-01-26,Sunday,11,Mostrador,Nuevo,Desayuno,Tostadas,2,4036.0,0.0,8072.0,4.0,4.3,0
ORD-03411,2025-01-26,Sunday,12,Mostrador,Nuevo,Pastelería,Medialuna,2,1558.0,0.0,3117.0,8.5,5.0,0
ORD-04399,2025-01-26,Sunday,12,Takeaway,Habitual,Desayuno,Yogur + granola,2,4254.0,0.0,8509.0,8.7,4.1,0
ORD-00899,2025-01-26,Sunday,13,Mostrador,Habitual,Café,Espresso,2,1785.0,0.0,3569.0,8.7,4.6,1
ORD-02591,2025-01-26,Sunday,13,Mostrador,Habitual,Almuerzo,Bagel,1,5357.0,0.0,5357.0,7.7,4.7,0
ORD-02705,2025-01-26,Sunday,13,Mostrador,Habitual,Desayuno,Avocado toast,3,4378.0,0.05,12476.0,7.1,4.7,0
ORD-05336,2025-01-26,Sunday,13,Takeaway,Nuevo,Pastelería,Budín,1,1651.0,0.0,1651.0,10.7,4.8,0
ORD-06009,2025-01-26,Sunday,13,Takeaway,Nuevo,Café,Espresso,1,1596.0,0.0,1596.0,13.7,3.6,0
ORD-02795,2025-01-26,Sunday,14,Mostrador,Habitual,Café,Latte,2,1656.0,0.0,3312.0,11.6,4.2,0
ORD-06131,2025-01-26,Sunday,14,Mostrador,Frecuente,Pastelería,Budín,1,1568.0,0.0,1568.0,6.6,4.7,1
ORD-03070,2025-01-26,Sunday,15,Mostrador,Nuevo,Café,Americano,2,1770.0,0.0,3541.0,4.5,5.0,0
ORD-06314,2025-01-26,Sunday,15,Mostrador,Nuevo,Café,Americano,1,1685.0,0.0,1685.0,7.4,4.9,1
ORD-04680,2025-01-26,Sunday,16,Takeaway,Nuevo,Café,Latte,1,1614.0,0.0,1614.0,3.2,4.3,0
ORD-04854,2025-01-26,Sunday,16,Delivery,Habitual,Café,Flat White,2,1871.0,0.0,3742.0,13.4,4.2,0
ORD-06145,2025-01-26,Sunday,16,Takeaway,Nuevo,Almuerzo,Ensalada,1,5370.0,0.05,5102.0,6.2,5.0,1
ORD-06287,2025-01-26,Sunday,18,Mostrador,Habitual,Almuerzo,Tostado,3,5383.0,0.0,16148.0,5.5,4.8,0
ORD-01834,2025-01-27,Monday,8,Mostrador,Habitual,Almuerzo,Wrap,1,5734.0,0.0,5734.0,3.0,4.8,0
ORD-04593,2025-01-27,Monday,9,Mostrador,Habitual,Café,Cortado,3,1935.0,0.0,5805.0,11.2,4.3,1
ORD-01953,2025-01-27,Monday,10,Mostrador,Nuevo,Café,Americano,2,1615.0,0.0,3231.0,7.5,4.7,0
ORD-05530,2025-01-27,Monday,11,Delivery,Frecuente,Pastelería,Medialuna,1,1762.0,0.0,1762.0,14.4,4.6,1
ORD-03277,2025-01-27,Monday,12,Mostrador,Habitual,Café,Latte,1,1673.0,0.05,1590.0,9.1,4.3,0
ORD-02025,2025-01-27,Monday,13,Mostrador,Nuevo,Café,Espresso,1,1775.0,0.0,1775.0,10.0,4.2,1
ORD-03532,2025-01-27,Monday,13,Mostrador,Nuevo,Almuerzo,Ensalada,2,5321.0,0.05,10111.0,10.6,5.0,0
ORD-00659,2025-01-27,Monday,14,Takeaway,Habitual,Pastelería,Cookie,2,1691.0,0.0,3381.0,9.7,4.7,1
ORD-01022,2025-01-27,Monday,14,Mostrador,Frecuente,Pastelería,Tostada dulce,2,1482.0,0.0,2965.0,7.4,4.8,1
ORD-03335,2025-01-27,Monday,14,Mostrador,Nuevo,Café,Flat White,1,1665.0,0.0,1665.0,8.3,3.4,0
ORD-03652,2025-01-27,Monday,14,Mostrador,Habitual,Pastelería,Medialuna,1,1661.0,0.05,1578.0,12.5,4.9,1
ORD-04231,2025-01-27,Monday,14,Takeaway,Habitual,Pastelería,Cookie,1,1633.0,0.1,1470.0,11.2,4.6,0
ORD-06277,2025-01-27,Monday,14,Takeaway,Frecuente,Almuerzo,Ensalada,1,5059.0,0.1,4553.0,8.2,4.3,0
ORD-03988,2025-01-27,Monday,15,Mostrador,Nuevo,Bebidas frías,Iced latte,3,2804.0,0.0,8411.0,3.7,4.4,0
ORD-04780,2025-01-27,Monday,15,Mostrador,Habitual,Almuerzo,Bagel,1,6508.0,0.1,5858.0,3.9,4.8,1
ORD-03816,2025-01-27,Monday,17,Takeaway,Habitual,Desayuno,Combo desayuno,1,4300.0,0.05,4085.0,2.9,5.0,0
ORD-05423,2025-01-27,Monday,20,Mostrador,Frecuente,Café,Espresso,1,1777.0,0.0,1777.0,2.3,4.3,1
ORD-01055,2025-01-28,Tuesday,7,Mostrador,Nuevo,Bebidas frías,Limonada,3,2843.0,0.0,8529.0,3.7,5.0,0
ORD-05697,2025-01-28,Tuesday,8,Mostrador,Habitual,Bebidas frías,Iced latte,1,2840.0,0.05,2698.0,3.5,5.0,1
ORD-00069,2025-01-28,Tuesday,9,Mostrador,Nuevo,Pastelería,Tostada dulce,2,1500.0,0.05,2851.0,9.9,4.9,0
ORD-06439,2025-01-28,Tuesday,9,Delivery,Frecuente,Café,Latte,2,1940.0,0.0,3880.0,21.2,3.8,0
ORD-01215,2025-01-28,Tuesday,10,Mostrador,Habitual,Desayuno,Combo desayuno,1,4655.0,0.0,4655.0,9.3,4.8,0
ORD-03614,2025-01-28,Tuesday,12,Delivery,Nuevo,Bebidas frías,Limonada,2,2820.0,0.0,5641.0,20.0,3.8,0
ORD-03932,2025-01-28,Tuesday,13,Mostrador,Frecuente,Almuerzo,Wrap,1,4548.0,0.0,4548.0,8.9,4.7,0
ORD-03536,2025-01-28,Tuesday,14,Takeaway,Nuevo,Pastelería,Croissant,2,1531.0,0.0,3061.0,9.0,4.4,1
ORD-06338,2025-01-28,Tuesday,14,Mostrador,Nuevo,Desayuno,Combo desayuno,2,3594.0,0.0,7188.0,8.6,4.3,0
ORD-01253,2025-01-28,Tuesday,15,Delivery,Nuevo,Café,Americano,2,1647.0,0.1,2964.0,18.9,3.7,0
ORD-05584,2025-01-28,Tuesday,15,Mostrador,Nuevo,Café,Cortado,2,1677.0,0.0,3354.0,3.5,4.4,0
ORD-02669,2025-01-28,Tuesday,18,Takeaway,Frecuente,Café,Cortado,1,1692.0,0.0,1692.0,14.4,4.9,1
ORD-04697,2025-01-28,Tuesday,19,Takeaway,Nuevo,Pastelería,Tostada dulce,1,1736.0,0.0,1736.0,5.3,5.0,0
ORD-01911,2025-01-28,Tuesday,20,Takeaway,Nuevo,Almuerzo,Ensalada,1,5243.0,0.1,4719.0,12.9,4.5,0
ORD-00127,2025-01-29,Wednesday,7,Takeaway,Habitual,Café,Cortado,2,1579.0,0.0,3159.0,9.6,4.1,0
ORD-01588,2025-01-29,Wednesday,7,Mostrador,Habitual,Pastelería,Tostada dulce,1,1631.0,0.05,1549.0,5.6,4.7,0
ORD-04624,2025-01-29,Wednesday,9,Mostrador,Habitual,Café,Espresso,2,2026.0,0.0,4053.0,8.6,4.3,0
ORD-06329,2025-01-29,Wednesday,10,Mostrador,Nuevo,Café,Cortado,1,2092.0,0.1,1883.0,12.2,4.0,0
ORD-01027,2025-01-29,Wednesday,13,Delivery,Habitual,Bebidas frías,Iced latte,2,2397.0,0.0,4795.0,16.7,3.4,0
ORD-03916,2025-01-29,Wednesday,13,Mostrador,Nuevo,Almuerzo,Ensalada,1,4845.0,0.0,4845.0,8.7,4.4,0
ORD-04105,2025-01-29,Wednesday,14,Mostrador,Nuevo,Café,Latte,2,1754.0,0.0,3509.0,5.8,5.0,0
ORD-00217,2025-01-29,Wednesday,15,Mostrador,Habitual,Almuerzo,Tostado,1,5395.0,0.0,5395.0,2.0,4.4,0
ORD-01571,2025-01-29,Wednesday,16,Mostrador,Nuevo,Desayuno,Yogur + granola,2,4260.0,0.0,8521.0,4.4,5.0,1
ORD-03580,2025-01-29,Wednesday,16,Mostrador,Habitual,Bebidas frías,Iced latte,1,2575.0,0.0,2575.0,10.2,4.2,0
ORD-05166,2025-01-29,Wednesday,17,Mostrador,Nuevo,Desayuno,Combo desayuno,1,4121.0,0.05,3915.0,9.4,4.7,0
ORD-02479,2025-01-29,Wednesday,19,Delivery,Habitual,Pastelería,Croissant,1,1735.0,0.0,1735.0,16.7,3.8,0
ORD-02856,2025-01-29,Wednesday,20,Takeaway,Habitual,Café,Cortado,1,2028.0,0.0,2028.0,5.3,4.2,1
ORD-03759,2025-01-30,Thursday,7,Mostrador,Habitual,Almuerzo,Wrap,1,4960.0,0.05,4712.0,8.4,4.4,0
ORD-04648,2025-01-30,Thursday,9,Mostrador,Nuevo,Desayuno,Yogur + granola,2,4072.0,0.1,7329.0,5.4,4.2,0
ORD-02752,2025-01-30,Thursday,10,Mostrador,Habitual,Bebidas frías,Cold brew,1,3028.0,0.05,2877.0,6.4,4.4,1
ORD-05508,2025-01-30,Thursday,10,Mostrador,Nuevo,Pastelería,Tostada dulce,1,1634.0,0.0,1634.0,2.2,4.0,0
ORD-05591,2025-01-30,Thursday,11,Mostrador,Habitual,Almuerzo,Wrap,1,4996.0,0.0,4996.0,2.0,5.0,0
ORD-05139,2025-01-30,Thursday,13,Delivery,Frecuente,Almuerzo,Ensalada,1,4607.0,0.05,4377.0,23.4,3.9,1
ORD-01851,2025-01-30,Thursday,14,Takeaway,Habitual,Pastelería,Tostada dulce,2,1646.0,0.05,3128.0,10.9,5.0,0
ORD-00439,2025-01-30,Thursday,15,Mostrador,Nuevo,Pastelería,Croissant,1,1305.0,0.05,1240.0,3.3,5.0,0
ORD-03134,2025-01-30,Thursday,16,Delivery,Nuevo,Almuerzo,Bagel,2,4798.0,0.0,9597.0,19.2,4.3,0
ORD-04537,2025-01-30,Thursday,16,Mostrador,Nuevo,Café,Cortado,1,1813.0,0.0,1813.0,4.1,5.0,0
ORD-06372,2025-01-30,Thursday,16,Delivery,Frecuente,Café,Latte,1,1965.0,0.0,1965.0,16.8,4.0,0
ORD-06018,2025-01-30,Thursday,18,Delivery,Nuevo,Café,Americano,2,1858.0,0.15,3158.0,15.6,4.6,0
ORD-01096,2025-01-30,Thursday,19,Delivery,Frecuente,Café,Latte,2,1857.0,0.0,3714.0,18.1,3.9,1
ORD-01328,2025-01-31,Friday,9,Mostrador,Habitual,Café,Latte,2,1623.0,0.0,3245.0,9.9,4.7,0
ORD-01122,2025-01-31,Friday,10,Mostrador,Habitual,Pastelería,Medialuna,3,1534.0,0.0,4602.0,9.5,4.7,0
ORD-03887,2025-01-31,Friday,10,Mostrador,Nuevo,Café,Flat White,1,1950.0,0.0,1950.0,8.5,4.9,0
ORD-06194,2025-01-31,Friday,12,Takeaway,Nuevo,Almuerzo,Ensalada,1,5507.0,0.0,5507.0,12.8,3.4,1
ORD-01256,2025-01-31,Friday,13,Mostrador,Nuevo,Desayuno,Avocado toast,1,4561.0,0.0,4561.0,9.8,4.8,0
ORD-06010,2025-01-31,Friday,13,Mostrador,Nuevo,Café,Cortado,3,1624.0,0.0,4873.0,10.3,4.0,0
ORD-00280,2025-01-31,Friday,14,Takeaway,Frecuente,Café,Latte,2,1687.0,0.15,2868.0,10.3,4.4,0
ORD-02635,2025-01-31,Friday,14,Mostrador,Nuevo,Pastelería,Croissant,1,1367.0,0.0,1367.0,11.2,5.0,0
ORD-05262,2025-01-31,Friday,14,Mostrador,Frecuente,Desayuno,Combo desayuno,1,4243.0,0.0,4243.0,9.3,4.3,1
ORD-03639,2025-01-31,Friday,15,Mostrador,Nuevo,Café,Latte,1,2084.0,0.0,2084.0,4.4,4.5,1
ORD-00431,2025-01-31,Friday,16,Delivery,Habitual,Café,Flat White,2,1754.0,0.05,3333.0,17.8,4.2,1
ORD-00246,2025-01-31,Friday,17,Mostrador,Nuevo,Café,Espresso,3,1819.0,0.0,5458.0,4.0,4.5,0
ORD-00678,2025-01-31,Friday,17,Takeaway,Nuevo,Café,Cortado,1,1714.0,0.0,1714.0,10.2,4.6,1
ORD-04577,2025-01-31,Friday,17,Mostrador,Habitual,Almuerzo,Ensalada,1,4784.0,0.0,4784.0,5.9,4.4,0
ORD-01361,2025-01-31,Friday,18,Mostrador,Nuevo,Café,Espresso,1,1805.0,0.0,1805.0,4.0,4.7,1
ORD-00007,2025-02-01,Saturday,9,Takeaway,Nuevo,Desayuno,Combo desayuno,2,3588.0,0.05,6817.0,10.9,4.4,1
ORD-02366,2025-02-01,Saturday,11,Mostrador,Habitual,Café,Cortado,2,1818.0,0.05,3454.0,2.3,5.0,0
ORD-00196,2025-02-01,Saturday,12,Mostrador,Nuevo,Desayuno,Yogur + granola,1,4229.0,0.05,4018.0,10.1,4.5,1
ORD-03281,2025-02-01,Saturday,12,Mostrador,Frecuente,Café,Latte,2,1892.0,0.0,3783.0,7.7,4.8,1
ORD-05229,2025-02-01,Saturday,12,Delivery,Nuevo,Bebidas frías,Licuado,3,2883.0,0.0,8649.0,18.8,4.8,1
ORD-06413,2025-02-01,Saturday,12,Takeaway,Habitual,Almuerzo,Bagel,1,5138.0,0.1,4624.0,11.4,4.3,0
ORD-02865,2025-02-01,Saturday,13,Mostrador,Nuevo,Café,Espresso,3,1681.0,0.1,4540.0,8.4,5.0,0
ORD-03620,2025-02-01,Saturday,14,Takeaway,Frecuente,Desayuno,Avocado toast,1,4504.0,0.05,4278.0,7.0,5.0,1
ORD-06157,2025-02-01,Saturday,14,Mostrador,Habitual,Almuerzo,Ensalada,1,5287.0,0.0,5287.0,12.6,4.3,1
ORD-02317,2025-02-01,Saturday,15,Mostrador,Nuevo,Desayuno,Combo desayuno,1,4442.0,0.05,4220.0,6.5,5.0,1
ORD-05367,2025-02-01,Saturday,15,Mostrador,Habitual,Café,Latte,2,1836.0,0.1,3305.0,4.8,4.7,1
ORD-00881,2025-02-01,Saturday,16,Mostrador,Frecuente,Bebidas frías,Licuado,2,3417.0,0.0,6835.0,6.7,4.1,1
ORD-02529,2025-02-01,Saturday,16,Mostrador,Habitual,Café,Latte,1,1516.0,0.05,1440.0,2.5,4.7,0
ORD-03321,2025-02-01,Saturday,16,Takeaway,Habitual,Bebidas frías,Limonada,2,3009.0,0.0,6017.0,7.1,4.0,0
ORD-03543,2025-02-01,Saturday,16,Takeaway,Nuevo,Bebidas frías,Licuado,1,2927.0,0.0,2927.0,7.3,5.0,0
ORD-00753,2025-02-01,Saturday,18,Mostrador,Habitual,Café,Cortado,1,1583.0,0.1,1425.0,5.2,4.9,1
ORD-05179,2025-02-01,Saturday,20,Mostrador,Frecuente,Bebidas frías,Cold brew,3,3108.0,0.0,9325.0,7.2,4.2,1
ORD-05876,2025-02-01,Saturday,20,Mostrador,Nuevo,Café,Espresso,2,1463.0,0.0,2926.0,6.1,4.5,0
ORD-00695,2025-02-02,Sunday,10,Mostrador,Habitual,Bebidas frías,Iced latte,2,2972.0,0.0,5944.0,8.5,4.9,1
ORD-00728,2025-02-02,Sunday,10,Mostrador,Nuevo,Almuerzo,Ensalada,1,6107.0,0.0,6107.0,5.7,5.0,0
ORD-05792,2025-02-02,Sunday,10,Mostrador,Habitual,Café,Flat White,1,1647.0,0.1,1482.0,9.7,3.9,1
ORD-03982,2025-02-02,Sunday,11,Mostrador,Frecuente,Almuerzo,Wrap,1,5575.0,0.1,5018.0,2.0,5.0,0
ORD-00172,2025-02-02,Sunday,12,Mostrador,Nuevo,Almuerzo,Ensalada,1,5747.0,0.0,5747.0,7.0,4.2,0
ORD-01531,2025-02-02,Sunday,12,Mostrador,Habitual,Café,Cortado,1,1509.0,0.0,1509.0,8.5,3.7,0
ORD-01543,2025-02-02,Sunday,12,Mostrador,Nuevo,Café,Latte,3,1572.0,0.1,4245.0,10.0,4.5,0
ORD-04698,2025-02-02,Sunday,13,Takeaway,Nuevo,Almuerzo,Ensalada,1,5476.0,0.05,5202.0,11.0,4.3,0
ORD-05194,2025-02-02,Sunday,13,Mostrador,Nuevo,Almuerzo,Tostado,1,5626.0,0.0,5626.0,11.3,5.0,0
ORD-03248,2025-02-02,Sunday,14,Mostrador,Habitual,Almuerzo,Tostado,1,5340.0,0.0,5340.0,6.1,4.0,0
ORD-03528,2025-02-02,Sunday,14,Delivery,Habitual,Café,Cortado,2,1733.0,0.0,3466.0,29.4,3.2,0
ORD-01721,2025-02-02,Sunday,15,Mostrador,Habitual,Almuerzo,Ensalada,2,4763.0,0.0,9526.0,3.2,5.0,0
ORD-01809,2025-02-02,Sunday,15,Takeaway,Nuevo,Bebidas frías,Cold brew,1,2761.0,0.1,2485.0,9.6,4.3,0
ORD-01931,2025-02-02,Sunday,15,Mostrador,Frecuente,Pastelería,Cookie,1,1664.0,0.0,1664.0,6.1,4.6,1
ORD-03535,2025-02-02,Sunday,15,Delivery,Habitual,Café,Americano,1,2116.0,0.1,1905.0,22.4,3.5,0
ORD-04432,2025-02-02,Sunday,15,Takeaway,Habitual,Almuerzo,Wrap,1,5995.0,0.0,5995.0,11.4,4.8,1
ORD-05535,2025-02-02,Sunday,16,Mostrador,Frecuente,Almuerzo,Tostado,3,4431.0,0.0,13292.0,4.0,4.7,1
ORD-02854,2025-02-02,Sunday,18,Mostrador,Nuevo,Desayuno,Tostadas,1,3560.0,0.0,3560.0,4.7,4.9,0
ORD-04258,2025-02-02,Sunday,18,Delivery,Nuevo,Pastelería,Tostada dulce,1,1653.0,0.0,1653.0,23.4,3.3,0
ORD-04926,2025-02-02,Sunday,18,Mostrador,Frecuente,Bebidas frías,Cold brew,1,2575.0,0.0,2575.0,3.7,4.6,0
ORD-00001,2025-02-02,Sunday,20,Delivery,Nuevo,Café,Flat White,1,1894.0,0.0,1894.0,22.7,3.2,1
ORD-04101,2025-02-03,Monday,8,Mostrador,Nuevo,Almuerzo,Wrap,1,4949.0,0.1,4454.0,12.1,4.5,0
ORD-06036,2025-02-03,Monday,9,Mostrador,Habitual,Pastelería,Cookie,3,1639.0,0.1,4424.0,7.5,4.2,1
ORD-00359,2025-02-03,Monday,11,Delivery,Frecuente,Café,Espresso,3,1650.0,0.1,4455.0,21.3,3.5,0
ORD-00910,2025-02-03,Monday,11,Mostrador,Nuevo,Desayuno,Combo desayuno,1,4591.0,0.1,4132.0,5.4,4.1,1
ORD-00033,2025-02-03,Monday,12,Takeaway,Frecuente,Café,Espresso,3,1693.0,0.05,4824.0,11.2,4.7,1
ORD-00826,2025-02-03,Monday,13,Takeaway,Habitual,Desayuno,Avocado toast,3,4597.0,0.0,13792.0,12.0,3.3,0
ORD-02912,2025-02-03,Monday,14,Mostrador,Habitual,Almuerzo,Bagel,3,4766.0,0.1,12869.0,10.1,5.0,1
ORD-05482,2025-02-03,Monday,14,Delivery,Habitual,Almuerzo,Wrap,1,5947.0,0.05,5650.0,19.8,4.1,1
ORD-01633,2025-02-03,Monday,15,Mostrador,Nuevo,Desayuno,Avocado toast,1,3667.0,0.0,3667.0,7.1,5.0,1
ORD-02340,2025-02-03,Monday,15,Takeaway,Nuevo,Café,Flat White,1,1508.0,0.0,1508.0,10.1,4.8,0
ORD-04611,2025-02-03,Monday,15,Mostrador,Habitual,Café,Espresso,1,1995.0,0.0,1995.0,2.0,4.6,0
ORD-02082,2025-02-03,Monday,16,Mostrador,Habitual,Almuerzo,Bagel,3,4810.0,0.1,12988.0,5.7,3.9,0
ORD-04528,2025-02-03,Monday,18,Mostrador,Nuevo,Almuerzo,Tostado,2,5875.0,0.05,11163.0,2.5,5.0,1
ORD-00133,2025-02-03,Monday,19,Takeaway,Nuevo,Almuerzo,Tostado,2,5136.0,0.0,10272.0,7.7,4.7,1
ORD-05565,2025-02-03,Monday,19,Mostrador,Nuevo,Pastelería,Cookie,2,1693.0,0.0,3387.0,5.9,4.5,0
ORD-02033,2025-02-03,Monday,20,Mostrador,Habitual,Bebidas frías,Limonada,3,2885.0,0.0,8654.0,5.4,4.1,1
ORD-04128,2025-02-03,Monday,20,Mostrador,Nuevo,Almuerzo,Ensalada,1,5967.0,0.05,5668.0,4.0,5.0,0
ORD-04300,2025-02-04,Tuesday,7,Mostrador,Nuevo,Bebidas frías,Iced latte,1,2379.0,0.0,2379.0,6.0,4.8,1
ORD-00010,2025-02-04,Tuesday,8,Mostrador,Frecuente,Almuerzo,Tostado,2,5067.0,0.05,9627.0,9.5,4.5,1
ORD-02453,2025-02-04,Tuesday,8,Takeaway,Habitual,Bebidas frías,Cold brew,1,2974.0,0.0,2974.0,14.0,4.6,0
ORD-04466,2025-02-04,Tuesday,8,Mostrador,Nuevo,Café,Cortado,1,1741.0,0.05,1654.0,5.3,5.0,0
ORD-05479,2025-02-04,Tuesday,10,Mostrador,Habitual,Almuerzo,Ensalada,1,5169.0,0.0,5169.0,13.1,3.8,1
ORD-00951,2025-02-04,Tuesday,11,Takeaway,Nuevo,Bebidas frías,Limonada,1,2729.0,0.05,2593.0,4.3,5.0,0
ORD-01690,2025-02-04,Tuesday,11,Takeaway,Habitual,Almuerzo,Bagel,1,5653.0,0.0,5653.0,9.3,4.7,0
ORD-00700,2025-02-04,Tuesday,12,Mostrador,Habitual,Café,Latte,1,2144.0,0.0,2144.0,6.8,4.8,0
ORD-05764,2025-02-04,Tuesday,12,Mostrador,Nuevo,Café,Espresso,2,1998.0,0.0,3997.0,3.6,5.0,1
ORD-00791,2025-02-04,Tuesday,13,Delivery,Nuevo,Pastelería,Cookie,1,1546.0,0.0,1546.0,18.3,4.8,0
ORD-00376,2025-02-04,Tuesday,14,Mostrador,Frecuente,Almuerzo,Tostado,1,4930.0,0.05,4684.0,7.1,4.7,1
ORD-00581,2025-02-04,Tuesday,14,Mostrador,Nuevo,Café,Cortado,2,1666.0,0.0,3333.0,9.5,4.5,0
ORD-02594,2025-02-04,Tuesday,14,Delivery,Habitual,Café,Espresso,2,1834.0,0.15,3118.0,21.0,3.9,0
ORD-05903,2025-02-04,Tuesday,14,Delivery,Nuevo,Café,Flat White,2,1675.0,0.0,3351.0,23.3,3.9,0
ORD-06396,2025-02-04,Tuesday,14,Mostrador,Habitual,Bebidas frías,Iced latte,1,2833.0,0.0,2833.0,9.0,4.0,0
ORD-00977,2025-02-04,Tuesday,15,Takeaway,Frecuente,Pastelería,Tostada dulce,1,1525.0,0.0,1525.0,4.0,4.9,0
ORD-03975,2025-02-04,Tuesday,15,Takeaway,Habitual,Bebidas frías,Iced latte,3,2923.0,0.15,7455.0,3.0,4.2,0
ORD-04572,2025-02-04,Tuesday,15,Takeaway,Nuevo,Café,Cortado,1,1728.0,0.0,1728.0,11.2,4.2,0
ORD-04671,2025-02-04,Tuesday,15,Delivery,Habitual,Desayuno,Yogur + granola,3,4656.0,0.0,13969.0,17.5,3.6,0
ORD-03672,2025-02-04,Tuesday,17,Takeaway,Nuevo,Bebidas frías,Licuado,1,2920.0,0.0,2920.0,2.0,4.8,0
ORD-00243,2025-02-04,Tuesday,18,Mostrador,Nuevo,Desayuno,Combo desayuno,2,4582.0,0.0,9163.0,2.8,4.8,1
ORD-02816,2025-02-04,Tuesday,18,Mostrador,Habitual,Almuerzo,Tostado,1,3889.0,0.0,3889.0,3.8,4.8,1
ORD-03414,2025-02-04,Tuesday,18,Mostrador,Habitual,Pastelería,Tostada dulce,2,1592.0,0.1,2865.0,5.5,5.0,0
ORD-06420,2025-02-04,Tuesday,18,Delivery,Nuevo,Desayuno,Tostadas,2,3867.0,0.0,7734.0,23.3,3.7,0
ORD-00674,2025-02-04,Tuesday,19,Mostrador,Habitual,Almuerzo,Bagel,2,5031.0,0.0,10061.0,9.5,4.9,0
ORD-02266,2025-02-04,Tuesday,20,Mostrador,Habitual,Almuerzo,Tostado,2,5622.0,0.0,11243.0,3.0,4.2,0
ORD-04294,2025-02-04,Tuesday,20,Delivery,Habitual,Almuerzo,Tostado,1,4470.0,0.05,4247.0,23.4,4.4,1
ORD-03284,2025-02-05,Wednesday,8,Mostrador,Nuevo,Almuerzo,Tostado,2,5639.0,0.0,11277.0,10.0,4.9,0
ORD-04071,2025-02-05,Wednesday,8,Delivery,Habitual,Café,Flat White,1,1708.0,0.0,1708.0,20.9,4.2,0
ORD-03959,2025-02-05,Wednesday,10,Delivery,Nuevo,Café,Latte,1,1544.0,0.1,1390.0,22.5,4.6,1
ORD-03419,2025-02-05,Wednesday,11,Mostrador,Frecuente,Almuerzo,Bagel,1,5562.0,0.0,5562.0,5.1,4.2,1
ORD-00218,2025-02-05,Wednesday,12,Takeaway,Nuevo,Bebidas frías,Licuado,2,3003.0,0.0,6006.0,11.8,4.7,0
ORD-04843,2025-02-05,Wednesday,12,Takeaway,Nuevo,Desayuno,Yogur + granola,1,4695.0,0.05,4460.0,10.6,5.0,1
ORD-04314,2025-02-05,Wednesday,13,Mostrador,Nuevo,Bebidas frías,Cold brew,1,2891.0,0.0,2891.0,7.5,4.5,0
ORD-00087,2025-02-05,Wednesday,14,Mostrador,Habitual,Café,Americano,3,1797.0,0.05,5121.0,12.9,5.0,0
ORD-04848,2025-02-05,Wednesday,14,Mostrador,Nuevo,Pastelería,Tostada dulce,1,1618.0,0.0,1618.0,11.3,4.5,1
ORD-02742,2025-02-05,Wednesday,16,Mostrador,Habitual,Desayuno,Tostadas,1,4011.0,0.0,4011.0,2.0,4.6,0
ORD-04763,2025-02-05,Wednesday,16,Takeaway,Nuevo,Bebidas frías,Cold brew,1,3006.0,0.0,3006.0,9.4,4.6,0
ORD-05028,2025-02-05,Wednesday,16,Mostrador,Nuevo,Café,Espresso,1,1971.0,0.1,1774.0,5.9,4.4,0
ORD-06104,2025-02-05,Wednesday,16,Mostrador,Frecuente,Bebidas frías,Iced latte,1,3213.0,0.0,3213.0,5.2,5.0,0
ORD-01842,2025-02-05,Wednesday,17,Mostrador,Habitual,Desayuno,Tostadas,1,4390.0,0.0,4390.0,4.2,4.4,0
ORD-06000,2025-02-05,Wednesday,17,Mostrador,Nuevo,Almuerzo,Wrap,2,5133.0,0.0,10265.0,8.9,4.0,0
ORD-06149,2025-02-05,Wednesday,17,Mostrador,Frecuente,Desayuno,Avocado toast,1,4321.0,0.0,4321.0,3.5,5.0,0
ORD-06334,2025-02-05,Wednesday,17,Delivery,Nuevo,Almuerzo,Wrap,1,5673.0,0.0,5673.0,15.6,4.9,0
ORD-02306,2025-02-05,Wednesday,18,Mostrador,Habitual,Almuerzo,Tostado,1,5657.0,0.0,5657.0,4.3,4.6,0
ORD-04727,2025-02-05,Wednesday,18,Mostrador,Nuevo,Café,Cortado,1,1866.0,0.1,1679.0,4.8,5.0,1
ORD-06266,2025-02-05,Wednesday,19,Mostrador,Nuevo,Café,Americano,1,1721.0,0.0,1721.0,8.7,4.6,0
ORD-00588,2025-02-06,Thursday,8,Delivery,Habitual,Pastelería,Tostada dulce,1,1664.0,0.0,1664.0,24.2,2.7,0
ORD-02472,2025-02-06,Thursday,8,Mostrador,Nuevo,Almuerzo,Ensalada,2,5126.0,0.0,10253.0,10.4,4.2,0
ORD-04635,2025-02-06,Thursday,8,Mostrador,Habitual,Desayuno,Yogur + granola,1,3605.0,0.0,3605.0,9.4,4.7,0
ORD-06468,2025-02-06,Thursday,9,Mostrador,Nuevo,Pastelería,Budín,1,1635.0,0.0,1635.0,8.9,4.8,1
ORD-02321,2025-02-06,Thursday,10,Takeaway,Frecuente,Almuerzo,Ensalada,2,4990.0,0.0,9981.0,6.0,4.3,1
ORD-01738,2025-02-06,Thursday,11,Delivery,Nuevo,Café,Flat White,1,1998.0,0.0,1998.0,13.3,4.2,0
ORD-01788,2025-02-06,Thursday,11,Mostrador,Frecuente,Desayuno,Tostadas,2,4702.0,0.0,9405.0,7.4,5.0,1
ORD-02682,2025-02-06,Thursday,11,Delivery,Nuevo,Desayuno,Tostadas,2,4090.0,0.0,8180.0,18.1,3.8,0
ORD-05526,2025-02-06,Thursday,11,Delivery,Nuevo,Café,Cortado,2,1873.0,0.0,3746.0,17.6,4.3,0
ORD-04070,2025-02-06,Thursday,12,Takeaway,Nuevo,Café,Cortado,1,1704.0,0.15,1448.0,15.7,4.2,0
ORD-00891,2025-02-06,Thursday,13,Takeaway,Nuevo,Bebidas frías,Cold brew,1,2822.0,0.0,2822.0,11.7,4.8,0
ORD-02502,2025-02-06,Thursday,13,Mostrador,Nuevo,Almuerzo,Bagel,1,4919.0,0.0,4919.0,8.8,5.0,0
ORD-02957,2025-02-06,Thursday,13,Mostrador,Habitual,Café,Espresso,1,2130.0,0.0,2130.0,11.4,4.6,0
ORD-03343,2025-02-06,Thursday,13,Mostrador,Nuevo,Café,Cortado,1,1812.0,0.0,1812.0,5.6,5.0,0
ORD-04553,2025-02-06,Thursday,13,Takeaway,Nuevo,Bebidas frías,Cold brew,3,2985.0,0.1,8060.0,13.2,4.6,0
ORD-05136,2025-02-06,Thursday,13,Takeaway,Nuevo,Café,Latte,3,1993.0,0.0,5980.0,8.7,5.0,0
ORD-04183,2025-02-06,Thursday,16,Takeaway,Frecuente,Desayuno,Yogur + granola,2,4324.0,0.0,8648.0,7.1,5.0,1
ORD-04916,2025-02-06,Thursday,16,Mostrador,Nuevo,Pastelería,Tostada dulce,1,1568.0,0.0,1568.0,6.9,5.0,0
ORD-05966,2025-02-06,Thursday,16,Mostrador,Nuevo,Desayuno,Tostadas,1,4272.0,0.0,4272.0,5.3,5.0,0
ORD-03035,2025-02-06,Thursday,18,Takeaway,Habitual,Café,Cortado,3,1825.0,0.0,5475.0,4.5,4.3,0
ORD-01880,2025-02-06,Thursday,20,Takeaway,Frecuente,Desayuno,Yogur + granola,2,4248.0,0.0,8495.0,8.7,4.2,0
ORD-05926,2025-02-06,Thursday,20,Mostrador,Frecuente,Café,Latte,2,1832.0,0.0,3663.0,4.2,4.6,0
ORD-03872,2025-02-07,Friday,7,Mostrador,Habitual,Café,Flat White,1,2077.0,0.0,2077.0,2.8,5.0,0
ORD-05557,2025-02-07,Friday,7,Mostrador,Nuevo,Café,Espresso,1,1651.0,0.05,1568.0,7.5,4.8,1
ORD-01359,2025-02-07,Friday,9,Mostrador,Nuevo,Almuerzo,Wrap,1,5773.0,0.0,5773.0,8.9,4.4,1
ORD-01289,2025-02-07,Friday,10,Mostrador,Nuevo,Desayuno,Avocado toast,2,4297.0,0.05,8164.0,8.1,5.0,0
ORD-02623,2025-02-07,Friday,10,Mostrador,Nuevo,Almuerzo,Tostado,2,4998.0,0.0,9996.0,9.5,4.4,0
ORD-01436,2025-02-07,Friday,13,Mostrador,Habitual,Pastelería,Tostada dulce,1,1696.0,0.1,1527.0,8.8,4.9,0
ORD-02423,2025-02-07,Friday,13,Mostrador,Frecuente,Café,Latte,2,1758.0,0.0,3515.0,8.0,4.7,0
ORD-04461,2025-02-07,Friday,13,Takeaway,Habitual,Bebidas frías,Cold brew,2,2784.0,0.0,5569.0,7.5,4.8,0
ORD-02515,2025-02-07,Friday,14,Takeaway,Frecuente,Pastelería,Budín,2,1630.0,0.0,3260.0,11.5,4.7,0
ORD-00580,2025-02-07,Friday,15,Delivery,Frecuente,Desayuno,Avocado toast,1,3710.0,0.0,3710.0,21.6,4.0,1
ORD-03497,2025-02-07,Friday,15,Delivery,Habitual,Desayuno,Tostadas,1,4347.0,0.0,4347.0,18.5,4.5,0
ORD-02556,2025-02-07,Friday,16,Mostrador,Habitual,Desayuno,Yogur + granola,1,3769.0,0.0,3769.0,3.4,5.0,0
ORD-04107,2025-02-07,Friday,16,Delivery,Frecuente,Café,Espresso,3,1723.0,0.0,5169.0,16.3,4.1,0
ORD-00258,2025-02-07,Friday,17,Delivery,Nuevo,Café,Espresso,1,1824.0,0.0,1824.0,19.1,4.2,0
ORD-01450,2025-02-07,Friday,17,Mostrador,Frecuente,Pastelería,Medialuna,1,1394.0,0.0,1394.0,3.6,4.5,0
ORD-03807,2025-02-07,Friday,18,Mostrador,Habitual,Bebidas frías,Cold brew,1,2967.0,0.0,2967.0,2.0,4.8,0
ORD-05211,2025-02-07,Friday,19,Mostrador,Habitual,Café,Cortado,2,1845.0,0.0,3689.0,4.8,4.8,0
ORD-05564,2025-02-07,Friday,20,Takeaway,Habitual,Desayuno,Tostadas,1,3948.0,0.0,3948.0,6.1,4.9,1
ORD-04966,2025-02-08,Saturday,8,Mostrador,Nuevo,Almuerzo,Wrap,2,5428.0,0.0,10856.0,8.7,4.0,1
ORD-02265,2025-02-08,Saturday,9,Mostrador,Nuevo,Pastelería,Cookie,2,1733.0,0.0,3465.0,11.4,4.7,0
ORD-03783,2025-02-08,Saturday,11,Mostrador,Nuevo,Almuerzo,Ensalada,3,5572.0,0.0,16716.0,4.4,4.3,0
ORD-03353,2025-02-08,Saturday,12,Mostrador,Nuevo,Bebidas frías,Iced latte,2,3029.0,0.0,6058.0,12.0,4.7,0
ORD-00583,2025-02-08,Saturday,13,Mostrador,Habitual,Café,Flat White,1,1952.0,0.0,1952.0,8.0,4.8,1
ORD-01827,2025-02-08,Saturday,14,Mostrador,Habitual,Pastelería,Croissant,1,1339.0,0.0,1339.0,5.9,5.0,1
ORD-04420,2025-02-08,Saturday,14,Takeaway,Frecuente,Pastelería,Medialuna,2,1572.0,0.05,2986.0,11.8,4.2,0
ORD-05318,2025-02-08,Saturday,14,Takeaway,Habitual,Almuerzo,Bagel,3,5066.0,0.0,15199.0,14.1,3.8,0
ORD-03853,2025-02-08,Saturday,15,Mostrador,Nuevo,Café,Flat White,2,2045.0,0.0,4090.0,3.6,4.5,0
ORD-00460,2025-02-08,Saturday,16,Mostrador,Habitual,Desayuno,Tostadas,2,4064.0,0.0,8127.0,5.9,5.0,0
ORD-00818,2025-02-08,Saturday,16,Takeaway,Nuevo,Café,Latte,2,1957.0,0.15,3326.0,2.0,4.8,0
ORD-02615,2025-02-08,Saturday,16,Delivery,Nuevo,Almuerzo,Tostado,3,4653.0,0.1,12563.0,14.9,4.6,0
ORD-04853,2025-02-08,Saturday,16,Mostrador,Nuevo,Café,Cortado,1,1838.0,0.1,1655.0,2.5,5.0,0
ORD-04917,2025-02-08,Saturday,16,Mostrador,Habitual,Café,Latte,2,1700.0,0.0,3401.0,7.6,4.6,0
ORD-00516,2025-02-08,Saturday,17,Mostrador,Habitual,Bebidas frías,Cold brew,1,2880.0,0.0,2880.0,3.8,5.0,0
ORD-01166,2025-02-08,Saturday,17,Delivery,Habitual,Pastelería,Croissant,1,1566.0,0.0,1566.0,18.5,4.1,1
ORD-01855,2025-02-08,Saturday,17,Mostrador,Habitual,Café,Cortado,2,1741.0,0.0,3482.0,7.3,4.6,1
ORD-02475,2025-02-08,Saturday,17,Mostrador,Nuevo,Café,Latte,1,1880.0,0.0,1880.0,4.2,5.0,0
ORD-00171,2025-02-08,Saturday,18,Mostrador,Frecuente,Bebidas frías,Limonada,1,2795.0,0.0,2795.0,3.5,4.6,1
ORD-01730,2025-02-08,Saturday,19,Takeaway,Habitual,Café,Espresso,1,1751.0,0.0,1751.0,4.6,4.1,0
ORD-02177,2025-02-08,Saturday,19,Mostrador,Nuevo,Bebidas frías,Limonada,2,2776.0,0.0,5552.0,5.1,5.0,0
ORD-03687,2025-02-08,Saturday,19,Mostrador,Frecuente,Pastelería,Croissant,1,1325.0,0.0,1325.0,2.3,4.9,0
ORD-05728,2025-02-08,Saturday,19,Takeaway,Frecuente,Café,Cortado,3,1535.0,0.15,3914.0,9.7,4.7,1
ORD-04779,2025-02-08,Saturday,20,Mostrador,Nuevo,Almuerzo,Bagel,2,4985.0,0.0,9969.0,5.1,4.9,0
ORD-04238,2025-02-09,Sunday,7,Delivery,Nuevo,Café,Latte,1,1788.0,0.05,1699.0,14.9,3.8,1
ORD-00322,2025-02-09,Sunday,10,Delivery,Habitual,Almuerzo,Wrap,1,5437.0,0.05,5165.0,24.7,4.9,1
ORD-04044,2025-02-09,Sunday,10,Takeaway,Habitual,Café,Americano,1,1724.0,0.0,1724.0,12.8,4.9,0
ORD-05507,2025-02-09,Sunday,12,Takeaway,Habitual,Bebidas frías,Iced latte,2,2879.0,0.0,5759.0,14.1,3.9,1
ORD-01272,2025-02-09,Sunday,13,Delivery,Nuevo,Pastelería,Medialuna,1,1456.0,0.0,1456.0,22.4,4.1,1
ORD-02946,2025-02-09,Sunday,13,Takeaway,Nuevo,Pastelería,Tostada dulce,2,1702.0,0.1,3064.0,10.2,4.2,0
ORD-00310,2025-02-09,Sunday,14,Delivery,Nuevo,Café,Flat White,1,2019.0,0.0,2019.0,19.7,4.5,0
ORD-01227,2025-02-09,Sunday,14,Mostrador,Habitual,Almuerzo,Tostado,1,4879.0,0.0,4879.0,7.1,5.0,1
ORD-05105,2025-02-09,Sunday,14,Delivery,Nuevo,Café,Americano,1,1791.0,0.0,1791.0,26.8,2.8,0
ORD-03491,2025-02-09,Sunday,15,Mostrador,Nuevo,Pastelería,Medialuna,3,1556.0,0.0,4667.0,5.7,4.9,0
ORD-04832,2025-02-09,Sunday,15,Mostrador,Nuevo,Almuerzo,Ensalada,1,4865.0,0.0,4865.0,5.7,4.7,0
ORD-02504,2025-02-09,Sunday,16,Mostrador,Habitual,Café,Flat White,2,1787.0,0.0,3575.0,4.0,5.0,0
ORD-00480,2025-02-09,Sunday,17,Mostrador,Nuevo,Almuerzo,Ensalada,2,5621.0,0.05,10681.0,4.8,5.0,0
ORD-03150,2025-02-09,Sunday,17,Mostrador,Habitual,Pastelería,Cookie,1,1815.0,0.1,1633.0,4.0,5.0,0
ORD-03727,2025-02-09,Sunday,17,Mostrador,Habitual,Almuerzo,Wrap,1,4653.0,0.0,4653.0,6.0,3.7,0
ORD-05639,2025-02-09,Sunday,17,Takeaway,Habitual,Pastelería,Cookie,1,1741.0,0.0,1741.0,8.4,4.8,0
ORD-05778,2025-02-09,Sunday,17,Takeaway,Habitual,Café,Americano,2,1830.0,0.05,3477.0,9.2,4.8,0
ORD-03077,2025-02-09,Sunday,18,Delivery,Habitual,Bebidas frías,Limonada,1,2500.0,0.0,2500.0,19.5,4.1,0
ORD-06418,2025-02-09,Sunday,20,Takeaway,Habitual,Almuerzo,Tostado,2,5300.0,0.05,10070.0,6.8,4.2,1
ORD-03034,2025-02-10,Monday,9,Mostrador,Nuevo,Café,Flat White,1,1601.0,0.0,1601.0,12.2,4.3,0
ORD-01489,2025-02-10,Monday,10,Takeaway,Habitual,Pastelería,Croissant,3,1537.0,0.1,4151.0,14.8,5.0,1
ORD-04221,2025-02-10,Monday,10,Takeaway,Frecuente,Almuerzo,Wrap,3,5096.0,0.0,15288.0,11.5,4.7,0
ORD-04978,2025-02-10,Monday,10,Mostrador,Nuevo,Café,Flat White,2,1870.0,0.1,3367.0,7.4,4.6,0
ORD-01466,2025-02-10,Monday,11,Mostrador,Nuevo,Desayuno,Combo desayuno,1,4626.0,0.0,4626.0,9.0,4.7,0
ORD-01484,2025-02-10,Monday,11,Takeaway,Frecuente,Café,Latte,2,1854.0,0.0,3707.0,5.4,5.0,0
ORD-02244,2025-02-10,Monday,12,Mostrador,Nuevo,Bebidas frías,Licuado,2,3143.0,0.0,6286.0,11.2,4.5,0
ORD-01816,2025-02-10,Monday,14,Mostrador,Nuevo,Almuerzo,Ensalada,1,5326.0,0.05,5060.0,7.8,4.6,0
ORD-01867,2025-02-10,Monday,15,Mostrador,Habitual,Café,Cortado,1,2037.0,0.0,2037.0,3.4,5.0,0
ORD-03791,2025-02-10,Monday,15,Mostrador,Nuevo,Bebidas frías,Licuado,3,2812.0,0.0,8436.0,2.0,5.0,0
ORD-01538,2025-02-10,Monday,16,Delivery,Habitual,Café,Flat White,1,1804.0,0.0,1804.0,19.4,3.5,0
ORD-02911,2025-02-10,Monday,16,Delivery,Habitual,Desayuno,Tostadas,1,4026.0,0.0,4026.0,16.1,4.1,1
ORD-03591,2025-02-10,Monday,16,Mostrador,Habitual,Café,Americano,1,1901.0,0.0,1901.0,2.8,5.0,0
ORD-06016,2025-02-10,Monday,16,Mostrador,Habitual,Bebidas frías,Licuado,3,2873.0,0.15,7326.0,6.0,5.0,1
ORD-06464,2025-02-10,Monday,17,Mostrador,Nuevo,Pastelería,Croissant,2,1369.0,0.05,2600.0,2.7,4.8,0
ORD-04729,2025-02-10,Monday,19,Mostrador,Nuevo,Pastelería,Medialuna,2,1614.0,0.0,3228.0,8.5,4.1,0
ORD-00808,2025-02-10,Monday,20,Mostrador,Habitual,Bebidas frías,Licuado,1,2880.0,0.0,2880.0,8.1,3.9,1
ORD-00501,2025-02-11,Tuesday,9,Takeaway,Nuevo,Café,Espresso,1,1924.0,0.0,1924.0,7.9,5.0,0
ORD-06047,2025-02-11,Tuesday,9,Mostrador,Frecuente,Almuerzo,Tostado,2,5050.0,0.0,10099.0,6.9,4.3,0
ORD-01216,2025-02-11,Tuesday,10,Mostrador,Habitual,Desayuno,Yogur + granola,2,3895.0,0.05,7400.0,8.5,5.0,0
ORD-03027,2025-02-11,Tuesday,11,Mostrador,Habitual,Café,Flat White,1,1619.0,0.0,1619.0,3.7,4.9,0
ORD-01321,2025-02-11,Tuesday,12,Delivery,Nuevo,Pastelería,Medialuna,1,1738.0,0.0,1738.0,21.1,3.8,0
ORD-04769,2025-02-11,Tuesday,12,Mostrador,Nuevo,Café,Cortado,2,1681.0,0.0,3363.0,6.4,4.9,1
ORD-00120,2025-02-11,Tuesday,13,Delivery,Nuevo,Café,Flat White,1,1835.0,0.0,1835.0,25.5,4.5,0
ORD-02723,2025-02-11,Tuesday,14,Mostrador,Nuevo,Café,Espresso,3,1704.0,0.0,5111.0,8.3,5.0,0
ORD-06490,2025-02-11,Tuesday,15,Delivery,Frecuente,Café,Flat White,2,1840.0,0.0,3680.0,21.1,3.2,0
ORD-01579,2025-02-11,Tuesday,17,Takeaway,Habitual,Pastelería,Budín,1,1516.0,0.1,1365.0,4.5,5.0,1
ORD-05929,2025-02-11,Tuesday,17,Takeaway,Habitual,Café,Espresso,1,1610.0,0.0,1610.0,6.0,5.0,0
ORD-00873,2025-02-11,Tuesday,18,Delivery,Habitual,Desayuno,Avocado toast,1,4279.0,0.0,4279.0,17.0,3.7,0
ORD-02853,2025-02-11,Tuesday,18,Delivery,Habitual,Desayuno,Combo desayuno,1,4215.0,0.0,4215.0,16.4,4.3,1
ORD-04434,2025-02-11,Tuesday,18,Mostrador,Habitual,Almuerzo,Tostado,3,4724.0,0.05,13463.0,2.0,5.0,1
ORD-06164,2025-02-11,Tuesday,20,Takeaway,Habitual,Bebidas frías,Iced latte,1,2530.0,0.0,2530.0,8.4,4.5,0
ORD-02215,2025-02-12,Wednesday,8,Mostrador,Nuevo,Almuerzo,Wrap,1,4951.0,0.0,4951.0,6.2,5.0,0
ORD-04010,2025-02-12,Wednesday,8,Mostrador,Habitual,Bebidas frías,Limonada,3,2993.0,0.1,8082.0,7.1,4.6,0
ORD-00538,2025-02-12,Wednesday,10,Delivery,Frecuente,Café,Cortado,2,1963.0,0.0,3925.0,20.0,4.3,1
ORD-00726,2025-02-12,Wednesday,11,Mostrador,Nuevo,Café,Cortado,1,1689.0,0.0,1689.0,3.4,4.8,0
ORD-04459,2025-02-12,Wednesday,13,Mostrador,Nuevo,Bebidas frías,Limonada,3,2981.0,0.0,8942.0,12.4,4.2,0
ORD-00365,2025-02-12,Wednesday,15,Mostrador,Habitual,Pastelería,Tostada dulce,1,1605.0,0.05,1525.0,3.2,5.0,0
ORD-02506,2025-02-12,Wednesday,15,Delivery,Habitual,Desayuno,Tostadas,1,3594.0,0.05,3415.0,17.2,3.4,0
ORD-05125,2025-02-12,Wednesday,15,Mostrador,Nuevo,Pastelería,Medialuna,1,1669.0,0.1,1502.0,4.2,4.4,0
ORD-02214,2025-02-12,Wednesday,16,Mostrador,Nuevo,Pastelería,Budín,2,1776.0,0.0,3553.0,5.1,4.7,0
ORD-04382,2025-02-12,Wednesday,16,Delivery,Habitual,Desayuno,Combo desayuno,2,3626.0,0.05,6889.0,17.7,4.0,0
ORD-01020,2025-02-12,Wednesday,17,Takeaway,Habitual,Almuerzo,Ensalada,2,5211.0,0.0,10421.0,10.6,4.6,0
ORD-02786,2025-02-12,Wednesday,18,Delivery,Habitual,Desayuno,Combo desayuno,1,4186.0,0.0,4186.0,18.4,4.5,1
ORD-02681,2025-02-12,Wednesday,20,Mostrador,Frecuente,Bebidas frías,Licuado,1,2804.0,0.0,2804.0,2.0,5.0,0
ORD-05562,2025-02-12,Wednesday,20,Delivery,Nuevo,Café,Latte,1,2019.0,0.0,2019.0,14.6,4.3,0
ORD-03161,2025-02-13,Thursday,7,Mostrador,Frecuente,Almuerzo,Wrap,1,5641.0,0.0,5641.0,6.5,5.0,0
ORD-05829,2025-02-13,Thursday,8,Takeaway,Habitual,Bebidas frías,Limonada,3,2405.0,0.0,7216.0,10.5,5.0,0
ORD-02269,2025-02-13,Thursday,10,Takeaway,Habitual,Desayuno,Yogur + granola,1,3987.0,0.05,3788.0,16.6,4.0,0
ORD-03305,2025-02-13,Thursday,10,Mostrador,Nuevo,Café,Americano,2,1804.0,0.0,3609.0,8.6,4.2,0
ORD-00497,2025-02-13,Thursday,11,Mostrador,Nuevo,Café,Flat White,3,2090.0,0.0,6269.0,6.3,5.0,0
ORD-00724,2025-02-13,Thursday,11,Takeaway,Habitual,Café,Latte,1,1794.0,0.15,1525.0,9.4,4.4,0
ORD-04402,2025-02-13,Thursday,11,Mostrador,Nuevo,Pastelería,Cookie,1,1606.0,0.0,1606.0,4.0,4.3,1
ORD-05610,2025-02-13,Thursday,11,Mostrador,Frecuente,Bebidas frías,Cold brew,1,2537.0,0.0,2537.0,2.0,5.0,1
ORD-03370,2025-02-13,Thursday,12,Takeaway,Habitual,Almuerzo,Tostado,1,5180.0,0.0,5180.0,14.7,4.1,0
ORD-03651,2025-02-13,Thursday,13,Mostrador,Frecuente,Café,Flat White,1,1824.0,0.0,1824.0,9.7,4.3,0
ORD-05026,2025-02-13,Thursday,13,Mostrador,Nuevo,Almuerzo,Wrap,1,4955.0,0.0,4955.0,9.9,5.0,0
ORD-06323,2025-02-13,Thursday,13,Mostrador,Nuevo,Café,Americano,1,1690.0,0.1,1521.0,9.4,5.0,0
ORD-00946,2025-02-13,Thursday,14,Mostrador,Frecuente,Bebidas frías,Limonada,1,2617.0,0.05,2486.0,8.0,4.5,1
ORD-05753,2025-02-13,Thursday,14,Mostrador,Nuevo,Café,Americano,2,1856.0,0.0,3713.0,11.0,5.0,0
ORD-00778,2025-02-13,Thursday,15,Takeaway,Habitual,Café,Americano,1,1886.0,0.0,1886.0,8.2,3.8,0
ORD-02364,2025-02-13,Thursday,15,Mostrador,Nuevo,Bebidas frías,Iced latte,2,2418.0,0.0,4836.0,2.0,5.0,1
ORD-02700,2025-02-13,Thursday,15,Mostrador,Frecuente,Almuerzo,Bagel,3,4677.0,0.1,12628.0,5.1,5.0,0
ORD-05750,2025-02-13,Thursday,15,Mostrador,Nuevo,Pastelería,Budín,1,1858.0,0.0,1858.0,8.8,3.8,1
ORD-00198,2025-02-13,Thursday,16,Mostrador,Nuevo,Café,Espresso,2,1854.0,0.0,3708.0,5.3,5.0,0
ORD-01050,2025-02-13,Thursday,16,Delivery,Nuevo,Café,Flat White,1,1883.0,0.1,1695.0,15.0,4.7,0
ORD-01343,2025-02-13,Thursday,16,Takeaway,Frecuente,Café,Cortado,2,1429.0,0.0,2859.0,4.8,5.0,0
ORD-03530,2025-02-13,Thursday,16,Mostrador,Frecuente,Café,Espresso,2,1941.0,0.05,3688.0,8.2,4.3,0
ORD-00863,2025-02-13,Thursday,17,Delivery,Nuevo,Café,Americano,1,2114.0,0.0,2114.0,18.7,3.9,0
ORD-00313,2025-02-13,Thursday,19,Takeaway,Habitual,Café,Espresso,1,1698.0,0.1,1528.0,2.0,4.4,0
ORD-01157,2025-02-13,Thursday,19,Takeaway,Habitual,Café,Latte,1,1938.0,0.0,1938.0,8.6,5.0,1
ORD-01946,2025-02-13,Thursday,20,Takeaway,Nuevo,Pastelería,Cookie,3,1849.0,0.0,5548.0,8.2,5.0,0
ORD-00386,2025-02-14,Friday,8,Mostrador,Nuevo,Pastelería,Cookie,1,1763.0,0.05,1675.0,8.9,4.4,0
ORD-01876,2025-02-14,Friday,8,Mostrador,Nuevo,Pastelería,Cookie,2,1402.0,0.05,2664.0,11.3,4.0,0
ORD-02510,2025-02-14,Friday,8,Takeaway,Nuevo,Café,Latte,1,1940.0,0.0,1940.0,14.0,4.7,0
ORD-03349,2025-02-14,Friday,9,Takeaway,Nuevo,Desayuno,Avocado toast,2,3709.0,0.0,7419.0,12.6,4.9,0
ORD-00418,2025-02-14,Friday,10,Takeaway,Habitual,Desayuno,Avocado toast,1,3758.0,0.05,3570.0,9.5,4.2,1
ORD-04285,2025-02-14,Friday,12,Takeaway,Habitual,Pastelería,Medialuna,2,1690.0,0.0,3381.0,14.5,4.8,0
ORD-04513,2025-02-14,Friday,12,Mostrador,Habitual,Café,Espresso,1,1619.0,0.0,1619.0,15.8,4.7,0
ORD-05353,2025-02-14,Friday,12,Takeaway,Nuevo,Bebidas frías,Iced latte,2,2892.0,0.0,5784.0,8.9,4.1,0
ORD-01619,2025-02-14,Friday,13,Takeaway,Nuevo,Almuerzo,Ensalada,2,5025.0,0.0,10051.0,10.7,4.8,1
ORD-04411,2025-02-14,Friday,13,Mostrador,Habitual,Café,Cortado,3,1720.0,0.1,4644.0,10.3,4.3,1
ORD-00784,2025-02-14,Friday,14,Takeaway,Nuevo,Desayuno,Yogur + granola,2,4014.0,0.05,7626.0,9.2,4.4,0
ORD-03499,2025-02-14,Friday,14,Delivery,Nuevo,Café,Cortado,1,1543.0,0.0,1543.0,23.4,3.9,0
ORD-05847,2025-02-14,Friday,14,Mostrador,Habitual,Café,Flat White,3,1970.0,0.15,5023.0,10.7,4.5,0
ORD-00783,2025-02-14,Friday,15,Mostrador,Nuevo,Desayuno,Yogur + granola,1,4300.0,0.0,4300.0,8.4,4.8,1
ORD-05158,2025-02-14,Friday,16,Mostrador,Habitual,Bebidas frías,Limonada,1,2811.0,0.1,2530.0,6.8,5.0,0
ORD-04655,2025-02-14,Friday,20,Delivery,Nuevo,Café,Cortado,3,1736.0,0.05,4947.0,16.6,3.8,0
ORD-01928,2025-02-15,Saturday,7,Delivery,Habitual,Pastelería,Tostada dulce,2,1605.0,0.0,3210.0,16.6,3.6,1
ORD-00436,2025-02-15,Saturday,9,Mostrador,Nuevo,Almuerzo,Ensalada,2,4429.0,0.0,8859.0,11.5,3.6,0
ORD-01238,2025-02-15,Saturday,9,Delivery,Nuevo,Café,Espresso,2,1904.0,0.0,3807.0,25.4,4.3,1
ORD-01605,2025-02-15,Saturday,9,Mostrador,Habitual,Almuerzo,Wrap,3,5113.0,0.0,15338.0,7.1,4.9,0
ORD-04842,2025-02-15,Saturday,9,Delivery,Frecuente,Bebidas frías,Limonada,3,2725.0,0.0,8176.0,24.2,3.3,1
ORD-05801,2025-02-15,Saturday,9,Takeaway,Nuevo,Almuerzo,Wrap,1,5521.0,0.0,5521.0,8.6,4.0,1
ORD-05893,2025-02-15,Saturday,11,Mostrador,Habitual,Bebidas frías,Cold brew,2,2454.0,0.0,4908.0,4.3,4.3,1
ORD-01610,2025-02-15,Saturday,12,Mostrador,Habitual,Almuerzo,Wrap,1,4915.0,0.0,4915.0,9.9,4.5,0
ORD-02080,2025-02-15,Saturday,12,Mostrador,Habitual,Café,Americano,2,1805.0,0.0,3609.0,8.9,5.0,1
ORD-00874,2025-02-15,Saturday,13,Mostrador,Nuevo,Bebidas frías,Limonada,1,2840.0,0.0,2840.0,10.2,4.6,0
ORD-02923,2025-02-15,Saturday,13,Mostrador,Habitual,Café,Latte,2,1812.0,0.15,3080.0,11.1,4.5,0
ORD-04198,2025-02-15,Saturday,13,Mostrador,Frecuente,Café,Espresso,2,1877.0,0.0,3755.0,11.0,3.7,1
ORD-05761,2025-02-15,Saturday,13,Mostrador,Frecuente,Pastelería,Croissant,2,1922.0,0.05,3652.0,5.3,5.0,1
ORD-03973,2025-02-15,Saturday,14,Takeaway,Nuevo,Pastelería,Medialuna,2,1360.0,0.0,2720.0,8.7,5.0,0
ORD-05732,2025-02-15,Saturday,15,Mostrador,Nuevo,Pastelería,Tostada dulce,2,1718.0,0.0,3435.0,2.0,4.9,0
ORD-06261,2025-02-15,Saturday,15,Mostrador,Habitual,Pastelería,Tostada dulce,1,1602.0,0.05,1522.0,2.0,5.0,0
ORD-06308,2025-02-15,Saturday,15,Takeaway,Frecuente,Bebidas frías,Cold brew,1,2854.0,0.05,2711.0,8.2,4.9,0
ORD-05188,2025-02-15,Saturday,17,Mostrador,Nuevo,Café,Latte,2,1600.0,0.0,3201.0,2.0,5.0,0
ORD-04798,2025-02-15,Saturday,20,Mostrador,Habitual,Desayuno,Combo desayuno,2,4188.0,0.15,7120.0,6.4,5.0,1
ORD-02823,2025-02-16,Sunday,7,Takeaway,Nuevo,Bebidas frías,Limonada,3,2681.0,0.0,8043.0,6.7,4.2,1
ORD-02909,2025-02-16,Sunday,7,Delivery,Nuevo,Café,Flat White,1,1723.0,0.0,1723.0,19.6,4.0,0
ORD-02697,2025-02-16,Sunday,8,Takeaway,Habitual,Almuerzo,Wrap,2,5169.0,0.0,10338.0,9.0,4.1,0
ORD-05780,2025-02-16,Sunday,9,Mostrador,Habitual,Desayuno,Yogur + granola,1,4276.0,0.0,4276.0,8.1,4.6,0
ORD-00759,2025-02-16,Sunday,10,Mostrador,Nuevo,Desayuno,Combo desayuno,1,3687.0,0.05,3502.0,9.6,4.5,0
ORD-03064,2025-02-16,Sunday,10,Mostrador,Nuevo,Desayuno,Avocado toast,1,4205.0,0.0,4205.0,9.1,5.0,0
ORD-05946,2025-02-16,Sunday,10,Takeaway,Habitual,Bebidas frías,Iced latte,2,2830.0,0.0,5661.0,9.7,4.0,0
ORD-02819,2025-02-16,Sunday,12,Delivery,Nuevo,Bebidas frías,Limonada,1,2775.0,0.1,2498.0,18.6,3.9,0
ORD-03348,2025-02-16,Sunday,12,Mostrador,Frecuente,Café,Cortado,2,1917.0,0.0,3834.0,7.5,5.0,1
ORD-04532,2025-02-16,Sunday,12,Mostrador,Nuevo,Desayuno,Yogur + granola,1,4225.0,0.0,4225.0,5.3,4.5,0
ORD-00221,2025-02-16,Sunday,13,Takeaway,Frecuente,Pastelería,Medialuna,2,1769.0,0.0,3538.0,9.7,4.3,0
ORD-01630,2025-02-16,Sunday,13,Mostrador,Nuevo,Pastelería,Tostada dulce,3,1480.0,0.05,4218.0,9.7,4.4,0
ORD-02550,2025-02-16,Sunday,13,Mostrador,Habitual,Pastelería,Cookie,2,1617.0,0.05,3072.0,6.0,5.0,0
ORD-02699,2025-02-16,Sunday,13,Takeaway,Nuevo,Desayuno,Tostadas,3,3491.0,0.05,9950.0,10.2,3.8,0
ORD-00157,2025-02-16,Sunday,14,Mostrador,Frecuente,Café,Cortado,2,1731.0,0.0,3461.0,8.4,5.0,1
ORD-03165,2025-02-16,Sunday,14,Mostrador,Habitual,Café,Americano,3,1821.0,0.05,5190.0,8.3,4.9,0
ORD-03774,2025-02-16,Sunday,14,Mostrador,Nuevo,Café,Latte,1,1750.0,0.1,1575.0,9.7,4.4,0
ORD-03821,2025-02-16,Sunday,15,Mostrador,Nuevo,Café,Flat White,1,1840.0,0.0,1840.0,3.8,4.2,0
ORD-06353,2025-02-16,Sunday,16,Mostrador,Frecuente,Pastelería,Budín,1,1519.0,0.1,1367.0,8.2,4.1,0
ORD-00018,2025-02-16,Sunday,17,Takeaway,Nuevo,Café,Flat White,1,1786.0,0.0,1786.0,8.9,5.0,0
ORD-01805,2025-02-16,Sunday,17,Takeaway,Habitual,Café,Cortado,3,1611.0,0.1,4350.0,4.6,4.8,1
ORD-01005,2025-02-16,Sunday,18,Takeaway,Nuevo,Almuerzo,Wrap,1,5224.0,0.0,5224.0,6.3,4.2,1
ORD-02830,2025-02-16,Sunday,18,Mostrador,Frecuente,Pastelería,Budín,3,1591.0,0.15,4057.0,5.2,4.5,0
ORD-03513,2025-02-16,Sunday,19,Mostrador,Habitual,Desayuno,Combo desayuno,2,4335.0,0.1,7802.0,4.4,4.6,0
ORD-05885,2025-02-17,Monday,7,Takeaway,Nuevo,Café,Flat White,1,1796.0,0.0,1796.0,8.4,4.1,0
ORD-00705,2025-02-17,Monday,9,Mostrador,Frecuente,Desayuno,Avocado toast,3,4493.0,0.0,13479.0,9.4,4.4,0
ORD-03287,2025-02-17,Monday,10,Delivery,Habitual,Almuerzo,Bagel,1,5761.0,0.0,5761.0,21.7,3.7,1
ORD-03022,2025-02-17,Monday,11,Mostrador,Habitual,Café,Cortado,3,1731.0,0.0,5194.0,9.0,4.6,0
ORD-00945,2025-02-17,Monday,12,Takeaway,Nuevo,Café,Latte,2,1662.0,0.0,3324.0,10.3,5.0,0
ORD-02085,2025-02-17,Monday,13,Mostrador,Habitual,Café,Flat White,1,1994.0,0.0,1994.0,6.8,5.0,0
ORD-05661,2025-02-17,Monday,13,Delivery,Nuevo,Desayuno,Yogur + granola,2,4726.0,0.15,8033.0,29.2,4.4,1
ORD-00434,2025-02-17,Monday,14,Mostrador,Habitual,Desayuno,Yogur + granola,1,4030.0,0.0,4030.0,10.9,4.5,1
ORD-06189,2025-02-17,Monday,14,Takeaway,Nuevo,Café,Flat White,1,1905.0,0.0,1905.0,14.5,5.0,0
ORD-01776,2025-02-17,Monday,15,Takeaway,Nuevo,Bebidas frías,Iced latte,2,2688.0,0.0,5376.0,2.0,5.0,0
ORD-02104,2025-02-17,Monday,15,Delivery,Nuevo,Pastelería,Medialuna,2,1600.0,0.05,3041.0,19.3,3.9,0
ORD-04204,2025-02-17,Monday,15,Takeaway,Nuevo,Pastelería,Budín,2,1679.0,0.0,3358.0,10.9,4.7,0
ORD-06256,2025-02-17,Monday,15,Delivery,Habitual,Almuerzo,Tostado,3,4578.0,0.0,13734.0,18.4,4.0,1
ORD-06071,2025-02-17,Monday,16,Takeaway,Nuevo,Almuerzo,Bagel,3,4745.0,0.15,12099.0,6.4,4.9,1
ORD-00074,2025-02-17,Monday,17,Mostrador,Habitual,Desayuno,Avocado toast,1,3949.0,0.0,3949.0,3.7,4.6,0
ORD-03945,2025-02-17,Monday,17,Mostrador,Nuevo,Desayuno,Tostadas,3,4202.0,0.1,11346.0,6.3,5.0,0
ORD-04118,2025-02-17,Monday,17,Takeaway,Frecuente,Café,Latte,2,1810.0,0.0,3620.0,12.3,3.3,0
ORD-02006,2025-02-17,Monday,18,Takeaway,Nuevo,Café,Espresso,1,1887.0,0.0,1887.0,5.0,5.0,0
ORD-04145,2025-02-17,Monday,18,Mostrador,Nuevo,Bebidas frías,Limonada,1,2702.0,0.05,2567.0,7.2,5.0,0
ORD-03102,2025-02-17,Monday,19,Delivery,Habitual,Café,Cortado,1,1763.0,0.1,1587.0,19.8,4.0,1
ORD-06465,2025-02-18,Tuesday,7,Takeaway,Nuevo,Desayuno,Yogur + granola,1,4403.0,0.0,4403.0,7.1,5.0,0
ORD-01926,2025-02-18,Tuesday,8,Mostrador,Habitual,Café,Cortado,1,2025.0,0.0,2025.0,8.3,4.5,0
ORD-00443,2025-02-18,Tuesday,9,Mostrador,Habitual,Desayuno,Avocado toast,1,3855.0,0.0,3855.0,7.1,4.6,1
ORD-01895,2025-02-18,Tuesday,12,Takeaway,Habitual,Almuerzo,Ensalada,1,4854.0,0.0,4854.0,11.1,4.6,1
ORD-04303,2025-02-18,Tuesday,12,Delivery,Habitual,Pastelería,Cookie,2,1712.0,0.0,3423.0,21.5,5.0,0
ORD-00670,2025-02-18,Tuesday,13,Takeaway,Nuevo,Café,Americano,2,1639.0,0.0,3277.0,8.9,4.2,0
ORD-03527,2025-02-18,Tuesday,13,Mostrador,Habitual,Café,Americano,1,1766.0,0.0,1766.0,7.2,5.0,0
ORD-05995,2025-02-18,Tuesday,13,Mostrador,Habitual,Almuerzo,Tostado,1,5005.0,0.05,4755.0,6.6,4.4,0
ORD-04657,2025-02-18,Tuesday,15,Mostrador,Nuevo,Almuerzo,Ensalada,1,5450.0,0.0,5450.0,3.0,4.7,0
ORD-06489,2025-02-18,Tuesday,15,Mostrador,Nuevo,Café,Espresso,1,1887.0,0.0,1887.0,3.8,4.6,0
ORD-00414,2025-02-18,Tuesday,16,Mostrador,Habitual,Pastelería,Croissant,1,1628.0,0.0,1628.0,6.8,4.3,0
ORD-01645,2025-02-18,Tuesday,16,Delivery,Habitual,Café,Americano,2,2027.0,0.1,3648.0,19.5,4.5,0
ORD-03538,2025-02-18,Tuesday,16,Delivery,Habitual,Bebidas frías,Licuado,1,2461.0,0.1,2215.0,16.5,4.3,0
ORD-02761,2025-02-18,Tuesday,17,Mostrador,Nuevo,Café,Espresso,2,1640.0,0.0,3279.0,5.7,4.7,0
ORD-04758,2025-02-18,Tuesday,17,Mostrador,Habitual,Bebidas frías,Iced latte,1,3065.0,0.0,3065.0,5.6,4.2,0
ORD-00948,2025-02-18,Tuesday,18,Takeaway,Frecuente,Café,Cortado,1,2003.0,0.1,1803.0,7.8,4.3,1
ORD-02431,2025-02-18,Tuesday,18,Mostrador,Frecuente,Bebidas frías,Iced latte,3,2848.0,0.0,8545.0,4.4,4.8,1
ORD-04021,2025-02-18,Tuesday,18,Delivery,Nuevo,Almuerzo,Tostado,2,5022.0,0.0,10044.0,17.6,4.7,1
ORD-06472,2025-02-18,Tuesday,20,Mostrador,Habitual,Almuerzo,Bagel,1,4750.0,0.0,4750.0,5.8,4.8,0
ORD-05231,2025-02-19,Wednesday,7,Mostrador,Habitual,Almuerzo,Wrap,3,4767.0,0.0,14302.0,6.0,5.0,1
ORD-02207,2025-02-19,Wednesday,10,Takeaway,Habitual,Almuerzo,Ensalada,1,5460.0,0.0,5460.0,13.7,3.7,0
ORD-03308,2025-02-19,Wednesday,10,Mostrador,Frecuente,Bebidas frías,Iced latte,1,2842.0,0.0,2842.0,11.6,5.0,1
ORD-01358,2025-02-19,Wednesday,11,Mostrador,Habitual,Café,Flat White,1,1913.0,0.0,1913.0,9.7,4.7,0
ORD-03269,2025-02-19,Wednesday,11,Mostrador,Habitual,Bebidas frías,Limonada,3,2858.0,0.1,7716.0,9.0,4.6,1
ORD-01819,2025-02-19,Wednesday,12,Mostrador,Frecuente,Bebidas frías,Cold brew,2,2875.0,0.05,5462.0,10.8,3.8,1
ORD-02480,2025-02-19,Wednesday,12,Takeaway,Habitual,Desayuno,Combo desayuno,1,5014.0,0.0,5014.0,8.9,4.5,0
ORD-03606,2025-02-19,Wednesday,12,Mostrador,Frecuente,Café,Espresso,1,2097.0,0.0,2097.0,5.5,4.6,1
ORD-00604,2025-02-19,Wednesday,13,Takeaway,Habitual,Desayuno,Combo desayuno,1,4432.0,0.0,4432.0,9.5,4.6,0
ORD-00823,2025-02-19,Wednesday,13,Mostrador,Nuevo,Café,Flat White,1,1734.0,0.0,1734.0,9.6,5.0,1
ORD-04474,2025-02-19,Wednesday,13,Delivery,Nuevo,Café,Cortado,2,1845.0,0.15,3137.0,22.0,4.1,1
ORD-05456,2025-02-19,Wednesday,13,Takeaway,Nuevo,Café,Americano,1,1783.0,0.0,1783.0,14.2,4.5,0
ORD-01342,2025-02-19,Wednesday,14,Mostrador,Habitual,Pastelería,Medialuna,2,1684.0,0.0,3369.0,5.8,4.5,0
ORD-02727,2025-02-19,Wednesday,16,Takeaway,Nuevo,Café,Latte,1,1754.0,0.0,1754.0,5.0,4.8,0
ORD-05560,2025-02-19,Wednesday,18,Mostrador,Habitual,Café,Latte,2,1764.0,0.1,3175.0,3.2,4.6,0
ORD-02210,2025-02-20,Thursday,8,Mostrador,Habitual,Desayuno,Tostadas,1,4094.0,0.15,3480.0,8.8,4.6,0
ORD-04668,2025-02-20,Thursday,8,Takeaway,Habitual,Café,Cortado,3,1820.0,0.0,5459.0,12.3,5.0,0
ORD-01528,2025-02-20,Thursday,9,Mostrador,Nuevo,Café,Americano,2,1964.0,0.05,3731.0,8.1,4.0,0
ORD-06450,2025-02-20,Thursday,11,Mostrador,Nuevo,Bebidas frías,Limonada,1,2753.0,0.0,2753.0,5.8,5.0,1
ORD-01445,2025-02-20,Thursday,13,Takeaway,Nuevo,Pastelería,Croissant,1,1780.0,0.0,1780.0,7.5,4.7,0
ORD-01836,2025-02-20,Thursday,13,Delivery,Habitual,Café,Cortado,1,1599.0,0.0,1599.0,23.0,4.0,0
ORD-02108,2025-02-20,Thursday,13,Mostrador,Nuevo,Café,Flat White,2,1878.0,0.1,3381.0,6.6,4.9,0
ORD-02234,2025-02-20,Thursday,13,Mostrador,Habitual,Almuerzo,Wrap,1,5098.0,0.0,5098.0,10.9,4.3,0
ORD-02736,2025-02-20,Thursday,13,Takeaway,Habitual,Pastelería,Croissant,3,1728.0,0.0,5183.0,13.2,4.4,0
ORD-05089,2025-02-20,Thursday,13,Mostrador,Nuevo,Almuerzo,Bagel,3,5017.0,0.0,15050.0,16.0,4.6,1
ORD-00682,2025-02-20,Thursday,15,Takeaway,Nuevo,Café,Cortado,2,1816.0,0.0,3631.0,5.3,4.8,0
ORD-06125,2025-02-20,Thursday,15,Delivery,Habitual,Café,Cortado,1,1908.0,0.0,1908.0,20.9,4.2,0
ORD-03889,2025-02-20,Thursday,16,Delivery,Nuevo,Desayuno,Avocado toast,1,4294.0,0.0,4294.0,18.4,4.3,0
ORD-05428,2025-02-20,Thursday,16,Mostrador,Nuevo,Café,Espresso,1,1941.0,0.05,1844.0,2.0,5.0,1
ORD-02378,2025-02-20,Thursday,17,Takeaway,Habitual,Café,Cortado,1,1605.0,0.0,1605.0,6.2,4.6,0
ORD-05159,2025-02-20,Thursday,18,Mostrador,Habitual,Pastelería,Medialuna,3,1621.0,0.0,4864.0,6.1,5.0,1
ORD-04837,2025-02-20,Thursday,19,Takeaway,Frecuente,Desayuno,Combo desayuno,1,3769.0,0.0,3769.0,4.5,4.6,0
ORD-00721,2025-02-20,Thursday,20,Mostrador,Nuevo,Almuerzo,Wrap,2,5799.0,0.0,11597.0,2.8,5.0,0
ORD-04016,2025-02-21,Friday,8,Takeaway,Habitual,Bebidas frías,Limonada,1,2814.0,0.0,2814.0,6.1,4.3,0
ORD-00769,2025-02-21,Friday,9,Takeaway,Habitual,Desayuno,Yogur + granola,2,4183.0,0.0,8367.0,11.6,4.5,1
ORD-05985,2025-02-21,Friday,10,Takeaway,Frecuente,Desayuno,Tostadas,1,3970.0,0.0,3970.0,16.0,4.0,0
ORD-03204,2025-02-21,Friday,12,Mostrador,Habitual,Café,Flat White,2,1933.0,0.0,3866.0,8.4,5.0,0
ORD-00100,2025-02-21,Friday,13,Mostrador,Habitual,Pastelería,Budín,1,1656.0,0.1,1490.0,7.2,5.0,0
ORD-03249,2025-02-21,Friday,13,Takeaway,Nuevo,Café,Cortado,1,1870.0,0.05,1777.0,8.8,4.7,0
ORD-06052,2025-02-21,Friday,13,Mostrador,Frecuente,Café,Cortado,1,1683.0,0.0,1683.0,10.8,5.0,1
ORD-00620,2025-02-21,Friday,14,Delivery,Nuevo,Desayuno,Combo desayuno,2,4618.0,0.0,9236.0,19.6,3.8,0
ORD-00118,2025-02-21,Friday,15,Takeaway,Habitual,Pastelería,Cookie,3,1645.0,0.0,4934.0,8.7,4.4,0
ORD-00241,2025-02-21,Friday,15,Mostrador,Habitual,Pastelería,Cookie,2,1668.0,0.0,3336.0,2.0,5.0,0
ORD-03835,2025-02-21,Friday,15,Mostrador,Nuevo,Bebidas frías,Cold brew,2,2923.0,0.0,5846.0,5.4,5.0,0
ORD-00329,2025-02-21,Friday,16,Takeaway,Habitual,Pastelería,Cookie,1,1444.0,0.0,1444.0,10.6,4.0,1
ORD-03514,2025-02-21,Friday,16,Mostrador,Frecuente,Almuerzo,Bagel,1,4828.0,0.1,4345.0,6.0,4.6,0
ORD-03993,2025-02-21,Friday,16,Takeaway,Nuevo,Café,Espresso,2,1840.0,0.0,3679.0,8.4,4.2,1
ORD-04368,2025-02-21,Friday,16,Mostrador,Nuevo,Bebidas frías,Licuado,3,3016.0,0.05,8597.0,7.2,4.9,0
ORD-00306,2025-02-21,Friday,17,Mostrador,Habitual,Café,Americano,1,1533.0,0.0,1533.0,3.2,5.0,0
ORD-00462,2025-02-21,Friday,17,Mostrador,Frecuente,Pastelería,Tostada dulce,1,1739.0,0.0,1739.0,3.1,4.8,0
ORD-01090,2025-02-21,Friday,17,Takeaway,Habitual,Café,Americano,1,1814.0,0.05,1724.0,6.9,4.6,0
ORD-01187,2025-02-21,Friday,17,Takeaway,Nuevo,Pastelería,Cookie,3,1734.0,0.0,5202.0,3.9,4.8,0
ORD-04026,2025-02-21,Friday,17,Mostrador,Habitual,Café,Americano,2,1895.0,0.0,3791.0,2.5,5.0,0
ORD-05755,2025-02-22,Saturday,7,Mostrador,Nuevo,Desayuno,Tostadas,1,4195.0,0.1,3775.0,5.7,5.0,0
ORD-02302,2025-02-22,Saturday,8,Mostrador,Nuevo,Café,Americano,1,1867.0,0.05,1774.0,9.3,4.3,0
ORD-00528,2025-02-22,Saturday,9,Mostrador,Nuevo,Pastelería,Croissant,1,1555.0,0.0,1555.0,10.8,4.2,0
ORD-06377,2025-02-22,Saturday,11,Delivery,Frecuente,Pastelería,Medialuna,1,1574.0,0.0,1574.0,12.8,4.5,0
ORD-00834,2025-02-22,Saturday,12,Mostrador,Habitual,Bebidas frías,Cold brew,1,3039.0,0.0,3039.0,7.6,4.4,0
ORD-00924,2025-02-22,Saturday,12,Takeaway,Nuevo,Café,Cortado,1,1749.0,0.0,1749.0,9.2,4.8,0
ORD-01063,2025-02-22,Saturday,12,Mostrador,Habitual,Café,Cortado,2,1621.0,0.0,3241.0,10.1,4.3,0
ORD-00408,2025-02-22,Saturday,13,Takeaway,Habitual,Café,Espresso,1,1699.0,0.15,1445.0,9.5,5.0,0
ORD-02519,2025-02-22,Saturday,13,Mostrador,Habitual,Almuerzo,Bagel,3,4953.0,0.0,14859.0,9.4,4.4,1
ORD-04061,2025-02-22,Saturday,13,Mostrador,Frecuente,Café,Latte,1,1826.0,0.0,1826.0,9.1,4.5,0
ORD-06378,2025-02-22,Saturday,13,Mostrador,Habitual,Pastelería,Tostada dulce,1,1535.0,0.0,1535.0,12.7,5.0,1
ORD-00256,2025-02-22,Saturday,14,Mostrador,Frecuente,Almuerzo,Tostado,1,5583.0,0.0,5583.0,8.9,4.7,0
ORD-06326,2025-02-22,Saturday,14,Mostrador,Nuevo,Desayuno,Yogur + granola,2,4224.0,0.0,8447.0,11.6,4.2,0
ORD-04954,2025-02-22,Saturday,15,Mostrador,Habitual,Desayuno,Avocado toast,3,4817.0,0.05,13729.0,7.0,4.9,0
ORD-05212,2025-02-22,Saturday,15,Mostrador,Habitual,Almuerzo,Bagel,2,5600.0,0.0,11199.0,3.7,5.0,0
ORD-03671,2025-02-22,Saturday,16,Mostrador,Nuevo,Café,Latte,1,1739.0,0.0,1739.0,10.4,4.8,0
ORD-01612,2025-02-22,Saturday,18,Mostrador,Nuevo,Almuerzo,Bagel,1,5942.0,0.0,5942.0,3.9,4.8,0
ORD-05075,2025-02-22,Saturday,18,Mostrador,Frecuente,Pastelería,Medialuna,1,1628.0,0.0,1628.0,4.4,5.0,0
ORD-06137,2025-02-22,Saturday,18,Delivery,Frecuente,Desayuno,Combo desayuno,1,3901.0,0.0,3901.0,19.0,4.7,1
ORD-01963,2025-02-22,Saturday,20,Mostrador,Frecuente,Café,Latte,1,1648.0,0.0,1648.0,3.5,5.0,0
ORD-01935,2025-02-23,Sunday,8,Takeaway,Nuevo,Desayuno,Combo desayuno,1,3710.0,0.0,3710.0,10.7,4.5,0
ORD-05921,2025-02-23,Sunday,10,Takeaway,Frecuente,Bebidas frías,Cold brew,1,2918.0,0.0,2918.0,14.7,4.7,1
ORD-00975,2025-02-23,Sunday,11,Delivery,Nuevo,Almuerzo,Ensalada,1,5162.0,0.05,4904.0,17.2,3.7,0
ORD-04631,2025-02-23,Sunday,12,Mostrador,Nuevo,Pastelería,Cookie,1,1451.0,0.0,1451.0,8.7,4.4,0
ORD-00752,2025-02-23,Sunday,13,Mostrador,Frecuente,Café,Latte,1,1959.0,0.05,1861.0,10.2,3.6,0
ORD-06430,2025-02-23,Sunday,13,Delivery,Habitual,Almuerzo,Wrap,1,5176.0,0.1,4659.0,23.6,4.4,0
ORD-01607,2025-02-23,Sunday,14,Mostrador,Habitual,Almuerzo,Wrap,2,5982.0,0.0,11965.0,2.0,4.9,0
ORD-04098,2025-02-23,Sunday,14,Mostrador,Frecuente,Bebidas frías,Limonada,1,2482.0,0.0,2482.0,11.9,4.2,0
ORD-05034,2025-02-23,Sunday,14,Takeaway,Habitual,Café,Espresso,3,1968.0,0.0,5903.0,11.3,4.2,1
ORD-02330,2025-02-23,Sunday,16,Mostrador,Habitual,Café,Latte,1,1993.0,0.0,1993.0,2.7,5.0,1
ORD-06297,2025-02-23,Sunday,16,Mostrador,Nuevo,Café,Flat White,1,1666.0,0.0,1666.0,6.2,5.0,0
ORD-06375,2025-02-23,Sunday,17,Takeaway,Habitual,Café,Flat White,3,1852.0,0.15,4724.0,7.6,4.3,0
ORD-03058,2025-02-23,Sunday,18,Delivery,Habitual,Café,Espresso,1,1596.0,0.0,1596.0,17.4,3.7,0
ORD-05782,2025-02-23,Sunday,19,Delivery,Habitual,Pastelería,Budín,2,1685.0,0.0,3371.0,20.9,4.0,1
ORD-00522,2025-02-23,Sunday,20,Delivery,Habitual,Bebidas frías,Limonada,1,2697.0,0.05,2562.0,18.1,3.5,0
ORD-05251,2025-02-24,Monday,7,Mostrador,Nuevo,Café,Americano,3,1860.0,0.1,5021.0,6.1,5.0,0
ORD-01104,2025-02-24,Monday,8,Takeaway,Frecuente,Café,Espresso,2,1817.0,0.05,3452.0,8.8,4.1,0
ORD-04720,2025-02-24,Monday,8,Delivery,Habitual,Café,Flat White,3,1914.0,0.0,5741.0,19.8,4.1,1
ORD-00938,2025-02-24,Monday,10,Delivery,Nuevo,Bebidas frías,Licuado,1,2681.0,0.0,2681.0,16.0,4.2,0
ORD-01677,2025-02-24,Monday,11,Takeaway,Habitual,Pastelería,Tostada dulce,1,1717.0,0.05,1631.0,6.7,4.7,0
ORD-02889,2025-02-24,Monday,11,Mostrador,Nuevo,Café,Flat White,1,2016.0,0.0,2016.0,4.2,4.8,0
ORD-02891,2025-02-24,Monday,11,Mostrador,Nuevo,Almuerzo,Wrap,1,4846.0,0.1,4362.0,9.5,5.0,0
ORD-04766,2025-02-24,Monday,11,Takeaway,Nuevo,Café,Latte,2,1867.0,0.0,3733.0,7.4,4.0,0
ORD-00457,2025-02-24,Monday,12,Mostrador,Habitual,Café,Cortado,1,1851.0,0.0,1851.0,15.7,4.5,1
ORD-01524,2025-02-24,Monday,13,Mostrador,Habitual,Café,Cortado,3,1713.0,0.0,5138.0,11.7,4.4,0
ORD-01575,2025-02-24,Monday,13,Mostrador,Nuevo,Desayuno,Yogur + granola,1,4180.0,0.0,4180.0,8.8,5.0,0
ORD-02063,2025-02-24,Monday,13,Delivery,Nuevo,Desayuno,Tostadas,1,4592.0,0.0,4592.0,16.4,3.6,0
ORD-02663,2025-02-24,Monday,14,Delivery,Nuevo,Bebidas frías,Licuado,1,3073.0,0.15,2612.0,21.9,3.9,1
ORD-03069,2025-02-24,Monday,14,Mostrador,Nuevo,Desayuno,Tostadas,1,4380.0,0.1,3942.0,11.2,3.7,0
ORD-05824,2025-02-24,Monday,16,Takeaway,Habitual,Almuerzo,Bagel,1,5205.0,0.0,5205.0,7.5,4.6,0
ORD-01698,2025-02-24,Monday,17,Mostrador,Nuevo,Desayuno,Combo desayuno,1,4621.0,0.1,4159.0,3.8,4.4,0
ORD-06069,2025-02-24,Monday,17,Mostrador,Habitual,Café,Americano,1,1832.0,0.0,1832.0,8.0,4.6,0
ORD-04752,2025-02-24,Monday,19,Delivery,Habitual,Almuerzo,Tostado,1,5216.0,0.0,5216.0,20.4,3.7,0
ORD-05806,2025-02-24,Monday,19,Mostrador,Nuevo,Café,Latte,1,2028.0,0.0,2028.0,4.1,4.2,0
ORD-05906,2025-02-24,Monday,19,Takeaway,Habitual,Café,Cortado,1,1730.0,0.05,1643.0,7.2,4.6,0
ORD-03830,2025-02-24,Monday,20,Mostrador,Habitual,Café,Cortado,1,1962.0,0.0,1962.0,8.1,5.0,1
ORD-03980,2025-02-24,Monday,20,Delivery,Nuevo,Pastelería,Cookie,2,1619.0,0.0,3238.0,23.6,3.8,0
ORD-00273,2025-02-25,Tuesday,9,Mostrador,Nuevo,Almuerzo,Wrap,1,5546.0,0.1,4991.0,13.7,4.7,0
ORD-00357,2025-02-25,Tuesday,10,Mostrador,Nuevo,Bebidas frías,Cold brew,1,2838.0,0.05,2696.0,10.0,4.0,0
ORD-01970,2025-02-25,Tuesday,10,Delivery,Nuevo,Café,Flat White,3,2189.0,0.0,6567.0,21.0,3.7,0
ORD-02013,2025-02-25,Tuesday,10,Mostrador,Nuevo,Desayuno,Combo desayuno,2,4247.0,0.0,8494.0,10.6,4.5,0
ORD-01481,2025-02-25,Tuesday,12,Mostrador,Nuevo,Pastelería,Budín,1,1439.0,0.05,1367.0,8.8,4.9,0
ORD-06116,2025-02-25,Tuesday,12,Mostrador,Nuevo,Café,Flat White,1,1854.0,0.0,1854.0,9.0,5.0,0
ORD-02008,2025-02-25,Tuesday,13,Mostrador,Frecuente,Desayuno,Avocado toast,1,4199.0,0.0,4199.0,7.3,4.6,1
ORD-04849,2025-02-25,Tuesday,13,Mostrador,Habitual,Bebidas frías,Cold brew,2,3027.0,0.05,5752.0,6.8,4.2,0
ORD-05052,2025-02-25,Tuesday,13,Takeaway,Nuevo,Pastelería,Croissant,2,1685.0,0.0,3371.0,11.2,4.5,0
ORD-00182,2025-02-25,Tuesday,14,Takeaway,Frecuente,Café,Latte,1,1838.0,0.0,1838.0,14.3,4.9,1
ORD-00390,2025-02-25,Tuesday,14,Mostrador,Nuevo,Pastelería,Croissant,2,1613.0,0.0,3226.0,9.9,4.3,0
ORD-04211,2025-02-25,Tuesday,14,Delivery,Nuevo,Almuerzo,Bagel,3,5668.0,0.05,16153.0,21.3,3.7,1
ORD-03701,2025-02-25,Tuesday,15,Mostrador,Habitual,Almuerzo,Tostado,2,4733.0,0.05,8992.0,2.0,4.5,0
ORD-04018,2025-02-25,Tuesday,15,Mostrador,Habitual,Almuerzo,Ensalada,2,5900.0,0.0,11800.0,4.3,4.6,0
ORD-04348,2025-02-25,Tuesday,16,Mostrador,Habitual,Pastelería,Medialuna,1,1495.0,0.1,1345.0,4.6,4.9,0
ORD-05827,2025-02-25,Tuesday,17,Delivery,Habitual,Almuerzo,Bagel,2,5835.0,0.0,11669.0,16.3,4.1,1
ORD-02639,2025-02-25,Tuesday,18,Takeaway,Habitual,Almuerzo,Bagel,2,5112.0,0.0,10223.0,7.9,4.2,0
ORD-04113,2025-02-25,Tuesday,18,Mostrador,Frecuente,Bebidas frías,Limonada,1,2871.0,0.05,2727.0,3.7,4.7,1
ORD-06233,2025-02-25,Tuesday,20,Takeaway,Habitual,Desayuno,Tostadas,3,4223.0,0.0,12670.0,7.9,3.9,1
ORD-00058,2025-02-26,Wednesday,7,Mostrador,Habitual,Pastelería,Medialuna,1,1625.0,0.1,1463.0,8.7,4.4,0
ORD-02249,2025-02-26,Wednesday,7,Takeaway,Habitual,Bebidas frías,Iced latte,1,2966.0,0.0,2966.0,5.8,4.5,0
ORD-02792,2025-02-26,Wednesday,7,Mostrador,Habitual,Café,Cortado,1,1893.0,0.0,1893.0,6.5,5.0,0
ORD-02222,2025-02-26,Wednesday,8,Mostrador,Habitual,Almuerzo,Tostado,3,5093.0,0.0,15279.0,11.0,3.7,1
ORD-05881,2025-02-26,Wednesday,9,Takeaway,Nuevo,Bebidas frías,Licuado,2,2573.0,0.0,5146.0,13.4,4.3,0
ORD-03808,2025-02-26,Wednesday,10,Delivery,Habitual,Bebidas frías,Cold brew,3,3075.0,0.0,9226.0,21.8,2.7,0
ORD-02886,2025-02-26,Wednesday,11,Takeaway,Nuevo,Almuerzo,Ensalada,1,5020.0,0.0,5020.0,8.6,4.6,0
ORD-03568,2025-02-26,Wednesday,11,Mostrador,Nuevo,Pastelería,Tostada dulce,2,1650.0,0.1,2969.0,4.6,4.6,0
ORD-01537,2025-02-26,Wednesday,12,Delivery,Habitual,Pastelería,Cookie,1,1750.0,0.05,1662.0,22.9,3.7,0
ORD-02308,2025-02-26,Wednesday,12,Delivery,Nuevo,Café,Espresso,1,1862.0,0.0,1862.0,21.9,4.4,1
ORD-01046,2025-02-26,Wednesday,13,Mostrador,Nuevo,Bebidas frías,Licuado,2,2856.0,0.1,5141.0,9.7,4.8,1
ORD-04663,2025-02-26,Wednesday,13,Mostrador,Habitual,Pastelería,Tostada dulce,1,1526.0,0.0,1526.0,12.8,4.7,0
ORD-05832,2025-02-26,Wednesday,13,Mostrador,Frecuente,Café,Flat White,1,1816.0,0.0,1816.0,10.5,5.0,1
ORD-05902,2025-02-26,Wednesday,13,Takeaway,Nuevo,Almuerzo,Wrap,2,5210.0,0.05,9899.0,9.3,4.4,0
ORD-00884,2025-02-26,Wednesday,14,Takeaway,Habitual,Café,Latte,2,1847.0,0.0,3694.0,13.2,4.8,1
ORD-05547,2025-02-26,Wednesday,14,Mostrador,Habitual,Almuerzo,Ensalada,2,4577.0,0.05,8697.0,10.4,4.3,1
ORD-06398,2025-02-26,Wednesday,14,Mostrador,Nuevo,Café,Americano,2,1650.0,0.0,3301.0,9.2,5.0,0
ORD-05366,2025-02-26,Wednesday,15,Mostrador,Nuevo,Café,Latte,1,1593.0,0.0,1593.0,9.5,4.8,0
ORD-00961,2025-02-26,Wednesday,16,Takeaway,Habitual,Almuerzo,Tostado,1,4901.0,0.0,4901.0,5.9,4.3,0
ORD-03603,2025-02-26,Wednesday,16,Takeaway,Nuevo,Pastelería,Croissant,2,1389.0,0.0,2779.0,8.4,4.3,0
ORD-03686,2025-02-26,Wednesday,16,Mostrador,Nuevo,Bebidas frías,Iced latte,1,2977.0,0.0,2977.0,2.0,5.0,0
ORD-01229,2025-02-26,Wednesday,17,Mostrador,Frecuente,Desayuno,Yogur + granola,2,4007.0,0.0,8013.0,12.0,4.3,0
ORD-04557,2025-02-26,Wednesday,17,Mostrador,Habitual,Desayuno,Combo desayuno,1,4244.0,0.0,4244.0,2.0,4.7,0
ORD-01406,2025-02-26,Wednesday,18,Mostrador,Nuevo,Almuerzo,Tostado,2,6015.0,0.1,10826.0,4.9,5.0,0
ORD-00533,2025-02-26,Wednesday,19,Mostrador,Nuevo,Café,Flat White,2,1943.0,0.0,3886.0,5.8,4.6,1
ORD-00536,2025-02-26,Wednesday,19,Mostrador,Habitual,Desayuno,Yogur + granola,1,3749.0,0.0,3749.0,4.1,5.0,1
ORD-03038,2025-02-26,Wednesday,20,Takeaway,Frecuente,Pastelería,Budín,3,1857.0,0.1,5013.0,2.0,4.8,1
ORD-03928,2025-02-26,Wednesday,20,Mostrador,Nuevo,Almuerzo,Bagel,1,5253.0,0.1,4728.0,2.0,5.0,0
ORD-00937,2025-02-27,Thursday,9,Takeaway,Habitual,Café,Latte,1,1983.0,0.0,1983.0,11.0,4.5,1
ORD-02427,2025-02-27,Thursday,10,Mostrador,Habitual,Desayuno,Tostadas,2,4214.0,0.1,7585.0,10.5,4.2,0
ORD-02868,2025-02-27,Thursday,10,Mostrador,Habitual,Café,Espresso,3,1862.0,0.05,5308.0,7.3,4.9,1
ORD-00750,2025-02-27,Thursday,11,Takeaway,Habitual,Desayuno,Yogur + granola,2,4349.0,0.0,8698.0,7.3,4.4,1
ORD-06199,2025-02-27,Thursday,11,Mostrador,Habitual,Café,Latte,1,1800.0,0.0,1800.0,4.3,4.7,0
ORD-03707,2025-02-27,Thursday,12,Mostrador,Habitual,Café,Latte,1,1782.0,0.0,1782.0,10.6,4.6,0
ORD-01947,2025-02-27,Thursday,13,Takeaway,Nuevo,Café,Latte,1,1668.0,0.05,1584.0,13.2,3.2,0
ORD-04418,2025-02-27,Thursday,13,Takeaway,Nuevo,Bebidas frías,Iced latte,3,3248.0,0.05,9258.0,6.7,3.9,0
ORD-05151,2025-02-27,Thursday,14,Takeaway,Habitual,Desayuno,Yogur + granola,1,4278.0,0.0,4278.0,8.7,4.2,0
ORD-00847,2025-02-27,Thursday,15,Mostrador,Frecuente,Café,Cortado,2,1941.0,0.05,3688.0,3.4,5.0,0
ORD-03253,2025-02-27,Thursday,15,Takeaway,Habitual,Desayuno,Combo desayuno,1,4233.0,0.0,4233.0,6.4,4.9,0
ORD-03403,2025-02-27,Thursday,15,Mostrador,Nuevo,Desayuno,Tostadas,3,4301.0,0.05,12257.0,2.0,5.0,0
ORD-05914,2025-02-27,Thursday,15,Takeaway,Nuevo,Almuerzo,Tostado,3,4923.0,0.0,14769.0,7.4,4.5,0
ORD-01655,2025-02-27,Thursday,16,Takeaway,Habitual,Almuerzo,Ensalada,3,5871.0,0.0,17612.0,8.7,4.3,0
ORD-05937,2025-02-27,Thursday,16,Delivery,Habitual,Café,Espresso,1,1870.0,0.0,1870.0,21.4,3.5,0
ORD-00083,2025-02-28,Friday,7,Takeaway,Habitual,Bebidas frías,Licuado,1,2748.0,0.0,2748.0,8.2,4.6,0
ORD-03351,2025-02-28,Friday,7,Mostrador,Habitual,Pastelería,Tostada dulce,2,1548.0,0.0,3096.0,8.7,4.6,1
ORD-02660,2025-02-28,Friday,10,Takeaway,Nuevo,Desayuno,Yogur + granola,2,4344.0,0.0,8688.0,8.9,4.3,0
ORD-05457,2025-02-28,Friday,10,Takeaway,Nuevo,Almuerzo,Wrap,2,4706.0,0.0,9412.0,10.6,4.3,0
ORD-00287,2025-02-28,Friday,11,Delivery,Nuevo,Pastelería,Croissant,1,1625.0,0.05,1544.0,19.2,3.9,0
ORD-03163,2025-02-28,Friday,13,Mostrador,Frecuente,Pastelería,Cookie,2,1701.0,0.0,3401.0,8.4,3.9,0
ORD-03327,2025-02-28,Friday,13,Mostrador,Frecuente,Almuerzo,Wrap,2,5272.0,0.0,10544.0,6.9,4.5,0
ORD-04957,2025-02-28,Friday,13,Mostrador,Habitual,Café,Cortado,1,1996.0,0.05,1896.0,7.8,5.0,1
ORD-01695,2025-02-28,Friday,14,Mostrador,Nuevo,Almuerzo,Ensalada,1,5230.0,0.0,5230.0,7.8,4.9,1
ORD-01854,2025-02-28,Friday,15,Delivery,Nuevo,Pastelería,Croissant,2,1442.0,0.05,2740.0,20.1,4.4,0
ORD-01908,2025-02-28,Friday,15,Takeaway,Habitual,Almuerzo,Ensalada,1,5018.0,0.0,5018.0,11.7,3.7,0
ORD-05846,2025-02-28,Friday,15,Mostrador,Habitual,Desayuno,Tostadas,1,4190.0,0.0,4190.0,3.7,5.0,1
ORD-06234,2025-02-28,Friday,15,Mostrador,Habitual,Almuerzo,Wrap,2,4607.0,0.0,9214.0,9.3,4.3,1
ORD-04884,2025-02-28,Friday,17,Takeaway,Nuevo,Desayuno,Tostadas,1,4135.0,0.1,3722.0,7.2,4.9,1
ORD-05978,2025-02-28,Friday,17,Takeaway,Frecuente,Almuerzo,Wrap,1,5632.0,0.0,5632.0,8.2,4.4,0
ORD-00178,2025-02-28,Friday,18,Mostrador,Habitual,Café,Americano,1,1604.0,0.15,1363.0,5.6,4.1,0
ORD-03365,2025-02-28,Friday,20,Mostrador,Nuevo,Café,Cortado,1,1792.0,0.05,1702.0,3.9,5.0,0
ORD-06470,2025-03-01,Saturday,7,Mostrador,Habitual,Pastelería,Cookie,1,1702.0,0.0,1702.0,11.2,4.6,0
ORD-02433,2025-03-01,Saturday,10,Delivery,Habitual,Café,Flat White,1,1796.0,0.0,1796.0,20.9,3.9,0
ORD-04143,2025-03-01,Saturday,11,Delivery,Nuevo,Café,Flat White,1,2022.0,0.0,2022.0,19.1,4.1,0
ORD-01778,2025-03-01,Saturday,12,Takeaway,Habitual,Café,Flat White,1,2113.0,0.0,2113.0,5.0,4.7,0
ORD-02095,2025-03-01,Saturday,12,Mostrador,Nuevo,Almuerzo,Ensalada,1,5375.0,0.0,5375.0,8.4,4.6,0
ORD-03885,2025-03-01,Saturday,12,Takeaway,Nuevo,Almuerzo,Bagel,1,5548.0,0.0,5548.0,13.0,4.6,0
ORD-01076,2025-03-01,Saturday,14,Takeaway,Habitual,Desayuno,Tostadas,2,4832.0,0.0,9664.0,10.5,3.9,1
ORD-03322,2025-03-01,Saturday,14,Mostrador,Habitual,Almuerzo,Wrap,2,5256.0,0.0,10513.0,9.3,4.2,1
ORD-02369,2025-03-01,Saturday,15,Mostrador,Nuevo,Desayuno,Tostadas,1,3822.0,0.0,3822.0,2.0,5.0,0
ORD-04220,2025-03-01,Saturday,15,Takeaway,Nuevo,Café,Latte,1,1835.0,0.0,1835.0,3.5,5.0,0
ORD-01487,2025-03-01,Saturday,16,Mostrador,Habitual,Café,Flat White,1,1756.0,0.0,1756.0,3.5,5.0,0
ORD-01556,2025-03-01,Saturday,16,Mostrador,Habitual,Bebidas frías,Cold brew,1,3049.0,0.0,3049.0,4.0,5.0,0
ORD-05762,2025-03-01,Saturday,16,Takeaway,Habitual,Pastelería,Medialuna,1,1509.0,0.0,1509.0,11.8,4.3,0
ORD-02720,2025-03-01,Saturday,17,Mostrador,Nuevo,Café,Americano,1,1810.0,0.05,1719.0,3.3,5.0,0
ORD-02933,2025-03-01,Saturday,17,Mostrador,Frecuente,Café,Cortado,2,1586.0,0.0,3172.0,3.0,4.7,1
ORD-01936,2025-03-01,Saturday,18,Takeaway,Frecuente,Café,Espresso,1,1793.0,0.1,1614.0,8.9,5.0,0
ORD-05542,2025-03-01,Saturday,18,Mostrador,Habitual,Pastelería,Medialuna,1,1559.0,0.0,1559.0,4.4,5.0,1
ORD-05042,2025-03-01,Saturday,19,Takeaway,Frecuente,Pastelería,Tostada dulce,3,1476.0,0.0,4428.0,8.6,4.7,0
ORD-06242,2025-03-01,Saturday,19,Delivery,Nuevo,Café,Espresso,1,1883.0,0.0,1883.0,13.8,3.9,0
ORD-04379,2025-03-02,Sunday,8,Delivery,Habitual,Almuerzo,Wrap,1,5907.0,0.05,5611.0,24.5,3.3,0
ORD-00623,2025-03-02,Sunday,9,Mostrador,Habitual,Pastelería,Medialuna,1,1813.0,0.0,1813.0,4.4,4.7,0
ORD-01637,2025-03-02,Sunday,9,Mostrador,Nuevo,Almuerzo,Wrap,2,5573.0,0.05,10589.0,11.5,4.0,1
ORD-04583,2025-03-02,Sunday,9,Mostrador,Nuevo,Café,Cortado,1,1687.0,0.0,1687.0,5.4,5.0,0
ORD-00187,2025-03-02,Sunday,12,Mostrador,Habitual,Pastelería,Budín,1,1643.0,0.0,1643.0,5.8,4.5,0
ORD-01596,2025-03-02,Sunday,12,Mostrador,Frecuente,Pastelería,Croissant,1,1504.0,0.0,1504.0,12.9,3.9,1
ORD-04367,2025-03-02,Sunday,12,Delivery,Nuevo,Pastelería,Croissant,1,1587.0,0.0,1587.0,18.5,4.8,0
ORD-00041,2025-03-02,Sunday,13,Mostrador,Nuevo,Pastelería,Tostada dulce,2,1669.0,0.0,3337.0,13.6,4.0,1
ORD-00350,2025-03-02,Sunday,13,Mostrador,Habitual,Almuerzo,Wrap,2,5450.0,0.0,10899.0,10.1,4.9,0
ORD-05176,2025-03-02,Sunday,14,Takeaway,Nuevo,Desayuno,Combo desayuno,1,4437.0,0.0,4437.0,13.3,4.9,0
ORD-05381,2025-03-02,Sunday,14,Takeaway,Habitual,Café,Cortado,2,2052.0,0.0,4105.0,12.2,3.9,1
ORD-01941,2025-03-02,Sunday,15,Mostrador,Habitual,Bebidas frías,Cold brew,2,3056.0,0.0,6112.0,2.8,5.0,0
ORD-05620,2025-03-02,Sunday,15,Mostrador,Frecuente,Pastelería,Medialuna,1,1609.0,0.0,1609.0,3.4,5.0,0
ORD-06303,2025-03-02,Sunday,15,Delivery,Habitual,Pastelería,Tostada dulce,1,1423.0,0.05,1352.0,17.3,3.7,0
ORD-00467,2025-03-02,Sunday,16,Takeaway,Nuevo,Desayuno,Combo desayuno,1,3532.0,0.0,3532.0,8.8,4.3,0
ORD-01078,2025-03-02,Sunday,16,Mostrador,Nuevo,Pastelería,Cookie,2,1547.0,0.0,3095.0,4.7,5.0,0
ORD-00168,2025-03-02,Sunday,17,Mostrador,Frecuente,Almuerzo,Ensalada,1,5081.0,0.0,5081.0,2.4,4.5,0
ORD-00532,2025-03-02,Sunday,18,Takeaway,Nuevo,Almuerzo,Ensalada,3,4976.0,0.05,14182.0,8.1,5.0,1
ORD-01850,2025-03-02,Sunday,18,Mostrador,Habitual,Pastelería,Budín,1,1282.0,0.0,1282.0,3.3,5.0,1
ORD-02596,2025-03-02,Sunday,18,Mostrador,Habitual,Pastelería,Medialuna,1,1546.0,0.05,1469.0,2.0,4.3,0
ORD-03271,2025-03-02,Sunday,20,Delivery,Habitual,Café,Latte,3,1863.0,0.0,5589.0,17.6,3.8,0
ORD-05392,2025-03-02,Sunday,20,Delivery,Nuevo,Café,Cortado,2,1871.0,0.0,3742.0,17.1,4.8,0
ORD-06127,2025-03-02,Sunday,20,Delivery,Habitual,Pastelería,Cookie,2,1751.0,0.15,2978.0,15.0,4.4,0
ORD-05450,2025-03-03,Monday,9,Takeaway,Habitual,Pastelería,Tostada dulce,1,1652.0,0.0,1652.0,12.9,5.0,1
ORD-03180,2025-03-03,Monday,10,Takeaway,Nuevo,Bebidas frías,Iced latte,1,3111.0,0.05,2955.0,11.0,4.9,1
ORD-03049,2025-03-03,Monday,12,Mostrador,Habitual,Pastelería,Medialuna,2,1607.0,0.0,3213.0,13.2,4.2,0
ORD-03562,2025-03-03,Monday,12,Takeaway,Nuevo,Bebidas frías,Iced latte,1,2624.0,0.0,2624.0,10.6,3.5,0
ORD-03690,2025-03-03,Monday,12,Mostrador,Frecuente,Pastelería,Croissant,1,1622.0,0.0,1622.0,11.4,4.5,1
ORD-05851,2025-03-03,Monday,12,Mostrador,Habitual,Almuerzo,Wrap,3,5496.0,0.0,16488.0,9.2,4.9,1
ORD-02200,2025-03-03,Monday,13,Mostrador,Nuevo,Pastelería,Cookie,1,1721.0,0.0,1721.0,6.3,3.9,0
ORD-03559,2025-03-03,Monday,13,Mostrador,Frecuente,Café,Flat White,3,1703.0,0.0,5108.0,7.7,4.6,0
ORD-04283,2025-03-03,Monday,13,Mostrador,Frecuente,Pastelería,Medialuna,2,1527.0,0.0,3053.0,6.4,4.8,0
ORD-00685,2025-03-03,Monday,14,Mostrador,Habitual,Desayuno,Yogur + granola,1,4490.0,0.0,4490.0,4.1,4.5,1
ORD-02940,2025-03-03,Monday,15,Takeaway,Frecuente,Desayuno,Yogur + granola,2,4599.0,0.0,9198.0,4.7,3.8,0
ORD-05888,2025-03-03,Monday,15,Mostrador,Habitual,Café,Espresso,1,1807.0,0.0,1807.0,3.1,4.5,0
ORD-06183,2025-03-03,Monday,15,Mostrador,Habitual,Bebidas frías,Iced latte,1,2706.0,0.0,2706.0,8.2,4.9,1
ORD-02328,2025-03-03,Monday,16,Delivery,Habitual,Café,Latte,2,1647.0,0.0,3293.0,18.6,4.6,0
ORD-03517,2025-03-03,Monday,17,Takeaway,Habitual,Pastelería,Medialuna,3,1593.0,0.1,4301.0,9.7,4.9,0
ORD-06461,2025-03-03,Monday,17,Takeaway,Habitual,Desayuno,Combo desayuno,2,4704.0,0.0,9408.0,6.0,5.0,0
ORD-00703,2025-03-03,Monday,19,Takeaway,Habitual,Bebidas frías,Cold brew,1,2843.0,0.0,2843.0,2.2,4.4,0
ORD-02297,2025-03-03,Monday,20,Takeaway,Habitual,Café,Cortado,1,2021.0,0.1,1819.0,7.1,4.8,1
ORD-03524,2025-03-03,Monday,20,Mostrador,Nuevo,Desayuno,Yogur + granola,1,4274.0,0.0,4274.0,4.7,4.7,0
ORD-02450,2025-03-04,Tuesday,8,Takeaway,Habitual,Pastelería,Tostada dulce,1,1612.0,0.15,1370.0,9.6,4.9,1
ORD-02805,2025-03-04,Tuesday,8,Delivery,Nuevo,Café,Cortado,1,1798.0,0.0,1798.0,18.2,3.5,0
ORD-05377,2025-03-04,Tuesday,12,Takeaway,Frecuente,Pastelería,Budín,1,1680.0,0.0,1680.0,9.7,5.0,0
ORD-06200,2025-03-04,Tuesday,13,Takeaway,Frecuente,Almuerzo,Bagel,1,5272.0,0.0,5272.0,13.4,4.4,0
ORD-02051,2025-03-04,Tuesday,14,Takeaway,Frecuente,Almuerzo,Wrap,1,4639.0,0.0,4639.0,10.7,5.0,0
ORD-04682,2025-03-04,Tuesday,14,Takeaway,Nuevo,Bebidas frías,Iced latte,2,3055.0,0.05,5804.0,9.0,5.0,0
ORD-02103,2025-03-04,Tuesday,15,Mostrador,Nuevo,Desayuno,Tostadas,2,3335.0,0.0,6671.0,2.9,4.9,0
ORD-00262,2025-03-04,Tuesday,16,Mostrador,Frecuente,Café,Flat White,1,1832.0,0.0,1832.0,8.1,4.5,0
ORD-00704,2025-03-04,Tuesday,16,Mostrador,Habitual,Almuerzo,Wrap,1,5347.0,0.0,5347.0,3.2,5.0,0
ORD-04372,2025-03-04,Tuesday,16,Mostrador,Nuevo,Desayuno,Yogur + granola,1,4708.0,0.0,4708.0,5.2,4.8,0
ORD-05299,2025-03-04,Tuesday,16,Takeaway,Nuevo,Pastelería,Medialuna,1,1614.0,0.1,1452.0,4.8,4.8,0
ORD-05418,2025-03-04,Tuesday,16,Takeaway,Habitual,Almuerzo,Wrap,1,5381.0,0.1,4842.0,8.3,5.0,0
ORD-01433,2025-03-04,Tuesday,17,Takeaway,Nuevo,Pastelería,Tostada dulce,1,1671.0,0.0,1671.0,7.6,5.0,0
ORD-01193,2025-03-04,Tuesday,18,Mostrador,Habitual,Desayuno,Avocado toast,1,4356.0,0.0,4356.0,7.0,4.9,0
ORD-02534,2025-03-04,Tuesday,18,Mostrador,Nuevo,Café,Espresso,1,1940.0,0.0,1940.0,5.4,4.8,0
ORD-02931,2025-03-05,Wednesday,8,Delivery,Frecuente,Desayuno,Avocado toast,1,3952.0,0.05,3754.0,20.2,3.5,0
ORD-05073,2025-03-05,Wednesday,8,Mostrador,Nuevo,Desayuno,Tostadas,2,4344.0,0.05,8253.0,9.2,4.7,0
ORD-00908,2025-03-05,Wednesday,9,Takeaway,Nuevo,Bebidas frías,Iced latte,1,2383.0,0.05,2264.0,11.1,4.6,0
ORD-03761,2025-03-05,Wednesday,9,Mostrador,Frecuente,Pastelería,Medialuna,1,1589.0,0.15,1350.0,8.0,5.0,1
ORD-06368,2025-03-05,Wednesday,9,Delivery,Habitual,Pastelería,Budín,2,1401.0,0.1,2521.0,24.0,3.4,0
ORD-00544,2025-03-05,Wednesday,10,Mostrador,Nuevo,Desayuno,Avocado toast,1,4293.0,0.05,4078.0,8.6,4.6,0
ORD-01616,2025-03-05,Wednesday,10,Delivery,Nuevo,Desayuno,Avocado toast,1,4193.0,0.0,4193.0,21.2,3.5,0
ORD-00411,2025-03-05,Wednesday,11,Mostrador,Habitual,Café,Cortado,2,1724.0,0.15,2931.0,6.9,4.0,0
ORD-05486,2025-03-05,Wednesday,12,Delivery,Habitual,Desayuno,Combo desayuno,1,4632.0,0.1,4168.0,21.4,3.5,0
ORD-01032,2025-03-05,Wednesday,13,Takeaway,Nuevo,Bebidas frías,Limonada,1,2463.0,0.0,2463.0,13.3,4.7,0
ORD-03052,2025-03-05,Wednesday,14,Takeaway,Habitual,Bebidas frías,Iced latte,2,2856.0,0.0,5712.0,14.2,3.7,0
ORD-03289,2025-03-05,Wednesday,14,Mostrador,Habitual,Café,Latte,1,2007.0,0.0,2007.0,7.5,4.5,1
ORD-05096,2025-03-05,Wednesday,14,Mostrador,Habitual,Pastelería,Medialuna,1,1612.0,0.0,1612.0,8.4,4.8,1
ORD-06284,2025-03-05,Wednesday,14,Mostrador,Habitual,Café,Latte,3,1686.0,0.0,5058.0,10.0,4.2,0
ORD-06345,2025-03-05,Wednesday,14,Delivery,Frecuente,Pastelería,Tostada dulce,1,1705.0,0.1,1535.0,19.0,3.7,1
ORD-06049,2025-03-05,Wednesday,15,Mostrador,Habitual,Café,Latte,1,1868.0,0.0,1868.0,3.7,4.9,1
ORD-00259,2025-03-05,Wednesday,16,Mostrador,Nuevo,Desayuno,Avocado toast,3,4226.0,0.05,12044.0,2.5,5.0,0
ORD-03950,2025-03-05,Wednesday,16,Mostrador,Habitual,Almuerzo,Ensalada,2,5671.0,0.1,10208.0,2.0,5.0,1
ORD-04634,2025-03-05,Wednesday,16,Mostrador,Habitual,Café,Flat White,1,1577.0,0.05,1498.0,4.1,5.0,0
ORD-03257,2025-03-05,Wednesday,19,Takeaway,Habitual,Almuerzo,Bagel,3,5609.0,0.0,16827.0,9.3,4.9,0
ORD-05961,2025-03-05,Wednesday,19,Delivery,Habitual,Café,Cortado,3,1802.0,0.1,4866.0,20.2,3.9,1
ORD-06423,2025-03-05,Wednesday,19,Mostrador,Habitual,Café,Latte,2,1674.0,0.05,3180.0,2.5,4.8,0
ORD-03097,2025-03-05,Wednesday,20,Mostrador,Habitual,Almuerzo,Ensalada,1,5360.0,0.0,5360.0,9.3,4.0,0
ORD-02370,2025-03-06,Thursday,9,Mostrador,Nuevo,Almuerzo,Ensalada,1,4791.0,0.1,4312.0,16.9,4.0,0
ORD-03787,2025-03-06,Thursday,9,Takeaway,Nuevo,Pastelería,Tostada dulce,2,1891.0,0.1,3404.0,14.1,4.3,0
ORD-03196,2025-03-06,Thursday,10,Mostrador,Nuevo,Desayuno,Combo desayuno,3,4150.0,0.0,12451.0,7.0,4.7,0
ORD-05493,2025-03-06,Thursday,10,Mostrador,Nuevo,Café,Americano,1,1854.0,0.0,1854.0,10.5,4.7,0
ORD-01174,2025-03-06,Thursday,11,Mostrador,Nuevo,Café,Espresso,2,1850.0,0.0,3700.0,4.7,5.0,0
ORD-01883,2025-03-06,Thursday,11,Mostrador,Habitual,Café,Flat White,2,1979.0,0.05,3760.0,9.0,4.5,0
ORD-03792,2025-03-06,Thursday,11,Delivery,Habitual,Café,Espresso,2,1901.0,0.0,3801.0,19.2,4.1,0
ORD-03888,2025-03-06,Thursday,11,Mostrador,Frecuente,Café,Americano,1,1802.0,0.05,1712.0,3.6,5.0,1
ORD-00761,2025-03-06,Thursday,12,Mostrador,Habitual,Café,Flat White,1,1942.0,0.0,1942.0,14.4,4.0,1
ORD-02032,2025-03-06,Thursday,12,Mostrador,Frecuente,Café,Espresso,1,1823.0,0.1,1640.0,8.7,4.9,0
ORD-02147,2025-03-06,Thursday,12,Mostrador,Habitual,Pastelería,Medialuna,3,1657.0,0.05,4723.0,9.2,3.8,1
ORD-02248,2025-03-06,Thursday,12,Mostrador,Habitual,Desayuno,Tostadas,1,4360.0,0.05,4142.0,5.6,4.5,1
ORD-02275,2025-03-06,Thursday,12,Takeaway,Frecuente,Desayuno,Combo desayuno,1,3945.0,0.0,3945.0,9.7,4.1,1
ORD-02478,2025-03-06,Thursday,12,Mostrador,Nuevo,Café,Cortado,1,1954.0,0.05,1856.0,8.6,4.5,0
ORD-03088,2025-03-06,Thursday,12,Mostrador,Frecuente,Bebidas frías,Cold brew,2,2692.0,0.0,5383.0,14.6,4.9,0
ORD-01405,2025-03-06,Thursday,13,Mostrador,Nuevo,Café,Cortado,1,1622.0,0.05,1541.0,6.9,4.5,0
ORD-00230,2025-03-06,Thursday,14,Mostrador,Nuevo,Pastelería,Cookie,1,1357.0,0.0,1357.0,6.1,4.6,1
ORD-00661,2025-03-06,Thursday,14,Mostrador,Nuevo,Pastelería,Tostada dulce,1,1539.0,0.0,1539.0,6.8,4.8,0
ORD-04226,2025-03-06,Thursday,14,Takeaway,Habitual,Almuerzo,Bagel,1,5830.0,0.05,5538.0,12.9,4.6,0
ORD-05303,2025-03-06,Thursday,17,Mostrador,Nuevo,Bebidas frías,Limonada,3,2828.0,0.05,8060.0,2.0,4.9,0
ORD-06185,2025-03-06,Thursday,17,Mostrador,Nuevo,Pastelería,Cookie,1,1475.0,0.0,1475.0,4.3,5.0,0
ORD-02368,2025-03-06,Thursday,18,Takeaway,Nuevo,Desayuno,Yogur + granola,3,4149.0,0.0,12448.0,7.2,4.4,0
ORD-06093,2025-03-06,Thursday,18,Mostrador,Nuevo,Café,Flat White,1,1911.0,0.1,1720.0,3.2,4.4,0
ORD-04773,2025-03-06,Thursday,19,Mostrador,Frecuente,Café,Latte,1,1954.0,0.15,1661.0,4.3,4.6,0
ORD-00392,2025-03-07,Friday,8,Takeaway,Nuevo,Pastelería,Budín,1,1427.0,0.0,1427.0,6.5,4.6,0
ORD-04391,2025-03-07,Friday,8,Mostrador,Habitual,Almuerzo,Bagel,2,5077.0,0.1,9139.0,7.0,4.8,1
ORD-05391,2025-03-07,Friday,12,Mostrador,Nuevo,Almuerzo,Wrap,2,4981.0,0.0,9963.0,5.2,5.0,1
ORD-00251,2025-03-07,Friday,13,Takeaway,Nuevo,Almuerzo,Ensalada,1,5078.0,0.0,5078.0,13.1,4.4,0
ORD-02381,2025-03-07,Friday,13,Mostrador,Habitual,Café,Latte,1,1886.0,0.0,1886.0,6.9,5.0,0
ORD-01886,2025-03-07,Friday,14,Mostrador,Habitual,Café,Flat White,1,1741.0,0.15,1480.0,7.1,4.5,1
ORD-03824,2025-03-07,Friday,14,Takeaway,Nuevo,Café,Cortado,1,1685.0,0.0,1685.0,13.3,3.9,0
ORD-01702,2025-03-07,Friday,16,Delivery,Habitual,Almuerzo,Bagel,1,4578.0,0.0,4578.0,17.9,3.8,0
ORD-02483,2025-03-07,Friday,16,Mostrador,Nuevo,Bebidas frías,Limonada,2,2571.0,0.05,4884.0,7.7,4.1,0
ORD-04628,2025-03-07,Friday,17,Takeaway,Habitual,Bebidas frías,Limonada,2,2658.0,0.0,5316.0,9.1,4.7,0
ORD-03879,2025-03-07,Friday,18,Delivery,Nuevo,Café,Flat White,1,1860.0,0.15,1581.0,19.1,3.5,0
ORD-00349,2025-03-07,Friday,19,Mostrador,Frecuente,Almuerzo,Wrap,1,5106.0,0.0,5106.0,3.4,5.0,0
ORD-00564,2025-03-08,Saturday,8,Delivery,Nuevo,Desayuno,Combo desayuno,1,4600.0,0.0,4600.0,21.3,4.4,0
ORD-03935,2025-03-08,Saturday,9,Mostrador,Habitual,Café,Flat White,2,1817.0,0.0,3633.0,4.7,5.0,0
ORD-00912,2025-03-08,Saturday,12,Takeaway,Nuevo,Desayuno,Yogur + granola,1,4666.0,0.0,4666.0,11.6,4.0,0
ORD-01639,2025-03-08,Saturday,13,Mostrador,Habitual,Almuerzo,Ensalada,1,5678.0,0.05,5394.0,8.9,5.0,0
ORD-03087,2025-03-08,Saturday,13,Delivery,Nuevo,Almuerzo,Bagel,2,5422.0,0.1,9759.0,19.4,3.7,0
ORD-01929,2025-03-08,Saturday,14,Mostrador,Frecuente,Almuerzo,Bagel,2,5291.0,0.0,10581.0,6.8,3.7,0
ORD-03099,2025-03-08,Saturday,14,Mostrador,Nuevo,Almuerzo,Tostado,1,4860.0,0.15,4131.0,10.8,4.2,0
ORD-04929,2025-03-08,Saturday,14,Mostrador,Frecuente,Café,Espresso,1,1512.0,0.0,1512.0,3.9,5.0,0
ORD-06136,2025-03-08,Saturday,14,Takeaway,Nuevo,Café,Cortado,2,1926.0,0.1,3467.0,10.9,4.3,1
ORD-00023,2025-03-08,Saturday,15,Takeaway,Habitual,Café,Americano,2,1942.0,0.05,3689.0,6.1,5.0,0
ORD-02613,2025-03-08,Saturday,15,Mostrador,Habitual,Bebidas frías,Cold brew,2,3283.0,0.05,6239.0,7.3,3.7,0
ORD-03668,2025-03-08,Saturday,15,Mostrador,Habitual,Bebidas frías,Iced latte,2,3256.0,0.0,6512.0,14.3,4.0,0
ORD-05329,2025-03-08,Saturday,15,Takeaway,Nuevo,Desayuno,Avocado toast,3,4291.0,0.0,12873.0,2.2,4.9,1
ORD-05940,2025-03-08,Saturday,15,Delivery,Habitual,Desayuno,Combo desayuno,1,4143.0,0.0,4143.0,21.0,4.3,0
ORD-01106,2025-03-08,Saturday,16,Mostrador,Habitual,Bebidas frías,Cold brew,3,2976.0,0.0,8927.0,4.6,4.6,1
ORD-05474,2025-03-08,Saturday,16,Mostrador,Nuevo,Bebidas frías,Iced latte,1,3088.0,0.05,2934.0,4.9,4.5,0
ORD-04168,2025-03-08,Saturday,18,Mostrador,Nuevo,Bebidas frías,Limonada,1,2696.0,0.0,2696.0,6.3,5.0,1
ORD-00469,2025-03-08,Saturday,19,Mostrador,Habitual,Desayuno,Tostadas,1,3778.0,0.0,3778.0,10.4,4.6,0
ORD-00635,2025-03-08,Saturday,20,Takeaway,Nuevo,Desayuno,Tostadas,1,4187.0,0.0,4187.0,4.7,5.0,0
ORD-02926,2025-03-08,Saturday,20,Mostrador,Nuevo,Café,Latte,1,1746.0,0.0,1746.0,3.4,5.0,0
ORD-01432,2025-03-09,Sunday,8,Mostrador,Nuevo,Pastelería,Tostada dulce,1,1807.0,0.05,1717.0,6.0,4.4,1
ORD-06078,2025-03-09,Sunday,8,Delivery,Nuevo,Bebidas frías,Licuado,1,2680.0,0.0,2680.0,21.6,4.0,0
ORD-02385,2025-03-09,Sunday,9,Delivery,Habitual,Bebidas frías,Licuado,2,2939.0,0.0,5878.0,23.0,4.1,1
ORD-02741,2025-03-09,Sunday,9,Mostrador,Nuevo,Desayuno,Tostadas,1,3972.0,0.0,3972.0,15.3,4.1,0
ORD-06300,2025-03-09,Sunday,10,Takeaway,Habitual,Desayuno,Avocado toast,1,4495.0,0.0,4495.0,17.8,3.7,0
ORD-04331,2025-03-09,Sunday,12,Mostrador,Habitual,Café,Espresso,1,1877.0,0.0,1877.0,10.3,4.5,0
ORD-01663,2025-03-09,Sunday,13,Takeaway,Habitual,Café,Cortado,1,1814.0,0.05,1723.0,11.2,4.4,0
ORD-02929,2025-03-09,Sunday,13,Mostrador,Habitual,Almuerzo,Ensalada,1,5556.0,0.05,5278.0,11.1,4.9,1
ORD-05618,2025-03-09,Sunday,13,Mostrador,Nuevo,Almuerzo,Tostado,1,4628.0,0.0,4628.0,4.8,4.7,0
ORD-01891,2025-03-09,Sunday,15,Takeaway,Habitual,Desayuno,Yogur + granola,2,4427.0,0.0,8854.0,8.5,5.0,1
ORD-05271,2025-03-09,Sunday,15,Delivery,Habitual,Bebidas frías,Iced latte,1,2503.0,0.0,2503.0,18.5,3.8,0
ORD-03290,2025-03-09,Sunday,16,Delivery,Nuevo,Desayuno,Avocado toast,2,4002.0,0.0,8003.0,17.9,4.2,0
ORD-06310,2025-03-09,Sunday,16,Mostrador,Frecuente,Bebidas frías,Cold brew,1,3220.0,0.05,3059.0,7.7,4.5,0
ORD-01798,2025-03-09,Sunday,17,Mostrador,Habitual,Desayuno,Tostadas,2,4670.0,0.0,9339.0,7.1,4.9,0
ORD-04408,2025-03-09,Sunday,17,Delivery,Habitual,Café,Cortado,1,2065.0,0.0,2065.0,18.0,4.3,0
ORD-00253,2025-03-10,Monday,7,Mostrador,Habitual,Café,Flat White,1,1723.0,0.0,1723.0,2.5,5.0,0
ORD-04156,2025-03-10,Monday,7,Delivery,Nuevo,Bebidas frías,Cold brew,1,3158.0,0.0,3158.0,18.9,3.9,1
ORD-03256,2025-03-10,Monday,8,Mostrador,Frecuente,Desayuno,Yogur + granola,2,3975.0,0.05,7553.0,14.2,4.9,0
ORD-01960,2025-03-10,Monday,9,Takeaway,Nuevo,Café,Americano,2,1899.0,0.0,3798.0,14.0,3.8,0
ORD-03359,2025-03-10,Monday,9,Takeaway,Frecuente,Café,Latte,1,1663.0,0.0,1663.0,13.4,4.2,0
ORD-06449,2025-03-10,Monday,10,Mostrador,Habitual,Café,Cortado,1,1944.0,0.0,1944.0,7.5,5.0,1
ORD-01326,2025-03-10,Monday,11,Mostrador,Nuevo,Desayuno,Yogur + granola,1,4252.0,0.1,3827.0,4.2,4.9,0
ORD-01345,2025-03-10,Monday,11,Mostrador,Habitual,Bebidas frías,Licuado,2,2760.0,0.05,5243.0,6.2,4.6,0
ORD-04564,2025-03-10,Monday,11,Mostrador,Nuevo,Café,Americano,1,1858.0,0.0,1858.0,7.0,4.7,0
ORD-02674,2025-03-10,Monday,12,Mostrador,Habitual,Café,Latte,1,1669.0,0.0,1669.0,9.9,4.6,1
ORD-03394,2025-03-10,Monday,12,Takeaway,Nuevo,Café,Espresso,1,1797.0,0.0,1797.0,11.7,4.8,0
ORD-02738,2025-03-10,Monday,13,Mostrador,Frecuente,Pastelería,Cookie,1,1479.0,0.0,1479.0,14.2,4.4,0
ORD-03529,2025-03-10,Monday,13,Mostrador,Frecuente,Café,Cortado,2,1979.0,0.15,3365.0,8.8,4.8,0
ORD-05496,2025-03-10,Monday,13,Delivery,Frecuente,Bebidas frías,Licuado,1,2909.0,0.15,2473.0,17.5,3.9,0
ORD-02944,2025-03-10,Monday,14,Mostrador,Habitual,Almuerzo,Wrap,1,4895.0,0.1,4405.0,7.8,4.3,0
ORD-03776,2025-03-10,Monday,14,Mostrador,Frecuente,Café,Flat White,1,1710.0,0.15,1454.0,12.4,4.4,1
ORD-04491,2025-03-10,Monday,14,Mostrador,Frecuente,Pastelería,Croissant,3,1730.0,0.0,5191.0,12.7,4.1,0
ORD-05905,2025-03-10,Monday,14,Mostrador,Nuevo,Café,Flat White,2,1597.0,0.0,3194.0,5.0,5.0,0
ORD-01534,2025-03-10,Monday,15,Mostrador,Habitual,Bebidas frías,Cold brew,2,2985.0,0.0,5971.0,2.0,5.0,0
ORD-06218,2025-03-10,Monday,15,Mostrador,Nuevo,Café,Latte,1,1837.0,0.05,1745.0,8.7,4.5,0
ORD-06336,2025-03-10,Monday,18,Mostrador,Habitual,Desayuno,Avocado toast,3,3962.0,0.0,11886.0,4.9,4.3,0
ORD-04019,2025-03-10,Monday,19,Mostrador,Nuevo,Café,Latte,1,1710.0,0.05,1624.0,4.9,5.0,0
ORD-04983,2025-03-10,Monday,19,Mostrador,Frecuente,Café,Latte,1,1582.0,0.1,1423.0,4.4,5.0,1
ORD-01523,2025-03-11,Tuesday,7,Delivery,Habitual,Desayuno,Tostadas,3,4101.0,0.05,11688.0,16.3,4.2,0
ORD-02071,2025-03-11,Tuesday,9,Takeaway,Nuevo,Bebidas frías,Cold brew,1,2857.0,0.0,2857.0,8.4,4.4,0
ORD-01178,2025-03-11,Tuesday,10,Delivery,Habitual,Café,Cortado,1,1822.0,0.05,1731.0,20.5,4.4,1
ORD-03045,2025-03-11,Tuesday,10,Mostrador,Habitual,Café,Cortado,2,2105.0,0.0,4210.0,8.1,4.4,0
ORD-04796,2025-03-11,Tuesday,11,Mostrador,Habitual,Almuerzo,Ensalada,3,4971.0,0.0,14913.0,2.0,4.3,0
ORD-06250,2025-03-11,Tuesday,11,Mostrador,Habitual,Café,Flat White,1,1736.0,0.0,1736.0,8.1,4.5,1
ORD-00072,2025-03-11,Tuesday,13,Delivery,Habitual,Desayuno,Yogur + granola,1,3967.0,0.05,3769.0,26.7,4.0,0
ORD-04871,2025-03-11,Tuesday,13,Takeaway,Habitual,Café,Flat White,3,1778.0,0.0,5334.0,10.2,4.0,0
ORD-01651,2025-03-11,Tuesday,14,Takeaway,Nuevo,Pastelería,Croissant,3,1431.0,0.1,3863.0,12.9,4.1,0
ORD-03913,2025-03-11,Tuesday,15,Delivery,Habitual,Pastelería,Croissant,1,1703.0,0.0,1703.0,20.2,4.5,1
ORD-04905,2025-03-11,Tuesday,15,Mostrador,Nuevo,Desayuno,Combo desayuno,1,3747.0,0.05,3560.0,7.4,4.1,1
ORD-05681,2025-03-11,Tuesday,15,Takeaway,Nuevo,Pastelería,Cookie,3,1677.0,0.1,4527.0,6.7,4.3,0
ORD-04009,2025-03-11,Tuesday,16,Mostrador,Nuevo,Café,Latte,1,1829.0,0.15,1554.0,2.5,5.0,0
ORD-04448,2025-03-11,Tuesday,17,Mostrador,Habitual,Pastelería,Cookie,1,1560.0,0.1,1404.0,4.2,5.0,1
ORD-02810,2025-03-11,Tuesday,18,Mostrador,Nuevo,Café,Latte,1,1925.0,0.05,1828.0,2.9,5.0,0
ORD-04875,2025-03-11,Tuesday,19,Delivery,Habitual,Bebidas frías,Licuado,2,2761.0,0.0,5522.0,23.3,4.2,0
ORD-04103,2025-03-11,Tuesday,20,Mostrador,Nuevo,Pastelería,Cookie,2,1508.0,0.0,3017.0,7.1,4.9,1
ORD-02993,2025-03-12,Wednesday,8,Mostrador,Nuevo,Almuerzo,Tostado,2,5449.0,0.1,9808.0,9.1,4.3,0
ORD-02220,2025-03-12,Wednesday,9,Mostrador,Habitual,Pastelería,Tostada dulce,1,1462.0,0.1,1316.0,3.3,5.0,0
ORD-02861,2025-03-12,Wednesday,9,Takeaway,Frecuente,Café,Espresso,1,1693.0,0.05,1608.0,8.9,5.0,1
ORD-03295,2025-03-12,Wednesday,12,Delivery,Habitual,Café,Cortado,1,1686.0,0.0,1686.0,22.2,4.1,0
ORD-05781,2025-03-12,Wednesday,12,Delivery,Nuevo,Almuerzo,Wrap,1,5757.0,0.1,5182.0,23.1,3.7,0
ORD-04956,2025-03-12,Wednesday,13,Mostrador,Nuevo,Desayuno,Yogur + granola,1,3819.0,0.0,3819.0,8.9,4.2,0
ORD-05953,2025-03-12,Wednesday,13,Mostrador,Nuevo,Café,Latte,1,1811.0,0.05,1720.0,7.4,4.7,1
ORD-02554,2025-03-12,Wednesday,14,Mostrador,Habitual,Pastelería,Cookie,1,1559.0,0.0,1559.0,7.0,4.7,0
ORD-04248,2025-03-12,Wednesday,14,Mostrador,Habitual,Almuerzo,Ensalada,2,5004.0,0.05,9508.0,6.3,4.6,0
ORD-01113,2025-03-12,Wednesday,15,Mostrador,Nuevo,Café,Americano,1,1772.0,0.0,1772.0,4.2,5.0,0
ORD-06252,2025-03-12,Wednesday,15,Mostrador,Habitual,Café,Latte,1,1861.0,0.0,1861.0,6.7,5.0,0
ORD-00523,2025-03-12,Wednesday,16,Takeaway,Frecuente,Bebidas frías,Limonada,2,2633.0,0.0,5266.0,4.4,4.6,1
ORD-01115,2025-03-12,Wednesday,16,Mostrador,Habitual,Almuerzo,Tostado,2,5707.0,0.0,11413.0,11.4,4.7,0
ORD-02392,2025-03-12,Wednesday,17,Takeaway,Nuevo,Café,Americano,3,1918.0,0.0,5754.0,4.4,4.2,0
ORD-03194,2025-03-12,Wednesday,17,Takeaway,Nuevo,Desayuno,Yogur + granola,1,3611.0,0.05,3430.0,8.3,4.3,0
ORD-05969,2025-03-12,Wednesday,17,Mostrador,Nuevo,Café,Latte,1,1740.0,0.1,1566.0,4.1,4.5,0
ORD-00888,2025-03-12,Wednesday,18,Delivery,Habitual,Café,Flat White,1,1919.0,0.05,1823.0,18.1,3.9,0
ORD-04985,2025-03-12,Wednesday,18,Takeaway,Habitual,Pastelería,Cookie,2,1796.0,0.05,3412.0,5.4,4.2,0
ORD-04581,2025-03-12,Wednesday,20,Mostrador,Frecuente,Pastelería,Cookie,2,1814.0,0.0,3629.0,7.5,4.3,0
ORD-00543,2025-03-13,Thursday,7,Takeaway,Habitual,Pastelería,Medialuna,2,1688.0,0.0,3376.0,7.2,4.9,0
ORD-03153,2025-03-13,Thursday,7,Takeaway,Nuevo,Almuerzo,Bagel,1,5193.0,0.05,4933.0,8.1,4.5,1
ORD-04827,2025-03-13,Thursday,7,Takeaway,Nuevo,Pastelería,Croissant,1,1603.0,0.0,1603.0,8.7,4.4,1
ORD-03258,2025-03-13,Thursday,8,Mostrador,Habitual,Desayuno,Tostadas,2,4721.0,0.05,8969.0,5.9,4.4,0
ORD-04791,2025-03-13,Thursday,10,Takeaway,Habitual,Desayuno,Combo desayuno,2,4479.0,0.1,8062.0,12.2,5.0,0
ORD-06456,2025-03-13,Thursday,10,Mostrador,Habitual,Bebidas frías,Iced latte,1,3043.0,0.0,3043.0,7.9,5.0,0
ORD-02466,2025-03-13,Thursday,11,Mostrador,Frecuente,Bebidas frías,Cold brew,3,2646.0,0.0,7938.0,2.2,5.0,0
ORD-03909,2025-03-13,Thursday,11,Takeaway,Nuevo,Café,Espresso,3,1724.0,0.0,5171.0,8.3,5.0,0
ORD-00052,2025-03-13,Thursday,12,Takeaway,Habitual,Almuerzo,Ensalada,1,4906.0,0.0,4906.0,14.6,3.9,1
ORD-05911,2025-03-13,Thursday,12,Delivery,Habitual,Café,Cortado,1,1963.0,0.0,1963.0,20.1,3.8,0
ORD-00398,2025-03-13,Thursday,13,Mostrador,Habitual,Café,Flat White,2,1612.0,0.0,3224.0,12.7,4.9,0
ORD-01770,2025-03-13,Thursday,13,Mostrador,Frecuente,Desayuno,Avocado toast,1,3599.0,0.0,3599.0,7.6,4.2,0
ORD-02890,2025-03-13,Thursday,13,Mostrador,Nuevo,Almuerzo,Ensalada,1,6005.0,0.0,6005.0,11.4,3.8,1
ORD-03182,2025-03-13,Thursday,13,Mostrador,Habitual,Bebidas frías,Licuado,2,2691.0,0.0,5381.0,11.5,4.9,0
ORD-00993,2025-03-13,Thursday,14,Mostrador,Habitual,Café,Americano,1,1545.0,0.0,1545.0,8.3,5.0,0
ORD-02851,2025-03-13,Thursday,14,Takeaway,Habitual,Café,Latte,2,1786.0,0.1,3216.0,16.5,4.0,0
ORD-03693,2025-03-13,Thursday,14,Mostrador,Frecuente,Café,Cortado,3,1994.0,0.0,5981.0,5.7,4.6,1
ORD-04492,2025-03-13,Thursday,14,Mostrador,Nuevo,Bebidas frías,Limonada,2,2669.0,0.05,5072.0,14.1,4.9,1
ORD-06204,2025-03-13,Thursday,15,Mostrador,Habitual,Pastelería,Cookie,1,1780.0,0.0,1780.0,3.5,4.5,0
ORD-03837,2025-03-13,Thursday,16,Mostrador,Nuevo,Bebidas frías,Cold brew,1,2818.0,0.05,2677.0,2.8,5.0,0
ORD-05168,2025-03-13,Thursday,18,Mostrador,Frecuente,Almuerzo,Ensalada,1,4810.0,0.15,4088.0,4.2,4.3,0
ORD-05763,2025-03-13,Thursday,18,Delivery,Nuevo,Desayuno,Yogur + granola,1,3749.0,0.0,3749.0,21.5,4.1,0
ORD-06382,2025-03-13,Thursday,20,Delivery,Habitual,Almuerzo,Wrap,1,5335.0,0.05,5068.0,18.9,3.9,0
ORD-03024,2025-03-14,Friday,7,Mostrador,Habitual,Café,Espresso,2,1918.0,0.0,3836.0,2.0,4.7,0
ORD-05465,2025-03-14,Friday,7,Mostrador,Habitual,Almuerzo,Tostado,1,5831.0,0.05,5539.0,5.0,4.4,0
ORD-02511,2025-03-14,Friday,9,Mostrador,Frecuente,Desayuno,Combo desayuno,1,3985.0,0.0,3985.0,9.6,3.7,1
ORD-00102,2025-03-14,Friday,10,Takeaway,Frecuente,Pastelería,Cookie,1,1746.0,0.0,1746.0,15.8,4.4,1
ORD-02813,2025-03-14,Friday,10,Takeaway,Habitual,Pastelería,Cookie,1,1606.0,0.0,1606.0,9.7,4.4,1
ORD-04578,2025-03-14,Friday,10,Mostrador,Frecuente,Almuerzo,Tostado,2,5313.0,0.0,10627.0,6.3,4.4,0
ORD-04656,2025-03-14,Friday,11,Delivery,Habitual,Café,Americano,3,1782.0,0.0,5345.0,22.7,3.2,0
ORD-02815,2025-03-14,Friday,12,Mostrador,Habitual,Pastelería,Tostada dulce,1,1618.0,0.0,1618.0,10.0,4.8,0
ORD-05280,2025-03-14,Friday,12,Takeaway,Frecuente,Desayuno,Combo desayuno,1,3802.0,0.0,3802.0,10.2,4.2,0
ORD-05001,2025-03-14,Friday,13,Mostrador,Nuevo,Café,Flat White,2,1798.0,0.05,3417.0,15.3,4.2,0
ORD-05234,2025-03-14,Friday,14,Takeaway,Nuevo,Café,Espresso,1,1976.0,0.0,1976.0,12.2,4.5,1
ORD-05717,2025-03-14,Friday,14,Delivery,Frecuente,Desayuno,Yogur + granola,2,3836.0,0.0,7673.0,23.5,4.5,0
ORD-05943,2025-03-14,Friday,14,Mostrador,Nuevo,Café,Flat White,1,1923.0,0.0,1923.0,8.6,4.4,0
ORD-00838,2025-03-14,Friday,15,Delivery,Habitual,Café,Americano,2,2008.0,0.0,4016.0,16.7,4.6,1
ORD-02094,2025-03-14,Friday,15,Mostrador,Habitual,Desayuno,Yogur + granola,1,4044.0,0.0,4044.0,2.0,4.4,1
ORD-02745,2025-03-14,Friday,15,Takeaway,Habitual,Pastelería,Budín,3,1756.0,0.0,5268.0,7.6,4.3,0
ORD-04159,2025-03-14,Friday,15,Mostrador,Nuevo,Desayuno,Tostadas,3,4752.0,0.0,14257.0,4.2,5.0,0
ORD-03965,2025-03-14,Friday,17,Takeaway,Habitual,Almuerzo,Bagel,2,6108.0,0.0,12215.0,10.1,3.9,0
ORD-06115,2025-03-14,Friday,17,Takeaway,Nuevo,Almuerzo,Bagel,2,4958.0,0.0,9916.0,6.6,4.6,1
ORD-00426,2025-03-14,Friday,18,Takeaway,Nuevo,Bebidas frías,Cold brew,2,2920.0,0.0,5840.0,7.4,4.2,0
ORD-01787,2025-03-14,Friday,18,Mostrador,Habitual,Desayuno,Combo desayuno,1,4525.0,0.0,4525.0,2.0,5.0,1
ORD-03040,2025-03-14,Friday,18,Mostrador,Nuevo,Café,Flat White,2,1563.0,0.1,2813.0,7.0,4.9,1
ORD-01704,2025-03-14,Friday,20,Mostrador,Nuevo,Pastelería,Croissant,1,1753.0,0.1,1578.0,3.6,5.0,0
ORD-04844,2025-03-14,Friday,20,Delivery,Habitual,Almuerzo,Ensalada,1,4939.0,0.0,4939.0,17.6,4.2,1
ORD-05623,2025-03-15,Saturday,7,Delivery,Nuevo,Pastelería,Croissant,1,1558.0,0.0,1558.0,15.9,4.3,0
ORD-03894,2025-03-15,Saturday,9,Mostrador,Habitual,Almuerzo,Bagel,2,4965.0,0.0,9931.0,11.0,4.9,0
ORD-00224,2025-03-15,Saturday,13,Mostrador,Nuevo,Bebidas frías,Licuado,2,2900.0,0.0,5800.0,9.0,5.0,0
ORD-00664,2025-03-15,Saturday,13,Mostrador,Nuevo,Almuerzo,Ensalada,3,4455.0,0.05,12696.0,8.5,4.5,0
ORD-04886,2025-03-15,Saturday,13,Takeaway,Nuevo,Desayuno,Tostadas,2,3908.0,0.0,7816.0,8.9,4.4,0
ORD-00009,2025-03-15,Saturday,14,Mostrador,Nuevo,Almuerzo,Ensalada,1,5942.0,0.0,5942.0,6.6,5.0,1
ORD-01364,2025-03-15,Saturday,14,Mostrador,Habitual,Desayuno,Tostadas,1,4209.0,0.0,4209.0,9.4,4.0,0
ORD-04262,2025-03-15,Saturday,14,Mostrador,Habitual,Café,Latte,1,1615.0,0.0,1615.0,7.5,5.0,0
ORD-05667,2025-03-15,Saturday,14,Mostrador,Habitual,Pastelería,Budín,3,1644.0,0.05,4684.0,5.3,4.8,1
ORD-02349,2025-03-15,Saturday,15,Delivery,Habitual,Café,Espresso,1,1610.0,0.05,1529.0,15.4,4.5,0
ORD-03288,2025-03-15,Saturday,15,Takeaway,Nuevo,Café,Espresso,2,1941.0,0.0,3881.0,9.0,4.7,1
ORD-04164,2025-03-15,Saturday,15,Mostrador,Nuevo,Bebidas frías,Limonada,2,2596.0,0.0,5193.0,4.0,4.8,0
ORD-00653,2025-03-15,Saturday,16,Mostrador,Habitual,Desayuno,Tostadas,3,4540.0,0.0,13619.0,2.0,5.0,1
ORD-02900,2025-03-15,Saturday,16,Mostrador,Frecuente,Café,Americano,2,1997.0,0.05,3794.0,3.9,5.0,0
ORD-00339,2025-03-15,Saturday,17,Mostrador,Habitual,Almuerzo,Bagel,1,5126.0,0.1,4613.0,4.5,4.1,0
ORD-00872,2025-03-15,Saturday,17,Mostrador,Nuevo,Café,Latte,1,1951.0,0.0,1951.0,5.3,4.2,1
ORD-05177,2025-03-15,Saturday,17,Mostrador,Habitual,Café,Cortado,3,1932.0,0.0,5797.0,3.2,5.0,1
ORD-01085,2025-03-15,Saturday,18,Mostrador,Habitual,Café,Espresso,1,1963.0,0.0,1963.0,4.3,4.5,0
ORD-03504,2025-03-15,Saturday,19,Mostrador,Habitual,Bebidas frías,Iced latte,1,3057.0,0.0,3057.0,3.8,5.0,0
ORD-01796,2025-03-15,Saturday,20,Takeaway,Nuevo,Café,Espresso,1,1824.0,0.0,1824.0,7.7,4.6,0
ORD-02116,2025-03-15,Saturday,20,Mostrador,Nuevo,Pastelería,Cookie,1,1531.0,0.0,1531.0,6.1,4.7,0
ORD-01740,2025-03-16,Sunday,9,Takeaway,Nuevo,Bebidas frías,Iced latte,2,2824.0,0.0,5649.0,9.9,4.2,1
ORD-02496,2025-03-16,Sunday,9,Mostrador,Habitual,Bebidas frías,Licuado,1,2565.0,0.1,2308.0,8.2,5.0,0
ORD-05796,2025-03-16,Sunday,9,Mostrador,Frecuente,Café,Latte,1,1815.0,0.0,1815.0,12.7,5.0,1
ORD-02765,2025-03-16,Sunday,10,Mostrador,Nuevo,Café,Latte,1,2047.0,0.1,1843.0,9.8,4.5,0
ORD-02773,2025-03-16,Sunday,10,Delivery,Habitual,Desayuno,Tostadas,2,4101.0,0.0,8201.0,21.4,4.3,1
ORD-04059,2025-03-16,Sunday,10,Takeaway,Habitual,Bebidas frías,Limonada,1,3051.0,0.0,3051.0,10.4,4.8,0
ORD-06174,2025-03-16,Sunday,11,Takeaway,Frecuente,Desayuno,Yogur + granola,2,4759.0,0.0,9517.0,11.3,4.2,0
ORD-05175,2025-03-16,Sunday,12,Mostrador,Frecuente,Café,Espresso,1,1904.0,0.0,1904.0,12.5,4.1,0
ORD-02643,2025-03-16,Sunday,14,Takeaway,Nuevo,Almuerzo,Wrap,1,4554.0,0.0,4554.0,11.7,4.3,0
ORD-04570,2025-03-16,Sunday,14,Mostrador,Nuevo,Bebidas frías,Limonada,1,2718.0,0.0,2718.0,8.0,4.7,1
ORD-03736,2025-03-16,Sunday,15,Delivery,Nuevo,Pastelería,Croissant,3,1502.0,0.0,4505.0,18.3,4.1,0
ORD-04811,2025-03-16,Sunday,15,Mostrador,Habitual,Bebidas frías,Limonada,2,2573.0,0.0,5147.0,6.2,5.0,0
ORD-03832,2025-03-16,Sunday,18,Mostrador,Nuevo,Desayuno,Tostadas,2,4144.0,0.0,8288.0,2.4,4.6,0
ORD-02870,2025-03-17,Monday,7,Delivery,Frecuente,Café,Americano,1,1934.0,0.05,1838.0,14.5,4.6,1
ORD-05625,2025-03-17,Monday,7,Takeaway,Nuevo,Café,Flat White,3,1708.0,0.0,5123.0,6.9,5.0,0
ORD-01872,2025-03-17,Monday,12,Mostrador,Frecuente,Café,Latte,2,1593.0,0.0,3186.0,9.4,4.0,0
ORD-03583,2025-03-17,Monday,12,Mostrador,Habitual,Desayuno,Tostadas,1,4427.0,0.0,4427.0,10.0,4.9,0
ORD-03079,2025-03-17,Monday,13,Takeaway,Frecuente,Café,Latte,1,1754.0,0.0,1754.0,8.5,3.8,0
ORD-05864,2025-03-17,Monday,14,Mostrador,Frecuente,Café,Americano,3,1917.0,0.05,5463.0,7.5,4.9,0
ORD-01474,2025-03-17,Monday,15,Mostrador,Nuevo,Café,Latte,2,1824.0,0.0,3647.0,4.3,5.0,0
ORD-01940,2025-03-17,Monday,15,Takeaway,Nuevo,Almuerzo,Ensalada,1,5848.0,0.05,5556.0,4.2,4.9,0
ORD-03242,2025-03-17,Monday,15,Mostrador,Frecuente,Almuerzo,Tostado,1,5279.0,0.0,5279.0,7.3,5.0,0
ORD-03433,2025-03-17,Monday,15,Mostrador,Habitual,Desayuno,Combo desayuno,1,4843.0,0.0,4843.0,2.0,5.0,1
ORD-05494,2025-03-17,Monday,16,Delivery,Habitual,Almuerzo,Tostado,3,5492.0,0.0,16477.0,20.7,4.2,0
ORD-05979,2025-03-17,Monday,17,Delivery,Habitual,Café,Cortado,1,1914.0,0.0,1914.0,20.0,4.0,0
ORD-06101,2025-03-17,Monday,17,Mostrador,Nuevo,Café,Espresso,1,1835.0,0.0,1835.0,2.0,4.8,0
ORD-02474,2025-03-17,Monday,18,Takeaway,Nuevo,Almuerzo,Bagel,1,5369.0,0.0,5369.0,2.0,4.7,0
ORD-04119,2025-03-17,Monday,19,Mostrador,Nuevo,Bebidas frías,Cold brew,1,2672.0,0.0,2672.0,9.1,3.9,0
ORD-06091,2025-03-18,Tuesday,8,Mostrador,Frecuente,Café,Flat White,1,1917.0,0.0,1917.0,7.3,4.6,1
ORD-02523,2025-03-18,Tuesday,11,Mostrador,Nuevo,Café,Americano,2,1723.0,0.0,3446.0,10.1,4.8,1
ORD-02277,2025-03-18,Tuesday,12,Delivery,Habitual,Café,Americano,1,2025.0,0.1,1823.0,20.7,3.5,0
ORD-03241,2025-03-18,Tuesday,12,Mostrador,Nuevo,Pastelería,Medialuna,3,1704.0,0.0,5113.0,11.8,4.7,0
ORD-04605,2025-03-18,Tuesday,12,Delivery,Habitual,Desayuno,Combo desayuno,2,4245.0,0.0,8490.0,20.5,4.5,0
ORD-00735,2025-03-18,Tuesday,13,Mostrador,Nuevo,Desayuno,Combo desayuno,1,4301.0,0.15,3656.0,11.9,4.3,0
ORD-01989,2025-03-18,Tuesday,13,Mostrador,Habitual,Pastelería,Medialuna,1,1551.0,0.0,1551.0,9.1,4.6,0
ORD-04027,2025-03-18,Tuesday,13,Mostrador,Habitual,Café,Flat White,3,1824.0,0.0,5471.0,9.3,5.0,0
ORD-01072,2025-03-18,Tuesday,14,Mostrador,Nuevo,Almuerzo,Tostado,1,5619.0,0.0,5619.0,11.6,4.6,0
ORD-01745,2025-03-18,Tuesday,15,Takeaway,Habitual,Café,Flat White,1,1737.0,0.0,1737.0,9.9,4.3,0
ORD-04654,2025-03-18,Tuesday,15,Takeaway,Frecuente,Almuerzo,Ensalada,3,5539.0,0.0,16617.0,9.9,4.6,0
ORD-05996,2025-03-18,Tuesday,15,Mostrador,Habitual,Café,Espresso,3,1629.0,0.15,4153.0,7.2,4.9,0
ORD-02360,2025-03-18,Tuesday,16,Mostrador,Habitual,Bebidas frías,Cold brew,1,2781.0,0.0,2781.0,5.4,4.8,0
ORD-03328,2025-03-18,Tuesday,17,Takeaway,Habitual,Desayuno,Yogur + granola,1,3866.0,0.05,3672.0,7.6,4.9,0
ORD-04673,2025-03-18,Tuesday,17,Mostrador,Nuevo,Desayuno,Tostadas,1,3832.0,0.05,3641.0,2.0,4.5,0
ORD-05276,2025-03-18,Tuesday,18,Takeaway,Habitual,Desayuno,Combo desayuno,1,4057.0,0.0,4057.0,7.7,5.0,0
ORD-05313,2025-03-18,Tuesday,18,Mostrador,Frecuente,Café,Latte,1,1870.0,0.0,1870.0,2.0,5.0,0
ORD-05690,2025-03-18,Tuesday,19,Takeaway,Nuevo,Desayuno,Tostadas,1,3991.0,0.0,3991.0,4.7,4.2,0
ORD-03297,2025-03-19,Wednesday,8,Takeaway,Habitual,Desayuno,Yogur + granola,1,4821.0,0.05,4580.0,11.1,4.4,0
ORD-01988,2025-03-19,Wednesday,9,Takeaway,Nuevo,Desayuno,Tostadas,2,3832.0,0.0,7664.0,11.8,4.5,0
ORD-04996,2025-03-19,Wednesday,10,Takeaway,Habitual,Almuerzo,Bagel,2,5262.0,0.05,9997.0,10.9,5.0,0
ORD-03526,2025-03-19,Wednesday,13,Delivery,Nuevo,Café,Espresso,3,1977.0,0.0,5930.0,24.6,4.0,0
ORD-03232,2025-03-19,Wednesday,14,Mostrador,Frecuente,Café,Americano,1,1714.0,0.0,1714.0,8.5,4.2,0
ORD-05487,2025-03-19,Wednesday,14,Takeaway,Nuevo,Café,Espresso,1,1802.0,0.1,1621.0,9.8,4.7,1
ORD-01710,2025-03-19,Wednesday,16,Mostrador,Nuevo,Desayuno,Yogur + granola,1,4384.0,0.0,4384.0,4.4,4.4,0
ORD-04755,2025-03-19,Wednesday,17,Takeaway,Nuevo,Almuerzo,Ensalada,1,5091.0,0.05,4836.0,4.4,5.0,0
ORD-02444,2025-03-19,Wednesday,18,Mostrador,Nuevo,Pastelería,Cookie,2,1566.0,0.0,3133.0,5.7,5.0,0
ORD-06417,2025-03-19,Wednesday,20,Takeaway,Nuevo,Desayuno,Combo desayuno,1,4661.0,0.15,3962.0,9.3,4.5,0
ORD-02470,2025-03-20,Thursday,9,Takeaway,Habitual,Café,Cortado,1,1787.0,0.1,1608.0,11.4,4.3,0
ORD-05040,2025-03-20,Thursday,11,Mostrador,Habitual,Desayuno,Yogur + granola,1,4440.0,0.0,4440.0,6.8,4.8,0
ORD-01395,2025-03-20,Thursday,12,Mostrador,Habitual,Café,Espresso,1,1606.0,0.0,1606.0,6.9,5.0,0
ORD-01582,2025-03-20,Thursday,12,Delivery,Nuevo,Café,Espresso,2,1865.0,0.0,3729.0,24.1,3.8,0
ORD-02665,2025-03-20,Thursday,12,Takeaway,Habitual,Almuerzo,Wrap,1,4426.0,0.0,4426.0,4.5,4.6,0
ORD-02734,2025-03-20,Thursday,12,Takeaway,Frecuente,Café,Americano,2,1921.0,0.0,3843.0,9.4,3.8,0
ORD-04587,2025-03-20,Thursday,12,Mostrador,Habitual,Almuerzo,Ensalada,1,5752.0,0.0,5752.0,2.0,4.6,0
ORD-05725,2025-03-20,Thursday,12,Mostrador,Habitual,Almuerzo,Tostado,1,5513.0,0.05,5238.0,12.4,4.1,0
ORD-02839,2025-03-20,Thursday,13,Mostrador,Habitual,Café,Espresso,3,1993.0,0.05,5680.0,11.0,4.5,0
ORD-03476,2025-03-20,Thursday,13,Mostrador,Frecuente,Desayuno,Yogur + granola,1,4066.0,0.0,4066.0,8.8,4.7,1
ORD-04188,2025-03-20,Thursday,13,Mostrador,Habitual,Almuerzo,Wrap,1,5452.0,0.1,4907.0,10.7,4.5,1
ORD-02462,2025-03-20,Thursday,14,Mostrador,Nuevo,Pastelería,Cookie,1,1620.0,0.0,1620.0,13.2,4.7,0
ORD-03179,2025-03-20,Thursday,14,Mostrador,Habitual,Pastelería,Tostada dulce,3,1594.0,0.0,4782.0,11.4,4.8,1
ORD-03683,2025-03-20,Thursday,15,Mostrador,Habitual,Café,Latte,1,1712.0,0.05,1627.0,4.6,4.4,0
ORD-03960,2025-03-20,Thursday,15,Mostrador,Frecuente,Desayuno,Avocado toast,3,4328.0,0.0,12984.0,7.7,5.0,1
ORD-06389,2025-03-20,Thursday,15,Mostrador,Nuevo,Pastelería,Cookie,1,1713.0,0.0,1713.0,4.0,5.0,0
ORD-00142,2025-03-20,Thursday,16,Mostrador,Nuevo,Bebidas frías,Cold brew,3,3205.0,0.0,9616.0,3.0,4.5,0
ORD-04556,2025-03-20,Thursday,16,Mostrador,Frecuente,Bebidas frías,Licuado,3,2749.0,0.15,7010.0,7.0,5.0,0
ORD-03018,2025-03-20,Thursday,17,Mostrador,Nuevo,Pastelería,Cookie,1,1607.0,0.0,1607.0,4.0,5.0,0
ORD-06118,2025-03-20,Thursday,17,Mostrador,Habitual,Café,Flat White,1,1683.0,0.0,1683.0,3.9,4.8,1
ORD-02602,2025-03-20,Thursday,18,Mostrador,Nuevo,Pastelería,Cookie,1,1617.0,0.05,1536.0,7.3,5.0,1
ORD-00964,2025-03-21,Friday,9,Mostrador,Habitual,Bebidas frías,Iced latte,1,2854.0,0.15,2426.0,6.4,4.7,1
ORD-03586,2025-03-21,Friday,10,Mostrador,Nuevo,Almuerzo,Ensalada,1,4968.0,0.0,4968.0,9.4,4.6,0
ORD-05752,2025-03-21,Friday,11,Delivery,Frecuente,Café,Americano,1,1880.0,0.0,1880.0,18.6,3.2,0
ORD-02874,2025-03-21,Friday,12,Takeaway,Nuevo,Café,Espresso,1,1763.0,0.05,1675.0,11.8,5.0,0
ORD-00903,2025-03-21,Friday,13,Takeaway,Nuevo,Desayuno,Yogur + granola,3,4230.0,0.05,12055.0,10.4,4.7,0
ORD-05545,2025-03-21,Friday,14,Delivery,Nuevo,Pastelería,Budín,1,1783.0,0.1,1605.0,21.5,4.4,0
ORD-03670,2025-03-21,Friday,15,Mostrador,Nuevo,Bebidas frías,Iced latte,1,2272.0,0.0,2272.0,2.0,5.0,1
ORD-05957,2025-03-21,Friday,15,Takeaway,Habitual,Pastelería,Tostada dulce,1,1662.0,0.0,1662.0,7.5,4.6,1
ORD-02194,2025-03-21,Friday,16,Mostrador,Nuevo,Desayuno,Avocado toast,2,4666.0,0.05,8866.0,6.0,5.0,0
ORD-02553,2025-03-21,Friday,17,Delivery,Nuevo,Café,Americano,1,1941.0,0.1,1747.0,19.4,3.7,0
ORD-05570,2025-03-21,Friday,18,Mostrador,Habitual,Bebidas frías,Cold brew,1,2842.0,0.1,2558.0,6.6,5.0,0
ORD-05549,2025-03-22,Saturday,10,Mostrador,Frecuente,Café,Latte,1,1586.0,0.0,1586.0,8.2,4.3,0
ORD-03869,2025-03-22,Saturday,11,Mostrador,Habitual,Pastelería,Medialuna,3,1596.0,0.0,4789.0,5.2,4.9,1
ORD-05656,2025-03-22,Saturday,11,Delivery,Frecuente,Pastelería,Croissant,3,1877.0,0.0,5630.0,16.4,4.8,0
ORD-03952,2025-03-22,Saturday,12,Mostrador,Habitual,Café,Latte,2,1925.0,0.0,3851.0,11.3,4.9,1
ORD-02394,2025-03-22,Saturday,13,Mostrador,Nuevo,Café,Latte,1,1780.0,0.0,1780.0,8.6,5.0,0
ORD-04930,2025-03-22,Saturday,13,Takeaway,Habitual,Almuerzo,Tostado,1,4432.0,0.0,4432.0,10.7,5.0,0
ORD-02703,2025-03-22,Saturday,14,Takeaway,Habitual,Bebidas frías,Cold brew,1,2706.0,0.05,2571.0,11.4,4.3,0
ORD-02358,2025-03-22,Saturday,15,Mostrador,Nuevo,Almuerzo,Bagel,2,4664.0,0.05,8861.0,2.0,5.0,1
ORD-01355,2025-03-22,Saturday,16,Delivery,Nuevo,Café,Latte,1,1648.0,0.0,1648.0,18.7,4.8,0
ORD-03444,2025-03-22,Saturday,17,Mostrador,Habitual,Pastelería,Tostada dulce,2,1714.0,0.0,3429.0,4.5,4.6,1
ORD-06203,2025-03-22,Saturday,17,Mostrador,Frecuente,Café,Latte,1,1823.0,0.15,1550.0,6.9,5.0,0
ORD-05567,2025-03-22,Saturday,18,Takeaway,Habitual,Café,Latte,1,1842.0,0.0,1842.0,6.3,4.8,0
ORD-04803,2025-03-22,Saturday,19,Mostrador,Frecuente,Almuerzo,Ensalada,3,5811.0,0.0,17432.0,6.7,5.0,1
ORD-05772,2025-03-22,Saturday,20,Takeaway,Habitual,Café,Espresso,2,1720.0,0.0,3441.0,2.8,4.6,1
ORD-03850,2025-03-23,Sunday,7,Takeaway,Frecuente,Pastelería,Cookie,1,1565.0,0.0,1565.0,11.0,4.0,1
ORD-05739,2025-03-23,Sunday,8,Mostrador,Frecuente,Desayuno,Yogur + granola,2,4055.0,0.0,8111.0,10.0,4.5,0
ORD-03413,2025-03-23,Sunday,10,Takeaway,Habitual,Pastelería,Medialuna,1,1460.0,0.15,1241.0,13.4,3.5,0
ORD-02241,2025-03-23,Sunday,12,Delivery,Habitual,Café,Flat White,1,1845.0,0.1,1661.0,19.0,3.3,1
ORD-01257,2025-03-23,Sunday,13,Takeaway,Nuevo,Desayuno,Avocado toast,1,4214.0,0.0,4214.0,10.8,4.3,0
ORD-03181,2025-03-23,Sunday,13,Mostrador,Habitual,Café,Flat White,2,1999.0,0.0,3998.0,8.5,4.2,0
ORD-03471,2025-03-23,Sunday,13,Mostrador,Habitual,Pastelería,Medialuna,3,1732.0,0.05,4936.0,10.5,4.5,0
ORD-03714,2025-03-23,Sunday,13,Mostrador,Frecuente,Bebidas frías,Licuado,1,2755.0,0.0,2755.0,9.1,4.6,0
ORD-06162,2025-03-23,Sunday,13,Takeaway,Nuevo,Almuerzo,Bagel,2,5070.0,0.0,10140.0,7.9,4.1,0
ORD-03622,2025-03-23,Sunday,14,Mostrador,Frecuente,Desayuno,Yogur + granola,2,3814.0,0.0,7629.0,8.8,4.5,0
ORD-05662,2025-03-23,Sunday,14,Takeaway,Nuevo,Desayuno,Yogur + granola,3,4926.0,0.05,14038.0,11.0,3.7,1
ORD-00363,2025-03-23,Sunday,15,Mostrador,Frecuente,Café,Espresso,1,2099.0,0.0,2099.0,13.2,4.0,0
ORD-02747,2025-03-23,Sunday,15,Mostrador,Nuevo,Pastelería,Tostada dulce,1,1513.0,0.0,1513.0,2.8,5.0,0
ORD-03882,2025-03-23,Sunday,15,Delivery,Nuevo,Almuerzo,Wrap,2,4262.0,0.05,8098.0,18.0,4.2,0
ORD-05587,2025-03-23,Sunday,15,Takeaway,Nuevo,Desayuno,Yogur + granola,3,3766.0,0.0,11299.0,6.1,4.9,1
ORD-05884,2025-03-23,Sunday,15,Delivery,Habitual,Café,Latte,1,1701.0,0.0,1701.0,20.8,4.1,0
ORD-02299,2025-03-23,Sunday,16,Mostrador,Nuevo,Café,Flat White,3,1838.0,0.0,5514.0,7.2,3.9,1
ORD-03029,2025-03-23,Sunday,16,Mostrador,Habitual,Desayuno,Avocado toast,1,4243.0,0.05,4031.0,8.0,4.8,1
ORD-01839,2025-03-23,Sunday,19,Mostrador,Habitual,Pastelería,Croissant,1,1654.0,0.0,1654.0,2.6,5.0,0
ORD-00032,2025-03-24,Monday,8,Mostrador,Frecuente,Almuerzo,Wrap,2,5503.0,0.0,11005.0,13.6,4.1,1
ORD-04209,2025-03-24,Monday,9,Takeaway,Nuevo,Almuerzo,Tostado,1,5198.0,0.0,5198.0,10.2,4.5,0
ORD-04373,2025-03-24,Monday,9,Mostrador,Habitual,Desayuno,Combo desayuno,2,4612.0,0.1,8302.0,8.8,5.0,1
ORD-03741,2025-03-24,Monday,10,Mostrador,Habitual,Desayuno,Avocado toast,1,3825.0,0.0,3825.0,5.8,5.0,1
ORD-05036,2025-03-24,Monday,10,Mostrador,Habitual,Café,Cortado,2,1542.0,0.0,3083.0,9.5,4.2,0
ORD-03152,2025-03-24,Monday,11,Takeaway,Nuevo,Bebidas frías,Iced latte,2,2931.0,0.0,5863.0,5.2,4.3,0
ORD-06163,2025-03-24,Monday,11,Mostrador,Habitual,Almuerzo,Wrap,2,4998.0,0.0,9997.0,4.4,5.0,1
ORD-05502,2025-03-24,Monday,13,Mostrador,Habitual,Pastelería,Tostada dulce,1,1632.0,0.15,1387.0,9.7,3.8,0
ORD-04155,2025-03-24,Monday,14,Mostrador,Nuevo,Café,Americano,1,1960.0,0.1,1764.0,7.3,5.0,0
ORD-05351,2025-03-24,Monday,14,Takeaway,Nuevo,Pastelería,Budín,2,1419.0,0.0,2838.0,7.3,4.7,0
ORD-02914,2025-03-24,Monday,15,Takeaway,Nuevo,Café,Flat White,1,1765.0,0.0,1765.0,5.2,4.9,1
ORD-04261,2025-03-24,Monday,15,Delivery,Habitual,Café,Flat White,1,1897.0,0.0,1897.0,15.7,5.0,1
ORD-05432,2025-03-24,Monday,15,Takeaway,Nuevo,Almuerzo,Ensalada,1,4793.0,0.0,4793.0,9.3,5.0,0
ORD-03197,2025-03-24,Monday,16,Mostrador,Nuevo,Café,Flat White,1,1890.0,0.0,1890.0,2.0,5.0,0
ORD-05320,2025-03-24,Monday,17,Mostrador,Habitual,Bebidas frías,Licuado,2,2951.0,0.0,5901.0,2.5,4.3,1
ORD-00078,2025-03-24,Monday,18,Mostrador,Nuevo,Desayuno,Yogur + granola,1,3714.0,0.0,3714.0,11.2,4.4,0
ORD-00976,2025-03-24,Monday,18,Delivery,Habitual,Café,Cortado,2,1863.0,0.0,3726.0,17.0,3.9,0
ORD-04967,2025-03-24,Monday,18,Mostrador,Nuevo,Café,Espresso,2,1490.0,0.1,2682.0,2.0,4.9,0
ORD-02315,2025-03-24,Monday,19,Mostrador,Habitual,Desayuno,Tostadas,2,4443.0,0.1,7997.0,2.0,5.0,0
ORD-03314,2025-03-24,Monday,19,Delivery,Nuevo,Pastelería,Cookie,1,1661.0,0.15,1412.0,20.5,4.1,0
ORD-03811,2025-03-25,Tuesday,10,Mostrador,Nuevo,Almuerzo,Ensalada,1,5775.0,0.0,5775.0,6.9,4.8,1
ORD-03782,2025-03-25,Tuesday,11,Mostrador,Frecuente,Pastelería,Cookie,1,1668.0,0.0,1668.0,2.3,4.6,1
ORD-03336,2025-03-25,Tuesday,12,Takeaway,Nuevo,Desayuno,Avocado toast,3,4988.0,0.1,13468.0,8.7,4.9,0
ORD-06068,2025-03-25,Tuesday,12,Mostrador,Habitual,Almuerzo,Bagel,1,5196.0,0.0,5196.0,9.8,4.3,0
ORD-00567,2025-03-25,Tuesday,13,Mostrador,Habitual,Bebidas frías,Licuado,1,2649.0,0.0,2649.0,9.2,4.8,0
ORD-01503,2025-03-25,Tuesday,13,Mostrador,Nuevo,Bebidas frías,Iced latte,3,3097.0,0.0,9291.0,12.1,4.7,0
ORD-01512,2025-03-25,Tuesday,14,Delivery,Habitual,Pastelería,Croissant,2,1556.0,0.0,3111.0,24.2,3.2,0
ORD-05246,2025-03-25,Tuesday,14,Delivery,Habitual,Café,Americano,1,1882.0,0.0,1882.0,18.7,3.8,0
ORD-05416,2025-03-25,Tuesday,15,Mostrador,Nuevo,Café,Americano,1,1819.0,0.0,1819.0,4.8,4.3,1
ORD-02936,2025-03-25,Tuesday,16,Mostrador,Habitual,Almuerzo,Wrap,1,5075.0,0.0,5075.0,5.0,5.0,1
ORD-02968,2025-03-25,Tuesday,16,Takeaway,Nuevo,Almuerzo,Wrap,1,5065.0,0.0,5065.0,5.6,4.6,0
ORD-00412,2025-03-25,Tuesday,19,Mostrador,Nuevo,Bebidas frías,Iced latte,1,2392.0,0.0,2392.0,6.1,4.9,1
ORD-03089,2025-03-26,Wednesday,10,Mostrador,Habitual,Almuerzo,Bagel,1,5083.0,0.0,5083.0,5.9,4.4,0
ORD-06333,2025-03-26,Wednesday,11,Takeaway,Habitual,Bebidas frías,Cold brew,2,3260.0,0.15,5542.0,7.7,4.9,1
ORD-01545,2025-03-26,Wednesday,12,Mostrador,Habitual,Almuerzo,Wrap,2,5543.0,0.0,11085.0,9.2,4.4,0
ORD-05030,2025-03-26,Wednesday,12,Mostrador,Nuevo,Almuerzo,Ensalada,1,5489.0,0.0,5489.0,10.9,4.4,0
ORD-00326,2025-03-26,Wednesday,13,Takeaway,Nuevo,Café,Americano,1,1957.0,0.0,1957.0,8.1,4.1,1
ORD-00626,2025-03-26,Wednesday,13,Takeaway,Nuevo,Café,Espresso,1,1570.0,0.0,1570.0,12.4,3.7,0
ORD-01112,2025-03-26,Wednesday,14,Takeaway,Habitual,Café,Cortado,1,2036.0,0.1,1832.0,9.5,5.0,1
ORD-05216,2025-03-26,Wednesday,14,Takeaway,Habitual,Café,Flat White,2,1763.0,0.0,3527.0,9.1,4.4,1
ORD-01479,2025-03-26,Wednesday,15,Takeaway,Nuevo,Bebidas frías,Limonada,2,2668.0,0.0,5337.0,3.8,5.0,0
ORD-01656,2025-03-26,Wednesday,15,Mostrador,Nuevo,Café,Americano,3,1718.0,0.0,5153.0,7.4,4.4,0
ORD-03911,2025-03-26,Wednesday,15,Takeaway,Habitual,Pastelería,Tostada dulce,1,1570.0,0.1,1413.0,9.0,3.7,0
ORD-03484,2025-03-26,Wednesday,17,Takeaway,Habitual,Bebidas frías,Limonada,1,2684.0,0.0,2684.0,12.2,4.1,0
ORD-05694,2025-03-26,Wednesday,17,Mostrador,Habitual,Desayuno,Yogur + granola,1,4472.0,0.0,4472.0,5.0,4.5,1
ORD-06121,2025-03-26,Wednesday,18,Mostrador,Nuevo,Café,Espresso,2,1757.0,0.0,3513.0,2.0,4.8,1
ORD-00486,2025-03-26,Wednesday,20,Mostrador,Habitual,Bebidas frías,Licuado,2,2792.0,0.0,5585.0,3.6,4.2,0
ORD-03702,2025-03-26,Wednesday,20,Takeaway,Frecuente,Desayuno,Avocado toast,1,3546.0,0.05,3369.0,9.5,5.0,0
ORD-01291,2025-03-27,Thursday,8,Delivery,Nuevo,Bebidas frías,Licuado,1,2616.0,0.0,2616.0,21.8,4.3,0
ORD-01386,2025-03-27,Thursday,8,Delivery,Frecuente,Desayuno,Combo desayuno,2,4257.0,0.0,8514.0,21.5,4.5,1
ORD-00148,2025-03-27,Thursday,9,Takeaway,Frecuente,Desayuno,Combo desayuno,1,3893.0,0.0,3893.0,13.5,4.2,1
ORD-06040,2025-03-27,Thursday,9,Takeaway,Nuevo,Bebidas frías,Cold brew,1,2913.0,0.05,2768.0,10.4,4.8,0
ORD-06415,2025-03-27,Thursday,9,Mostrador,Habitual,Café,Flat White,2,1849.0,0.0,3699.0,6.6,4.5,0
ORD-02209,2025-03-27,Thursday,11,Takeaway,Habitual,Almuerzo,Ensalada,2,5073.0,0.0,10146.0,9.9,4.2,0
ORD-03435,2025-03-27,Thursday,11,Takeaway,Frecuente,Pastelería,Tostada dulce,2,1614.0,0.0,3228.0,5.9,5.0,1
ORD-06263,2025-03-27,Thursday,11,Takeaway,Frecuente,Pastelería,Croissant,3,1335.0,0.0,4006.0,9.0,4.4,0
ORD-05387,2025-03-27,Thursday,12,Mostrador,Nuevo,Café,Latte,1,1845.0,0.0,1845.0,8.2,4.8,0
ORD-01877,2025-03-27,Thursday,13,Mostrador,Habitual,Café,Flat White,1,1814.0,0.0,1814.0,6.0,4.5,1
ORD-01817,2025-03-27,Thursday,15,Mostrador,Nuevo,Café,Cortado,3,1665.0,0.0,4995.0,6.5,5.0,0
ORD-02293,2025-03-27,Thursday,15,Delivery,Nuevo,Almuerzo,Tostado,1,5299.0,0.0,5299.0,15.8,4.0,0
ORD-04964,2025-03-27,Thursday,15,Mostrador,Habitual,Café,Flat White,2,1750.0,0.0,3500.0,4.8,5.0,0
ORD-03210,2025-03-27,Thursday,16,Takeaway,Habitual,Café,Espresso,2,1684.0,0.0,3369.0,7.0,4.4,0
ORD-04706,2025-03-27,Thursday,16,Mostrador,Nuevo,Bebidas frías,Limonada,1,2382.0,0.1,2144.0,5.5,4.6,1
ORD-05305,2025-03-27,Thursday,17,Delivery,Nuevo,Café,Flat White,2,2054.0,0.0,4108.0,22.5,3.8,0
ORD-01288,2025-03-27,Thursday,18,Mostrador,Frecuente,Café,Americano,1,1864.0,0.1,1677.0,2.0,5.0,0
ORD-02175,2025-03-27,Thursday,19,Mostrador,Nuevo,Desayuno,Avocado toast,2,4507.0,0.0,9014.0,5.7,4.8,0
ORD-00637,2025-03-27,Thursday,20,Takeaway,Habitual,Almuerzo,Ensalada,1,5349.0,0.0,5349.0,12.9,4.2,0
ORD-01609,2025-03-28,Friday,7,Mostrador,Nuevo,Café,Americano,1,1997.0,0.05,1897.0,6.6,4.5,0
ORD-00510,2025-03-28,Friday,10,Delivery,Habitual,Almuerzo,Tostado,2,5356.0,0.0,10712.0,24.5,3.4,1
ORD-03372,2025-03-28,Friday,12,Mostrador,Frecuente,Almuerzo,Bagel,2,6248.0,0.05,11871.0,5.5,4.4,0
ORD-03628,2025-03-28,Friday,12,Takeaway,Habitual,Desayuno,Combo desayuno,1,4692.0,0.1,4223.0,11.8,5.0,0
ORD-00566,2025-03-28,Friday,13,Takeaway,Habitual,Desayuno,Tostadas,2,4699.0,0.0,9399.0,10.8,4.5,0
ORD-00719,2025-03-28,Friday,13,Mostrador,Nuevo,Café,Espresso,1,1948.0,0.0,1948.0,7.4,5.0,0
ORD-04764,2025-03-28,Friday,13,Takeaway,Nuevo,Café,Espresso,2,1951.0,0.0,3903.0,6.7,4.6,0
ORD-06083,2025-03-28,Friday,13,Delivery,Frecuente,Desayuno,Combo desayuno,2,4329.0,0.0,8659.0,18.8,4.2,0
ORD-03110,2025-03-28,Friday,14,Mostrador,Habitual,Desayuno,Tostadas,1,4049.0,0.05,3847.0,8.9,4.7,0
ORD-05115,2025-03-28,Friday,14,Mostrador,Habitual,Desayuno,Yogur + granola,1,3834.0,0.05,3642.0,7.9,4.8,0
ORD-02882,2025-03-28,Friday,15,Takeaway,Habitual,Almuerzo,Bagel,2,5579.0,0.0,11158.0,8.5,4.9,1
ORD-04834,2025-03-28,Friday,15,Takeaway,Nuevo,Bebidas frías,Licuado,2,2628.0,0.0,5257.0,6.4,4.8,1
ORD-01308,2025-03-28,Friday,16,Mostrador,Nuevo,Bebidas frías,Licuado,1,2661.0,0.0,2661.0,3.7,4.4,0
ORD-00327,2025-03-28,Friday,17,Mostrador,Habitual,Café,Latte,2,1803.0,0.1,3245.0,8.9,4.4,0
ORD-03255,2025-03-28,Friday,17,Mostrador,Habitual,Bebidas frías,Limonada,2,2744.0,0.0,5488.0,5.0,4.7,1
ORD-06463,2025-03-28,Friday,18,Mostrador,Habitual,Café,Flat White,1,1582.0,0.0,1582.0,4.3,5.0,0
ORD-03293,2025-03-28,Friday,19,Mostrador,Nuevo,Almuerzo,Wrap,1,5448.0,0.0,5448.0,2.0,5.0,0
ORD-00189,2025-03-29,Saturday,7,Takeaway,Habitual,Pastelería,Medialuna,1,1637.0,0.05,1555.0,7.8,4.7,1
ORD-04240,2025-03-29,Saturday,7,Mostrador,Frecuente,Desayuno,Avocado toast,2,4086.0,0.0,8172.0,7.9,4.5,1
ORD-01265,2025-03-29,Saturday,10,Delivery,Nuevo,Desayuno,Yogur + granola,2,4132.0,0.0,8264.0,23.5,4.2,0
ORD-04607,2025-03-29,Saturday,11,Mostrador,Frecuente,Café,Flat White,1,1819.0,0.0,1819.0,3.4,4.3,0
ORD-00832,2025-03-29,Saturday,12,Mostrador,Habitual,Pastelería,Cookie,3,1606.0,0.0,4818.0,5.8,4.8,0
ORD-00854,2025-03-29,Saturday,12,Takeaway,Habitual,Bebidas frías,Limonada,2,2823.0,0.1,5082.0,12.6,4.4,1
ORD-06161,2025-03-29,Saturday,12,Delivery,Nuevo,Pastelería,Medialuna,1,1740.0,0.0,1740.0,17.1,3.3,0
ORD-00384,2025-03-29,Saturday,13,Takeaway,Habitual,Café,Americano,3,1792.0,0.0,5376.0,10.9,4.3,0
ORD-01047,2025-03-29,Saturday,13,Mostrador,Nuevo,Pastelería,Medialuna,3,1584.0,0.0,4751.0,7.8,5.0,0
ORD-02182,2025-03-29,Saturday,13,Takeaway,Nuevo,Desayuno,Combo desayuno,2,3960.0,0.0,7919.0,10.8,3.8,0
ORD-03094,2025-03-29,Saturday,13,Mostrador,Frecuente,Bebidas frías,Iced latte,1,2808.0,0.0,2808.0,12.4,4.6,0
ORD-02967,2025-03-29,Saturday,14,Mostrador,Nuevo,Bebidas frías,Cold brew,1,2627.0,0.0,2627.0,8.1,5.0,1
ORD-03084,2025-03-29,Saturday,14,Mostrador,Nuevo,Pastelería,Medialuna,1,1612.0,0.0,1612.0,10.4,4.3,0
ORD-04200,2025-03-29,Saturday,14,Mostrador,Nuevo,Pastelería,Medialuna,3,1646.0,0.0,4937.0,7.7,4.7,1
ORD-00593,2025-03-29,Saturday,15,Mostrador,Nuevo,Café,Latte,1,1920.0,0.0,1920.0,2.1,5.0,0
ORD-05573,2025-03-29,Saturday,15,Mostrador,Nuevo,Café,Cortado,1,1990.0,0.05,1890.0,3.7,4.9,0
ORD-05374,2025-03-29,Saturday,16,Takeaway,Frecuente,Bebidas frías,Limonada,1,2741.0,0.1,2467.0,7.0,4.2,0
ORD-00097,2025-03-29,Saturday,17,Takeaway,Habitual,Pastelería,Medialuna,3,1555.0,0.0,4666.0,6.3,4.4,0
ORD-02667,2025-03-29,Saturday,17,Delivery,Habitual,Pastelería,Medialuna,1,1697.0,0.0,1697.0,23.4,3.9,1
ORD-03073,2025-03-29,Saturday,18,Mostrador,Nuevo,Desayuno,Avocado toast,2,4089.0,0.05,7769.0,4.8,4.9,0
ORD-02641,2025-03-29,Saturday,20,Mostrador,Habitual,Café,Cortado,3,1910.0,0.15,4870.0,4.0,4.8,0
ORD-01251,2025-03-30,Sunday,7,Takeaway,Nuevo,Pastelería,Cookie,2,1434.0,0.0,2868.0,5.4,5.0,0
ORD-01542,2025-03-30,Sunday,7,Mostrador,Nuevo,Café,Flat White,1,1858.0,0.0,1858.0,5.5,4.0,0
ORD-02253,2025-03-30,Sunday,9,Mostrador,Habitual,Almuerzo,Ensalada,1,5144.0,0.15,4373.0,13.0,4.1,0
ORD-01124,2025-03-30,Sunday,10,Mostrador,Nuevo,Pastelería,Croissant,1,1627.0,0.05,1546.0,10.2,4.1,0
ORD-01786,2025-03-30,Sunday,11,Mostrador,Habitual,Café,Espresso,1,1958.0,0.0,1958.0,3.8,5.0,0
ORD-06477,2025-03-30,Sunday,11,Delivery,Habitual,Café,Latte,1,1960.0,0.0,1960.0,13.8,4.7,0
ORD-03275,2025-03-30,Sunday,12,Mostrador,Nuevo,Almuerzo,Bagel,2,4745.0,0.0,9490.0,7.2,5.0,0
ORD-05972,2025-03-30,Sunday,12,Mostrador,Nuevo,Desayuno,Combo desayuno,1,4190.0,0.0,4190.0,7.2,4.4,1
ORD-01709,2025-03-30,Sunday,13,Delivery,Nuevo,Almuerzo,Ensalada,1,4598.0,0.1,4138.0,21.0,4.1,0
ORD-01506,2025-03-30,Sunday,14,Mostrador,Habitual,Almuerzo,Tostado,2,5236.0,0.0,10473.0,12.1,4.6,0
ORD-06475,2025-03-30,Sunday,15,Mostrador,Nuevo,Bebidas frías,Iced latte,3,2882.0,0.0,8645.0,2.0,5.0,0
ORD-03968,2025-03-30,Sunday,16,Mostrador,Nuevo,Almuerzo,Wrap,3,6104.0,0.0,18311.0,2.5,4.2,0
ORD-01402,2025-03-30,Sunday,17,Mostrador,Nuevo,Almuerzo,Wrap,1,4499.0,0.0,4499.0,4.4,5.0,1
ORD-03745,2025-03-30,Sunday,17,Takeaway,Nuevo,Bebidas frías,Limonada,2,2328.0,0.0,4656.0,5.4,4.7,0
ORD-05103,2025-03-30,Sunday,17,Takeaway,Nuevo,Desayuno,Avocado toast,3,3691.0,0.05,10519.0,7.2,4.7,1
ORD-05260,2025-03-30,Sunday,18,Mostrador,Nuevo,Bebidas frías,Limonada,2,3106.0,0.0,6213.0,6.0,4.6,0
ORD-05273,2025-03-30,Sunday,20,Takeaway,Nuevo,Pastelería,Cookie,2,1715.0,0.0,3431.0,3.0,5.0,0
ORD-01906,2025-03-31,Monday,7,Takeaway,Nuevo,Café,Flat White,2,1889.0,0.0,3778.0,10.4,4.3,0
ORD-03278,2025-03-31,Monday,7,Mostrador,Nuevo,Almuerzo,Tostado,1,4810.0,0.15,4088.0,3.5,5.0,0
ORD-05688,2025-03-31,Monday,7,Mostrador,Nuevo,Café,Flat White,1,1832.0,0.0,1832.0,8.2,4.9,1
ORD-00119,2025-03-31,Monday,10,Mostrador,Nuevo,Pastelería,Cookie,1,1600.0,0.0,1600.0,12.3,4.0,0
ORD-01811,2025-03-31,Monday,10,Takeaway,Nuevo,Almuerzo,Ensalada,1,4950.0,0.0,4950.0,12.9,4.5,1
ORD-02687,2025-03-31,Monday,11,Mostrador,Frecuente,Café,Cortado,1,1540.0,0.05,1463.0,5.0,4.2,1
ORD-05834,2025-03-31,Monday,11,Mostrador,Habitual,Café,Cortado,1,1722.0,0.0,1722.0,2.2,5.0,0
ORD-06006,2025-03-31,Monday,11,Mostrador,Habitual,Bebidas frías,Iced latte,1,2996.0,0.0,2996.0,7.4,4.7,0
ORD-06126,2025-03-31,Monday,11,Takeaway,Habitual,Desayuno,Yogur + granola,1,4047.0,0.0,4047.0,7.2,4.3,0
ORD-01013,2025-03-31,Monday,12,Mostrador,Nuevo,Café,Latte,2,1736.0,0.0,3473.0,10.1,4.0,0
ORD-04499,2025-03-31,Monday,12,Mostrador,Nuevo,Almuerzo,Ensalada,2,4611.0,0.1,8301.0,10.4,5.0,1
ORD-05328,2025-03-31,Monday,12,Takeaway,Nuevo,Almuerzo,Bagel,1,4756.0,0.05,4519.0,11.0,4.3,0
ORD-00831,2025-03-31,Monday,13,Takeaway,Habitual,Almuerzo,Wrap,2,5201.0,0.0,10402.0,8.7,4.9,1
ORD-01454,2025-03-31,Monday,13,Mostrador,Nuevo,Café,Americano,2,1495.0,0.0,2990.0,10.5,4.7,0
ORD-05612,2025-03-31,Monday,13,Mostrador,Habitual,Bebidas frías,Iced latte,3,3159.0,0.1,8529.0,6.9,4.7,0
ORD-00989,2025-03-31,Monday,14,Takeaway,Habitual,Café,Americano,1,1878.0,0.0,1878.0,13.8,4.4,0
ORD-01892,2025-03-31,Monday,14,Mostrador,Nuevo,Pastelería,Budín,2,1515.0,0.0,3030.0,6.4,4.8,1
ORD-02751,2025-03-31,Monday,14,Takeaway,Nuevo,Café,Americano,1,1893.0,0.0,1893.0,7.6,5.0,1
ORD-03482,2025-03-31,Monday,14,Mostrador,Nuevo,Café,Cortado,1,1998.0,0.0,1998.0,10.2,4.4,0
ORD-03878,2025-03-31,Monday,14,Mostrador,Nuevo,Desayuno,Combo desayuno,1,4365.0,0.0,4365.0,12.2,4.3,0
ORD-02487,2025-03-31,Monday,15,Takeaway,Frecuente,Café,Espresso,1,1704.0,0.05,1619.0,6.5,4.4,1
ORD-05878,2025-03-31,Monday,15,Takeaway,Habitual,Café,Flat White,1,1723.0,0.05,1637.0,4.7,4.6,0
ORD-06385,2025-03-31,Monday,15,Mostrador,Nuevo,Desayuno,Avocado toast,1,4217.0,0.0,4217.0,6.5,4.8,1
ORD-00857,2025-03-31,Monday,16,Mostrador,Nuevo,Bebidas frías,Cold brew,3,2961.0,0.0,8884.0,2.0,4.9,1
ORD-02162,2025-03-31,Monday,17,Delivery,Habitual,Desayuno,Tostadas,1,4618.0,0.0,4618.0,20.2,3.3,0
ORD-05655,2025-03-31,Monday,19,Mostrador,Frecuente,Café,Flat White,3,1817.0,0.15,4632.0,7.7,4.4,1
ORD-00315,2025-03-31,Monday,20,Mostrador,Habitual,Bebidas frías,Cold brew,1,2575.0,0.05,2446.0,6.9,4.4,0
ORD-01107,2025-03-31,Monday,20,Takeaway,Nuevo,Desayuno,Yogur + granola,2,3855.0,0.05,7325.0,4.7,5.0,0
ORD-03570,2025-03-31,Monday,20,Mostrador,Habitual,Bebidas frías,Iced latte,1,2623.0,0.0,2623.0,2.0,5.0,0
ORD-06100,2025-04-01,Tuesday,7,Delivery,Frecuente,Almuerzo,Ensalada,2,4901.0,0.0,9802.0,19.8,4.2,1
ORD-04048,2025-04-01,Tuesday,9,Mostrador,Habitual,Bebidas frías,Limonada,1,2673.0,0.0,2673.0,8.2,4.3,1
ORD-03061,2025-04-01,Tuesday,10,Takeaway,Nuevo,Café,Latte,1,1933.0,0.0,1933.0,11.2,4.2,0
ORD-05918,2025-04-01,Tuesday,10,Delivery,Habitual,Bebidas frías,Cold brew,1,2691.0,0.0,2691.0,23.3,4.1,1
ORD-01904,2025-04-01,Tuesday,11,Mostrador,Nuevo,Pastelería,Cookie,1,1573.0,0.05,1495.0,4.8,4.4,0
ORD-02100,2025-04-01,Tuesday,11,Mostrador,Habitual,Café,Latte,1,1715.0,0.0,1715.0,4.9,4.8,0
ORD-04812,2025-04-01,Tuesday,11,Delivery,Nuevo,Pastelería,Medialuna,1,1461.0,0.0,1461.0,18.1,3.8,0
ORD-05424,2025-04-01,Tuesday,11,Takeaway,Habitual,Café,Cortado,1,1705.0,0.05,1620.0,12.1,3.8,0
ORD-00508,2025-04-01,Tuesday,12,Mostrador,Nuevo,Desayuno,Tostadas,1,4324.0,0.0,4324.0,5.8,5.0,0
ORD-03386,2025-04-01,Tuesday,12,Delivery,Nuevo,Almuerzo,Tostado,1,5304.0,0.0,5304.0,26.8,4.3,1
ORD-04079,2025-04-01,Tuesday,12,Mostrador,Nuevo,Almuerzo,Tostado,3,5745.0,0.0,17234.0,9.8,4.7,1
ORD-01515,2025-04-01,Tuesday,13,Mostrador,Frecuente,Café,Americano,1,1984.0,0.0,1984.0,9.2,4.3,0
ORD-01563,2025-04-01,Tuesday,14,Mostrador,Habitual,Pastelería,Cookie,2,1610.0,0.0,3220.0,7.9,4.4,0
ORD-06035,2025-04-01,Tuesday,14,Mostrador,Habitual,Pastelería,Medialuna,2,1569.0,0.05,2981.0,7.4,4.5,0
ORD-03595,2025-04-01,Tuesday,15,Mostrador,Habitual,Bebidas frías,Cold brew,2,2762.0,0.0,5524.0,5.9,4.5,1
ORD-03333,2025-04-01,Tuesday,16,Mostrador,Habitual,Café,Americano,2,1734.0,0.0,3467.0,2.0,4.6,1
ORD-03863,2025-04-01,Tuesday,16,Takeaway,Habitual,Pastelería,Cookie,2,1563.0,0.05,2970.0,7.5,4.6,1
ORD-05127,2025-04-01,Tuesday,16,Delivery,Frecuente,Bebidas frías,Licuado,2,2777.0,0.0,5555.0,17.7,4.2,1
ORD-00925,2025-04-01,Tuesday,17,Delivery,Nuevo,Pastelería,Tostada dulce,3,1659.0,0.15,4231.0,19.1,4.4,0
ORD-05088,2025-04-02,Wednesday,9,Mostrador,Habitual,Pastelería,Croissant,3,1424.0,0.0,4273.0,4.8,4.9,0
ORD-03703,2025-04-02,Wednesday,10,Mostrador,Nuevo,Pastelería,Tostada dulce,2,1495.0,0.0,2990.0,13.2,5.0,0
ORD-03718,2025-04-02,Wednesday,10,Takeaway,Habitual,Café,Flat White,1,1614.0,0.15,1372.0,11.8,4.3,0
ORD-00568,2025-04-02,Wednesday,12,Mostrador,Habitual,Café,Americano,2,1702.0,0.0,3404.0,5.1,5.0,0
ORD-02399,2025-04-02,Wednesday,13,Mostrador,Nuevo,Café,Americano,1,1772.0,0.0,1772.0,10.2,4.0,1
ORD-04007,2025-04-02,Wednesday,13,Delivery,Habitual,Almuerzo,Ensalada,1,4562.0,0.1,4106.0,22.0,3.3,0
ORD-00617,2025-04-02,Wednesday,14,Takeaway,Frecuente,Pastelería,Budín,1,1834.0,0.0,1834.0,11.3,4.5,1
ORD-01413,2025-04-02,Wednesday,14,Mostrador,Habitual,Café,Espresso,2,1923.0,0.0,3845.0,11.4,5.0,1
ORD-04748,2025-04-02,Wednesday,14,Mostrador,Frecuente,Almuerzo,Bagel,2,4829.0,0.0,9658.0,11.4,3.9,0
ORD-05748,2025-04-02,Wednesday,14,Mostrador,Nuevo,Pastelería,Cookie,1,1502.0,0.0,1502.0,9.0,3.5,0
ORD-00483,2025-04-02,Wednesday,15,Mostrador,Habitual,Desayuno,Yogur + granola,1,4121.0,0.0,4121.0,6.6,4.7,1
ORD-03431,2025-04-02,Wednesday,15,Mostrador,Nuevo,Café,Americano,1,1762.0,0.0,1762.0,7.7,4.2,0
ORD-05426,2025-04-02,Wednesday,16,Delivery,Habitual,Bebidas frías,Limonada,2,3076.0,0.0,6153.0,23.0,4.3,1
ORD-05277,2025-04-02,Wednesday,17,Mostrador,Nuevo,Pastelería,Medialuna,3,1588.0,0.0,4763.0,4.9,4.9,0
ORD-05445,2025-04-02,Wednesday,17,Takeaway,Habitual,Pastelería,Tostada dulce,3,1630.0,0.0,4890.0,5.0,5.0,1
ORD-02237,2025-04-02,Wednesday,18,Mostrador,Nuevo,Bebidas frías,Cold brew,2,2849.0,0.0,5697.0,5.2,4.8,1
ORD-06165,2025-04-02,Wednesday,18,Delivery,Frecuente,Café,Latte,1,1989.0,0.0,1989.0,19.3,3.9,1
ORD-03391,2025-04-03,Thursday,7,Takeaway,Habitual,Café,Espresso,1,1614.0,0.0,1614.0,4.6,4.4,0
ORD-05637,2025-04-03,Thursday,8,Mostrador,Nuevo,Bebidas frías,Licuado,2,2777.0,0.15,4721.0,7.3,5.0,0
ORD-01660,2025-04-03,Thursday,11,Mostrador,Frecuente,Bebidas frías,Iced latte,2,2842.0,0.0,5684.0,4.0,4.7,0
ORD-01852,2025-04-03,Thursday,12,Mostrador,Habitual,Desayuno,Yogur + granola,2,4354.0,0.15,7401.0,7.6,4.8,1
ORD-05451,2025-04-03,Thursday,12,Mostrador,Nuevo,Café,Cortado,1,1924.0,0.0,1924.0,9.5,4.1,0
ORD-01818,2025-04-03,Thursday,13,Takeaway,Habitual,Pastelería,Budín,3,1835.0,0.0,5506.0,8.8,5.0,1
ORD-03306,2025-04-03,Thursday,13,Mostrador,Habitual,Café,Americano,2,1314.0,0.05,2496.0,8.3,3.7,0
ORD-04488,2025-04-03,Thursday,13,Takeaway,Habitual,Pastelería,Medialuna,2,1514.0,0.1,2725.0,8.5,3.9,0
ORD-05027,2025-04-03,Thursday,13,Takeaway,Habitual,Café,Americano,1,1615.0,0.0,1615.0,12.7,4.1,0
ORD-00919,2025-04-03,Thursday,14,Mostrador,Habitual,Almuerzo,Bagel,2,4938.0,0.0,9875.0,8.4,5.0,1
ORD-04452,2025-04-03,Thursday,14,Delivery,Frecuente,Bebidas frías,Licuado,1,2647.0,0.1,2383.0,21.6,3.3,1
ORD-05945,2025-04-03,Thursday,14,Delivery,Nuevo,Café,Espresso,1,1687.0,0.15,1434.0,23.8,3.7,0
ORD-03222,2025-04-03,Thursday,15,Mostrador,Nuevo,Almuerzo,Wrap,1,5106.0,0.0,5106.0,6.1,4.7,0
ORD-06255,2025-04-03,Thursday,15,Mostrador,Nuevo,Pastelería,Croissant,1,1618.0,0.0,1618.0,2.8,4.6,0
ORD-01562,2025-04-03,Thursday,16,Takeaway,Frecuente,Bebidas frías,Iced latte,1,3134.0,0.0,3134.0,6.6,4.3,1
ORD-01942,2025-04-03,Thursday,16,Takeaway,Nuevo,Café,Flat White,2,1938.0,0.0,3876.0,7.7,4.4,0
ORD-01307,2025-04-03,Thursday,17,Mostrador,Nuevo,Bebidas frías,Iced latte,1,2716.0,0.1,2444.0,2.0,5.0,0
ORD-00696,2025-04-03,Thursday,18,Mostrador,Nuevo,Almuerzo,Ensalada,1,4587.0,0.0,4587.0,2.0,5.0,1
ORD-06066,2025-04-03,Thursday,19,Takeaway,Habitual,Café,Americano,2,1883.0,0.1,3390.0,8.2,5.0,0
ORD-06433,2025-04-03,Thursday,20,Mostrador,Habitual,Pastelería,Medialuna,2,1543.0,0.0,3085.0,8.0,5.0,0
ORD-05835,2025-04-04,Friday,7,Takeaway,Nuevo,Pastelería,Medialuna,2,1459.0,0.0,2919.0,7.1,5.0,1
ORD-05930,2025-04-04,Friday,8,Takeaway,Frecuente,Desayuno,Yogur + granola,2,4339.0,0.0,8678.0,8.1,5.0,1
ORD-03793,2025-04-04,Friday,9,Mostrador,Habitual,Bebidas frías,Limonada,1,2608.0,0.1,2347.0,12.2,4.0,0
ORD-04358,2025-04-04,Friday,9,Mostrador,Habitual,Café,Americano,1,1717.0,0.0,1717.0,11.3,4.7,0
ORD-06224,2025-04-04,Friday,9,Mostrador,Nuevo,Café,Cortado,1,1976.0,0.05,1877.0,9.3,4.6,0
ORD-05117,2025-04-04,Friday,10,Mostrador,Habitual,Café,Latte,1,1705.0,0.0,1705.0,10.8,4.3,1
ORD-06364,2025-04-04,Friday,11,Delivery,Habitual,Bebidas frías,Limonada,2,2628.0,0.0,5256.0,21.7,4.5,1
ORD-04427,2025-04-04,Friday,12,Mostrador,Habitual,Bebidas frías,Cold brew,1,3069.0,0.0,3069.0,11.3,5.0,0
ORD-05059,2025-04-04,Friday,13,Mostrador,Nuevo,Bebidas frías,Cold brew,1,2852.0,0.15,2424.0,10.8,4.4,0
ORD-02608,2025-04-04,Friday,14,Mostrador,Nuevo,Bebidas frías,Limonada,1,2992.0,0.05,2842.0,8.6,4.4,0
ORD-05853,2025-04-04,Friday,14,Takeaway,Frecuente,Bebidas frías,Limonada,2,2903.0,0.15,4935.0,11.8,4.4,0
ORD-05941,2025-04-04,Friday,14,Mostrador,Habitual,Desayuno,Avocado toast,3,4635.0,0.0,13905.0,9.4,4.6,0
ORD-01425,2025-04-04,Friday,15,Takeaway,Habitual,Almuerzo,Bagel,1,5411.0,0.0,5411.0,2.0,4.4,0
ORD-02346,2025-04-04,Friday,15,Mostrador,Nuevo,Café,Flat White,3,1947.0,0.0,5842.0,7.4,4.5,1
ORD-03319,2025-04-04,Friday,15,Mostrador,Habitual,Bebidas frías,Limonada,1,3179.0,0.0,3179.0,5.1,5.0,0
ORD-00933,2025-04-04,Friday,16,Takeaway,Nuevo,Almuerzo,Tostado,1,4812.0,0.1,4331.0,7.2,4.7,0
ORD-02126,2025-04-04,Friday,16,Mostrador,Nuevo,Desayuno,Tostadas,1,4604.0,0.1,4144.0,6.2,5.0,0
ORD-04344,2025-04-04,Friday,17,Takeaway,Habitual,Bebidas frías,Limonada,1,2714.0,0.0,2714.0,6.0,5.0,1
ORD-06393,2025-04-04,Friday,18,Mostrador,Nuevo,Pastelería,Cookie,1,1519.0,0.0,1519.0,5.0,4.7,0
ORD-05378,2025-04-04,Friday,19,Mostrador,Habitual,Almuerzo,Tostado,1,4904.0,0.0,4904.0,10.7,4.3,1
ORD-00346,2025-04-04,Friday,20,Takeaway,Habitual,Pastelería,Croissant,3,1680.0,0.1,4536.0,3.0,5.0,0
ORD-05477,2025-04-04,Friday,20,Mostrador,Nuevo,Almuerzo,Tostado,2,5137.0,0.0,10273.0,5.2,4.9,0
ORD-06021,2025-04-05,Saturday,8,Delivery,Nuevo,Café,Americano,1,1832.0,0.0,1832.0,19.8,3.1,0
ORD-01804,2025-04-05,Saturday,10,Mostrador,Habitual,Café,Flat White,1,1938.0,0.0,1938.0,5.5,3.6,0
ORD-03974,2025-04-05,Saturday,10,Takeaway,Nuevo,Bebidas frías,Iced latte,2,2496.0,0.0,4993.0,2.0,5.0,0
ORD-04138,2025-04-05,Saturday,10,Delivery,Habitual,Café,Latte,2,1767.0,0.0,3534.0,21.9,4.2,0
ORD-01179,2025-04-05,Saturday,11,Delivery,Frecuente,Desayuno,Yogur + granola,2,3723.0,0.0,7445.0,17.7,4.1,1
ORD-02188,2025-04-05,Saturday,11,Delivery,Frecuente,Bebidas frías,Licuado,1,2569.0,0.0,2569.0,14.8,4.1,0
ORD-04235,2025-04-05,Saturday,12,Delivery,Nuevo,Almuerzo,Tostado,2,5180.0,0.0,10359.0,22.8,4.3,0
ORD-02079,2025-04-05,Saturday,13,Mostrador,Habitual,Café,Americano,3,1728.0,0.0,5183.0,11.0,4.6,1
ORD-04398,2025-04-05,Saturday,13,Delivery,Nuevo,Almuerzo,Bagel,3,4850.0,0.0,14551.0,23.7,4.9,0
ORD-04387,2025-04-05,Saturday,14,Takeaway,Nuevo,Café,Latte,3,1811.0,0.0,5434.0,11.1,4.5,0
ORD-04794,2025-04-05,Saturday,14,Delivery,Habitual,Café,Latte,1,1404.0,0.0,1404.0,22.8,4.3,0
ORD-06198,2025-04-05,Saturday,14,Mostrador,Habitual,Almuerzo,Bagel,3,4902.0,0.1,13235.0,6.3,4.6,0
ORD-02421,2025-04-05,Saturday,15,Mostrador,Habitual,Bebidas frías,Iced latte,1,2398.0,0.0,2398.0,4.1,4.4,1
ORD-04407,2025-04-05,Saturday,17,Takeaway,Habitual,Almuerzo,Wrap,1,5222.0,0.0,5222.0,7.8,4.2,0
ORD-05558,2025-04-05,Saturday,17,Takeaway,Nuevo,Pastelería,Cookie,1,1532.0,0.05,1455.0,2.5,5.0,1
ORD-02418,2025-04-05,Saturday,18,Delivery,Nuevo,Bebidas frías,Iced latte,2,3122.0,0.0,6245.0,17.5,4.4,0
ORD-03468,2025-04-05,Saturday,18,Takeaway,Nuevo,Bebidas frías,Cold brew,1,2578.0,0.0,2578.0,2.0,5.0,0
ORD-04409,2025-04-06,Sunday,10,Takeaway,Nuevo,Café,Americano,1,1646.0,0.0,1646.0,10.5,4.1,0
ORD-00380,2025-04-06,Sunday,11,Mostrador,Frecuente,Café,Americano,3,1699.0,0.0,5097.0,5.6,5.0,0
ORD-03566,2025-04-06,Sunday,11,Mostrador,Nuevo,Café,Flat White,1,1667.0,0.1,1501.0,2.0,5.0,0
ORD-04405,2025-04-06,Sunday,11,Mostrador,Habitual,Pastelería,Croissant,1,1931.0,0.0,1931.0,7.6,5.0,0
ORD-04650,2025-04-06,Sunday,12,Takeaway,Nuevo,Café,Latte,2,1927.0,0.0,3854.0,10.1,4.9,0
ORD-00211,2025-04-06,Sunday,13,Mostrador,Nuevo,Café,Latte,1,1546.0,0.0,1546.0,14.0,4.6,0
ORD-01502,2025-04-06,Sunday,14,Takeaway,Nuevo,Pastelería,Cookie,2,1603.0,0.1,2886.0,11.5,4.8,0
ORD-03720,2025-04-06,Sunday,14,Mostrador,Habitual,Café,Americano,1,1914.0,0.0,1914.0,9.0,4.9,1
ORD-05947,2025-04-06,Sunday,14,Delivery,Habitual,Desayuno,Avocado toast,1,3867.0,0.0,3867.0,24.3,4.5,0
ORD-02895,2025-04-06,Sunday,15,Mostrador,Habitual,Almuerzo,Ensalada,3,4783.0,0.1,12914.0,5.2,4.9,1
ORD-04859,2025-04-06,Sunday,15,Takeaway,Nuevo,Pastelería,Cookie,2,1527.0,0.0,3054.0,7.5,4.4,0
ORD-05153,2025-04-06,Sunday,15,Mostrador,Habitual,Desayuno,Yogur + granola,1,4026.0,0.1,3623.0,2.0,4.8,0
ORD-04494,2025-04-06,Sunday,19,Mostrador,Nuevo,Café,Latte,2,1880.0,0.0,3761.0,6.4,4.7,0
ORD-01297,2025-04-06,Sunday,20,Delivery,Nuevo,Café,Cortado,1,1717.0,0.0,1717.0,16.6,4.2,0
ORD-05116,2025-04-06,Sunday,20,Mostrador,Nuevo,Almuerzo,Wrap,1,4755.0,0.05,4517.0,2.0,5.0,0
ORD-00209,2025-04-07,Monday,7,Mostrador,Nuevo,Bebidas frías,Iced latte,2,2907.0,0.15,4943.0,4.1,5.0,0
ORD-05289,2025-04-07,Monday,9,Mostrador,Frecuente,Café,Americano,1,1962.0,0.0,1962.0,10.7,5.0,0
ORD-01459,2025-04-07,Monday,10,Takeaway,Frecuente,Almuerzo,Tostado,1,5560.0,0.0,5560.0,12.2,4.4,1
ORD-01882,2025-04-07,Monday,10,Mostrador,Nuevo,Café,Flat White,1,2000.0,0.05,1900.0,6.4,4.7,1
ORD-01701,2025-04-07,Monday,11,Takeaway,Frecuente,Bebidas frías,Limonada,2,2653.0,0.05,5040.0,10.3,4.6,1
ORD-04172,2025-04-07,Monday,11,Mostrador,Frecuente,Pastelería,Croissant,1,1530.0,0.0,1530.0,8.8,4.1,0
ORD-03515,2025-04-07,Monday,12,Mostrador,Nuevo,Pastelería,Budín,1,1473.0,0.0,1473.0,9.4,4.6,1
ORD-01621,2025-04-07,Monday,13,Mostrador,Habitual,Bebidas frías,Licuado,3,2755.0,0.15,7026.0,7.9,4.6,0
ORD-04324,2025-04-07,Monday,13,Mostrador,Habitual,Almuerzo,Ensalada,1,4569.0,0.0,4569.0,7.1,4.9,1
ORD-04509,2025-04-07,Monday,13,Mostrador,Habitual,Café,Latte,2,2010.0,0.0,4020.0,7.1,4.6,1
ORD-04949,2025-04-07,Monday,13,Mostrador,Frecuente,Desayuno,Avocado toast,2,4290.0,0.0,8580.0,12.8,3.8,1
ORD-04741,2025-04-07,Monday,14,Takeaway,Habitual,Café,Latte,1,1852.0,0.0,1852.0,11.9,4.6,1
ORD-02492,2025-04-07,Monday,15,Mostrador,Nuevo,Café,Americano,2,1865.0,0.05,3544.0,8.3,4.4,0
ORD-06193,2025-04-07,Monday,16,Mostrador,Habitual,Desayuno,Tostadas,1,4200.0,0.0,4200.0,3.8,4.9,0
ORD-03200,2025-04-07,Monday,17,Takeaway,Nuevo,Bebidas frías,Cold brew,3,3087.0,0.0,9260.0,12.5,5.0,1
ORD-04234,2025-04-07,Monday,17,Takeaway,Habitual,Pastelería,Cookie,1,1820.0,0.0,1820.0,8.6,4.3,0
ORD-03216,2025-04-07,Monday,18,Takeaway,Nuevo,Bebidas frías,Iced latte,1,2835.0,0.1,2552.0,7.5,4.7,0
ORD-04378,2025-04-07,Monday,19,Takeaway,Nuevo,Bebidas frías,Iced latte,2,2811.0,0.05,5341.0,8.8,4.8,0
ORD-04734,2025-04-07,Monday,20,Mostrador,Habitual,Pastelería,Cookie,2,1804.0,0.05,3427.0,7.7,4.8,0
ORD-01429,2025-04-08,Tuesday,9,Delivery,Habitual,Desayuno,Avocado toast,1,3391.0,0.05,3222.0,23.6,4.2,0
ORD-04187,2025-04-08,Tuesday,9,Delivery,Nuevo,Bebidas frías,Iced latte,1,2845.0,0.0,2845.0,23.4,4.2,0
ORD-03168,2025-04-08,Tuesday,11,Takeaway,Nuevo,Café,Americano,1,1816.0,0.0,1816.0,7.3,4.9,0
ORD-03302,2025-04-08,Tuesday,11,Takeaway,Habitual,Café,Espresso,1,1830.0,0.0,1830.0,6.8,4.9,1
ORD-00618,2025-04-08,Tuesday,12,Mostrador,Frecuente,Desayuno,Tostadas,1,4407.0,0.0,4407.0,12.8,4.7,0
ORD-01673,2025-04-08,Tuesday,12,Takeaway,Habitual,Bebidas frías,Licuado,1,2799.0,0.0,2799.0,12.6,4.9,0
ORD-02301,2025-04-08,Tuesday,12,Mostrador,Habitual,Desayuno,Yogur + granola,1,4149.0,0.0,4149.0,2.4,4.9,0
ORD-02333,2025-04-08,Tuesday,12,Mostrador,Nuevo,Café,Flat White,1,1984.0,0.0,1984.0,8.0,4.5,1
ORD-00292,2025-04-08,Tuesday,14,Mostrador,Habitual,Pastelería,Cookie,1,1646.0,0.0,1646.0,15.1,3.6,0
ORD-01261,2025-04-08,Tuesday,15,Mostrador,Habitual,Almuerzo,Ensalada,2,5396.0,0.0,10792.0,3.8,5.0,0
ORD-06054,2025-04-08,Tuesday,15,Delivery,Habitual,Pastelería,Tostada dulce,3,1647.0,0.15,4199.0,20.0,4.3,0
ORD-06160,2025-04-08,Tuesday,15,Mostrador,Nuevo,Pastelería,Croissant,2,1575.0,0.05,2992.0,3.3,5.0,0
ORD-00206,2025-04-08,Tuesday,17,Mostrador,Nuevo,Almuerzo,Ensalada,1,4956.0,0.0,4956.0,4.8,4.4,0
ORD-04124,2025-04-08,Tuesday,17,Delivery,Nuevo,Pastelería,Cookie,1,1526.0,0.0,1526.0,18.1,4.3,0
ORD-02238,2025-04-09,Wednesday,10,Mostrador,Habitual,Café,Latte,2,2128.0,0.0,4256.0,13.3,3.5,0
ORD-04033,2025-04-09,Wednesday,10,Takeaway,Habitual,Almuerzo,Tostado,3,4599.0,0.05,13106.0,11.9,4.3,1
ORD-04775,2025-04-09,Wednesday,11,Delivery,Nuevo,Desayuno,Yogur + granola,1,4163.0,0.0,4163.0,18.4,3.3,0
ORD-00744,2025-04-09,Wednesday,12,Mostrador,Nuevo,Almuerzo,Ensalada,1,5971.0,0.05,5673.0,4.1,4.5,0
ORD-04017,2025-04-09,Wednesday,12,Takeaway,Nuevo,Café,Espresso,3,1710.0,0.1,4616.0,8.3,4.9,0
ORD-02430,2025-04-09,Wednesday,13,Mostrador,Nuevo,Desayuno,Yogur + granola,3,4490.0,0.0,13469.0,8.2,5.0,0
ORD-00779,2025-04-09,Wednesday,14,Mostrador,Habitual,Desayuno,Yogur + granola,1,4359.0,0.05,4141.0,8.7,4.7,1
ORD-01123,2025-04-09,Wednesday,14,Takeaway,Frecuente,Almuerzo,Ensalada,1,5435.0,0.0,5435.0,12.8,4.6,0
ORD-03754,2025-04-09,Wednesday,14,Mostrador,Nuevo,Café,Flat White,1,1481.0,0.0,1481.0,10.6,4.3,0
ORD-05676,2025-04-09,Wednesday,14,Mostrador,Frecuente,Café,Espresso,1,1915.0,0.0,1915.0,10.6,4.6,0
ORD-06238,2025-04-09,Wednesday,14,Mostrador,Habitual,Desayuno,Avocado toast,3,4010.0,0.15,10225.0,7.6,4.5,1
ORD-02658,2025-04-09,Wednesday,15,Mostrador,Nuevo,Café,Flat White,2,1860.0,0.05,3534.0,8.9,4.9,1
ORD-04087,2025-04-09,Wednesday,15,Takeaway,Nuevo,Pastelería,Cookie,2,1397.0,0.1,2515.0,6.3,4.2,0
ORD-02577,2025-04-09,Wednesday,16,Takeaway,Habitual,Desayuno,Tostadas,2,3749.0,0.1,6749.0,7.6,5.0,0
ORD-00890,2025-04-09,Wednesday,17,Mostrador,Frecuente,Café,Latte,1,1914.0,0.0,1914.0,8.0,4.1,0
ORD-05230,2025-04-09,Wednesday,17,Takeaway,Nuevo,Café,Flat White,3,2015.0,0.0,6044.0,4.3,4.5,0
ORD-06120,2025-04-09,Wednesday,17,Delivery,Habitual,Bebidas frías,Iced latte,1,2801.0,0.0,2801.0,17.3,3.4,0
ORD-04332,2025-04-09,Wednesday,18,Mostrador,Nuevo,Pastelería,Budín,1,1480.0,0.15,1258.0,7.1,5.0,0
ORD-00509,2025-04-09,Wednesday,19,Mostrador,Frecuente,Pastelería,Budín,1,1697.0,0.0,1697.0,4.4,4.5,1
ORD-01011,2025-04-09,Wednesday,20,Mostrador,Habitual,Desayuno,Combo desayuno,1,4393.0,0.0,4393.0,3.5,5.0,0
ORD-05470,2025-04-10,Thursday,8,Mostrador,Nuevo,Pastelería,Medialuna,2,1979.0,0.05,3760.0,11.8,4.1,1
ORD-05365,2025-04-10,Thursday,10,Mostrador,Habitual,Pastelería,Croissant,1,1588.0,0.0,1588.0,4.2,4.5,1
ORD-05711,2025-04-10,Thursday,11,Takeaway,Frecuente,Café,Latte,1,1832.0,0.0,1832.0,4.2,4.8,1
ORD-03032,2025-04-10,Thursday,12,Takeaway,Nuevo,Pastelería,Cookie,1,1678.0,0.0,1678.0,12.6,5.0,0
ORD-04247,2025-04-10,Thursday,12,Mostrador,Nuevo,Bebidas frías,Iced latte,3,2782.0,0.1,7511.0,7.8,4.1,1
ORD-03060,2025-04-10,Thursday,16,Mostrador,Nuevo,Almuerzo,Tostado,3,5627.0,0.0,16882.0,6.4,4.9,1
ORD-03100,2025-04-10,Thursday,16,Takeaway,Nuevo,Almuerzo,Wrap,2,4980.0,0.0,9960.0,3.6,5.0,0
ORD-06289,2025-04-10,Thursday,16,Mostrador,Frecuente,Almuerzo,Tostado,2,5650.0,0.0,11301.0,2.0,4.4,1
ORD-00216,2025-04-10,Thursday,17,Mostrador,Habitual,Almuerzo,Bagel,1,4257.0,0.0,4257.0,6.0,4.1,1
ORD-06240,2025-04-10,Thursday,19,Mostrador,Habitual,Almuerzo,Wrap,3,5146.0,0.0,15438.0,2.0,5.0,1
ORD-01640,2025-04-10,Thursday,20,Mostrador,Frecuente,Pastelería,Medialuna,1,1878.0,0.0,1878.0,2.0,5.0,0
ORD-04242,2025-04-10,Thursday,20,Mostrador,Habitual,Desayuno,Tostadas,2,4517.0,0.0,9034.0,3.1,4.2,0
ORD-04918,2025-04-10,Thursday,20,Takeaway,Habitual,Almuerzo,Bagel,3,5427.0,0.1,14652.0,5.6,4.8,0
ORD-00281,2025-04-11,Friday,8,Mostrador,Habitual,Desayuno,Avocado toast,2,3991.0,0.0,7981.0,7.4,4.9,0
ORD-05754,2025-04-11,Friday,8,Delivery,Habitual,Café,Flat White,2,1522.0,0.1,2740.0,20.1,4.0,0
ORD-03304,2025-04-11,Friday,9,Mostrador,Nuevo,Café,Americano,3,1808.0,0.0,5423.0,6.7,4.2,0
ORD-01491,2025-04-11,Friday,11,Takeaway,Frecuente,Café,Latte,1,1713.0,0.0,1713.0,9.7,4.9,0
ORD-06442,2025-04-11,Friday,11,Mostrador,Nuevo,Almuerzo,Ensalada,1,5570.0,0.0,5570.0,8.8,4.8,1
ORD-04633,2025-04-11,Friday,12,Takeaway,Frecuente,Almuerzo,Ensalada,2,5553.0,0.0,11107.0,12.6,4.8,0
ORD-06269,2025-04-11,Friday,12,Takeaway,Habitual,Café,Latte,1,1701.0,0.0,1701.0,12.6,5.0,1
ORD-00505,2025-04-11,Friday,14,Takeaway,Nuevo,Desayuno,Avocado toast,1,4442.0,0.0,4442.0,12.4,4.7,1
ORD-06253,2025-04-11,Friday,15,Mostrador,Habitual,Café,Americano,1,1643.0,0.0,1643.0,4.9,4.9,1
ORD-03212,2025-04-11,Friday,16,Takeaway,Nuevo,Almuerzo,Tostado,1,5045.0,0.0,5045.0,6.1,4.6,0
ORD-04579,2025-04-11,Friday,17,Delivery,Frecuente,Pastelería,Tostada dulce,1,1586.0,0.0,1586.0,22.0,4.2,0
ORD-01322,2025-04-11,Friday,18,Mostrador,Nuevo,Café,Espresso,1,1391.0,0.1,1252.0,7.6,4.7,0
ORD-03307,2025-04-11,Friday,18,Mostrador,Nuevo,Café,Flat White,1,1871.0,0.1,1683.0,5.7,4.8,0
ORD-04301,2025-04-11,Friday,18,Mostrador,Nuevo,Café,Flat White,2,1818.0,0.0,3637.0,8.0,5.0,1
ORD-04316,2025-04-11,Friday,18,Takeaway,Habitual,Café,Flat White,3,1682.0,0.0,5046.0,6.8,5.0,1
ORD-02106,2025-04-11,Friday,19,Mostrador,Habitual,Café,Flat White,1,1426.0,0.1,1284.0,4.2,4.2,0
ORD-00143,2025-04-11,Friday,20,Mostrador,Frecuente,Pastelería,Medialuna,2,1556.0,0.0,3111.0,10.1,3.7,0
ORD-03796,2025-04-11,Friday,20,Takeaway,Habitual,Desayuno,Yogur + granola,1,4269.0,0.1,3842.0,9.1,3.9,0
ORD-00039,2025-04-12,Saturday,9,Mostrador,Nuevo,Café,Americano,1,1784.0,0.1,1605.0,7.6,3.6,0
ORD-00950,2025-04-12,Saturday,9,Takeaway,Habitual,Bebidas frías,Limonada,1,2523.0,0.1,2271.0,10.7,4.4,0
ORD-05964,2025-04-12,Saturday,9,Takeaway,Habitual,Almuerzo,Bagel,2,4331.0,0.0,8661.0,13.0,4.2,0
ORD-02955,2025-04-12,Saturday,10,Mostrador,Nuevo,Pastelería,Croissant,1,1799.0,0.1,1619.0,9.2,4.5,0
ORD-05611,2025-04-12,Saturday,11,Takeaway,Nuevo,Desayuno,Avocado toast,2,4572.0,0.05,8686.0,2.0,4.9,1
ORD-00111,2025-04-12,Saturday,12,Mostrador,Habitual,Café,Espresso,1,1925.0,0.0,1925.0,9.2,4.2,1
ORD-01192,2025-04-12,Saturday,12,Delivery,Habitual,Café,Espresso,1,1820.0,0.1,1638.0,15.2,3.8,0
ORD-05703,2025-04-12,Saturday,12,Delivery,Habitual,Bebidas frías,Iced latte,2,2490.0,0.0,4979.0,21.3,4.3,1
ORD-01794,2025-04-12,Saturday,13,Takeaway,Nuevo,Café,Latte,2,1708.0,0.0,3417.0,12.0,4.3,1
ORD-03083,2025-04-12,Saturday,14,Mostrador,Habitual,Almuerzo,Wrap,3,5584.0,0.0,16752.0,14.4,3.9,0
ORD-05010,2025-04-12,Saturday,14,Mostrador,Habitual,Café,Latte,1,1737.0,0.0,1737.0,7.3,4.2,0
ORD-05839,2025-04-12,Saturday,14,Mostrador,Habitual,Café,Latte,1,1753.0,0.1,1577.0,7.0,5.0,1
ORD-04246,2025-04-12,Saturday,16,Mostrador,Frecuente,Almuerzo,Wrap,1,4971.0,0.0,4971.0,7.0,5.0,1
ORD-02045,2025-04-12,Saturday,17,Takeaway,Nuevo,Bebidas frías,Licuado,1,2971.0,0.15,2525.0,6.2,5.0,0
ORD-00413,2025-04-12,Saturday,18,Mostrador,Nuevo,Café,Espresso,1,1820.0,0.0,1820.0,4.0,4.2,0
ORD-06030,2025-04-12,Saturday,19,Mostrador,Nuevo,Bebidas frías,Licuado,2,3041.0,0.1,5473.0,5.6,5.0,0
ORD-01999,2025-04-13,Sunday,9,Mostrador,Nuevo,Bebidas frías,Limonada,1,2772.0,0.0,2772.0,8.3,4.9,0
ORD-04034,2025-04-13,Sunday,10,Mostrador,Frecuente,Café,Latte,2,1846.0,0.0,3692.0,13.0,4.1,0
ORD-00314,2025-04-13,Sunday,11,Mostrador,Habitual,Pastelería,Budín,1,1406.0,0.0,1406.0,4.9,4.6,0
ORD-00399,2025-04-13,Sunday,11,Mostrador,Nuevo,Almuerzo,Tostado,1,4811.0,0.0,4811.0,3.2,5.0,0
ORD-01551,2025-04-13,Sunday,13,Mostrador,Nuevo,Desayuno,Avocado toast,1,4500.0,0.0,4500.0,7.8,4.7,1
ORD-02109,2025-04-13,Sunday,13,Takeaway,Habitual,Café,Latte,3,1593.0,0.0,4779.0,8.8,4.5,1
ORD-06007,2025-04-13,Sunday,14,Mostrador,Frecuente,Desayuno,Avocado toast,1,4617.0,0.0,4617.0,7.4,4.8,1
ORD-02111,2025-04-13,Sunday,15,Delivery,Nuevo,Desayuno,Avocado toast,1,4536.0,0.0,4536.0,16.2,4.2,0
ORD-02849,2025-04-13,Sunday,15,Takeaway,Nuevo,Café,Flat White,1,1653.0,0.05,1570.0,6.4,5.0,0
ORD-06221,2025-04-13,Sunday,16,Mostrador,Nuevo,Café,Flat White,1,1942.0,0.0,1942.0,6.2,4.3,1
ORD-02000,2025-04-13,Sunday,17,Takeaway,Habitual,Café,Cortado,3,1726.0,0.0,5177.0,10.7,4.9,0
ORD-06495,2025-04-13,Sunday,17,Mostrador,Nuevo,Bebidas frías,Limonada,1,2312.0,0.0,2312.0,2.0,5.0,0
ORD-00152,2025-04-13,Sunday,18,Mostrador,Habitual,Café,Cortado,1,1767.0,0.0,1767.0,4.0,5.0,1
ORD-01028,2025-04-13,Sunday,18,Mostrador,Habitual,Pastelería,Cookie,1,1543.0,0.0,1543.0,6.0,4.6,1
ORD-06438,2025-04-13,Sunday,18,Takeaway,Frecuente,Bebidas frías,Cold brew,2,2522.0,0.1,4540.0,5.5,4.1,0
ORD-02311,2025-04-13,Sunday,19,Mostrador,Nuevo,Pastelería,Croissant,2,1723.0,0.0,3447.0,7.7,4.3,0
ORD-04146,2025-04-13,Sunday,19,Takeaway,Habitual,Bebidas frías,Licuado,1,2698.0,0.0,2698.0,9.9,4.1,0
ORD-05634,2025-04-14,Monday,7,Takeaway,Frecuente,Almuerzo,Tostado,1,5096.0,0.0,5096.0,8.3,4.5,0
ORD-01209,2025-04-14,Monday,8,Mostrador,Habitual,Desayuno,Avocado toast,3,4206.0,0.0,12619.0,12.2,4.6,1
ORD-02871,2025-04-14,Monday,8,Takeaway,Nuevo,Café,Cortado,1,1771.0,0.0,1771.0,11.9,4.8,0
ORD-00299,2025-04-14,Monday,10,Delivery,Habitual,Café,Flat White,2,1743.0,0.0,3486.0,26.1,3.1,0
ORD-01410,2025-04-14,Monday,10,Mostrador,Habitual,Café,Latte,2,1762.0,0.05,3347.0,7.8,4.8,1
ORD-05890,2025-04-14,Monday,10,Mostrador,Nuevo,Café,Latte,2,1897.0,0.0,3793.0,2.9,5.0,0
ORD-00534,2025-04-14,Monday,11,Delivery,Habitual,Café,Americano,3,1558.0,0.1,4206.0,19.7,3.7,0
ORD-03599,2025-04-14,Monday,11,Takeaway,Frecuente,Almuerzo,Wrap,1,4849.0,0.05,4606.0,7.4,4.4,0
ORD-03039,2025-04-14,Monday,12,Takeaway,Nuevo,Café,Latte,2,1712.0,0.0,3424.0,9.9,4.0,0
ORD-01382,2025-04-14,Monday,13,Mostrador,Frecuente,Almuerzo,Ensalada,1,5608.0,0.0,5608.0,10.1,4.2,0
ORD-01917,2025-04-14,Monday,13,Takeaway,Nuevo,Bebidas frías,Iced latte,1,2902.0,0.0,2902.0,13.5,3.7,0
ORD-02979,2025-04-14,Monday,13,Mostrador,Frecuente,Almuerzo,Tostado,1,4812.0,0.0,4812.0,8.9,4.4,0
ORD-00573,2025-04-14,Monday,14,Mostrador,Habitual,Almuerzo,Wrap,2,5367.0,0.05,10197.0,10.9,4.6,0
ORD-04015,2025-04-14,Monday,14,Takeaway,Nuevo,Almuerzo,Tostado,1,5963.0,0.0,5963.0,9.3,5.0,1
ORD-00814,2025-04-14,Monday,15,Mostrador,Nuevo,Desayuno,Tostadas,1,4161.0,0.1,3744.0,2.9,4.8,0
ORD-02706,2025-04-14,Monday,15,Delivery,Nuevo,Almuerzo,Wrap,1,5064.0,0.1,4557.0,22.5,4.3,0
ORD-02110,2025-04-14,Monday,17,Mostrador,Frecuente,Café,Latte,1,1875.0,0.0,1875.0,5.8,4.4,0
ORD-06476,2025-04-14,Monday,17,Mostrador,Habitual,Desayuno,Combo desayuno,2,4592.0,0.0,9184.0,6.2,4.8,1
ORD-03420,2025-04-14,Monday,18,Mostrador,Habitual,Café,Cortado,2,1767.0,0.0,3534.0,6.0,4.8,1
ORD-04082,2025-04-14,Monday,18,Mostrador,Habitual,Café,Cortado,1,1788.0,0.0,1788.0,3.7,5.0,1
ORD-05541,2025-04-14,Monday,18,Takeaway,Nuevo,Desayuno,Avocado toast,1,4493.0,0.1,4044.0,8.5,5.0,0
ORD-02787,2025-04-14,Monday,19,Mostrador,Nuevo,Café,Flat White,1,1800.0,0.15,1530.0,5.4,4.6,0
ORD-05936,2025-04-14,Monday,20,Mostrador,Frecuente,Café,Flat White,2,1763.0,0.0,3526.0,4.9,4.6,0
ORD-04632,2025-04-15,Tuesday,8,Mostrador,Nuevo,Café,Flat White,1,1860.0,0.0,1860.0,6.5,4.8,1
ORD-05287,2025-04-15,Tuesday,9,Delivery,Habitual,Café,Espresso,2,1707.0,0.0,3413.0,24.7,4.2,0
ORD-05345,2025-04-15,Tuesday,9,Mostrador,Habitual,Pastelería,Cookie,1,1522.0,0.0,1522.0,9.0,5.0,0
ORD-04711,2025-04-15,Tuesday,10,Takeaway,Nuevo,Pastelería,Budín,3,1600.0,0.0,4799.0,8.3,4.8,0
ORD-05110,2025-04-15,Tuesday,10,Mostrador,Nuevo,Café,Americano,1,1688.0,0.0,1688.0,10.3,4.6,0
ORD-04024,2025-04-15,Tuesday,11,Mostrador,Habitual,Café,Espresso,2,1746.0,0.0,3492.0,2.0,4.2,1
ORD-01993,2025-04-15,Tuesday,12,Delivery,Nuevo,Pastelería,Croissant,1,1507.0,0.0,1507.0,18.7,4.6,0
ORD-00450,2025-04-15,Tuesday,13,Takeaway,Habitual,Bebidas frías,Licuado,2,2851.0,0.05,5416.0,6.8,4.1,0
ORD-02812,2025-04-15,Tuesday,13,Mostrador,Nuevo,Almuerzo,Tostado,1,4561.0,0.0,4561.0,7.1,4.2,0
ORD-02219,2025-04-15,Tuesday,14,Mostrador,Frecuente,Almuerzo,Wrap,3,4633.0,0.0,13900.0,11.6,3.7,0
ORD-03716,2025-04-15,Tuesday,14,Mostrador,Nuevo,Desayuno,Avocado toast,1,3691.0,0.0,3691.0,5.3,5.0,0
ORD-05163,2025-04-15,Tuesday,15,Takeaway,Habitual,Almuerzo,Ensalada,1,5595.0,0.0,5595.0,5.8,4.9,1
ORD-05370,2025-04-15,Tuesday,16,Mostrador,Nuevo,Café,Cortado,2,1643.0,0.15,2793.0,2.0,5.0,0
ORD-02193,2025-04-15,Tuesday,17,Mostrador,Habitual,Café,Cortado,2,1907.0,0.0,3814.0,9.6,5.0,1
ORD-03994,2025-04-15,Tuesday,17,Takeaway,Nuevo,Desayuno,Tostadas,1,4188.0,0.1,3769.0,12.0,5.0,0
ORD-04907,2025-04-15,Tuesday,18,Delivery,Habitual,Café,Flat White,1,1881.0,0.0,1881.0,23.5,3.9,1
ORD-00495,2025-04-16,Wednesday,9,Mostrador,Habitual,Café,Cortado,2,1788.0,0.1,3219.0,9.3,5.0,0
ORD-00841,2025-04-16,Wednesday,9,Mostrador,Nuevo,Café,Americano,3,1917.0,0.0,5752.0,9.8,3.9,0
ORD-02186,2025-04-16,Wednesday,9,Takeaway,Habitual,Desayuno,Yogur + granola,3,4824.0,0.0,14473.0,9.5,4.8,1
ORD-02398,2025-04-16,Wednesday,9,Takeaway,Nuevo,Bebidas frías,Limonada,3,3017.0,0.05,8597.0,14.0,4.6,1
ORD-03596,2025-04-16,Wednesday,9,Takeaway,Frecuente,Pastelería,Cookie,1,1486.0,0.15,1263.0,3.1,5.0,1
ORD-02807,2025-04-16,Wednesday,10,Mostrador,Nuevo,Desayuno,Avocado toast,1,4369.0,0.0,4369.0,9.5,3.9,1
ORD-04507,2025-04-16,Wednesday,10,Mostrador,Nuevo,Bebidas frías,Cold brew,1,2673.0,0.0,2673.0,6.9,5.0,1
ORD-04688,2025-04-16,Wednesday,11,Takeaway,Frecuente,Bebidas frías,Limonada,2,3165.0,0.1,5697.0,10.5,5.0,0
ORD-05258,2025-04-16,Wednesday,11,Delivery,Frecuente,Desayuno,Avocado toast,1,4044.0,0.0,4044.0,19.3,4.9,0
ORD-01483,2025-04-16,Wednesday,12,Mostrador,Nuevo,Almuerzo,Wrap,1,5825.0,0.0,5825.0,12.2,3.8,0
ORD-02041,2025-04-16,Wednesday,12,Takeaway,Habitual,Pastelería,Tostada dulce,2,1476.0,0.0,2953.0,11.7,5.0,0
ORD-03294,2025-04-16,Wednesday,14,Takeaway,Habitual,Desayuno,Avocado toast,2,4640.0,0.0,9281.0,11.5,3.7,0
ORD-06447,2025-04-16,Wednesday,14,Mostrador,Habitual,Desayuno,Avocado toast,2,4827.0,0.0,9654.0,10.1,4.7,0
ORD-02229,2025-04-16,Wednesday,15,Mostrador,Nuevo,Almuerzo,Wrap,2,5976.0,0.1,10757.0,5.5,4.7,0
ORD-02419,2025-04-16,Wednesday,15,Mostrador,Habitual,Desayuno,Combo desayuno,1,3894.0,0.0,3894.0,2.9,4.3,1
ORD-06380,2025-04-16,Wednesday,15,Mostrador,Habitual,Café,Latte,2,1629.0,0.0,3258.0,8.3,5.0,0
ORD-00096,2025-04-16,Wednesday,16,Mostrador,Habitual,Café,Cortado,2,1741.0,0.0,3483.0,3.7,5.0,1
ORD-03699,2025-04-16,Wednesday,16,Delivery,Nuevo,Café,Latte,1,1649.0,0.05,1567.0,17.6,3.4,0
ORD-05642,2025-04-16,Wednesday,16,Mostrador,Habitual,Almuerzo,Bagel,1,4952.0,0.1,4457.0,9.4,5.0,1
ORD-00660,2025-04-16,Wednesday,17,Mostrador,Habitual,Almuerzo,Tostado,1,4731.0,0.0,4731.0,6.7,4.2,0
ORD-02541,2025-04-16,Wednesday,17,Takeaway,Frecuente,Pastelería,Croissant,1,1696.0,0.0,1696.0,7.5,4.4,1
ORD-03389,2025-04-16,Wednesday,17,Mostrador,Habitual,Pastelería,Cookie,3,1446.0,0.0,4337.0,7.0,4.9,0
ORD-03368,2025-04-16,Wednesday,18,Delivery,Nuevo,Pastelería,Medialuna,1,1591.0,0.05,1511.0,18.7,3.3,0
ORD-00481,2025-04-16,Wednesday,19,Mostrador,Frecuente,Café,Espresso,1,1795.0,0.0,1795.0,4.5,4.7,0
ORD-00855,2025-04-16,Wednesday,19,Mostrador,Habitual,Café,Latte,1,1982.0,0.15,1684.0,5.8,4.4,1
ORD-01230,2025-04-16,Wednesday,20,Mostrador,Habitual,Desayuno,Yogur + granola,1,3982.0,0.05,3783.0,2.0,5.0,0
ORD-04617,2025-04-17,Thursday,7,Delivery,Habitual,Café,Flat White,3,1851.0,0.05,5274.0,20.3,3.5,0
ORD-05049,2025-04-17,Thursday,7,Takeaway,Frecuente,Almuerzo,Bagel,1,5627.0,0.05,5346.0,6.5,4.3,0
ORD-04263,2025-04-17,Thursday,8,Takeaway,Habitual,Desayuno,Tostadas,1,4098.0,0.05,3893.0,12.1,3.8,0
ORD-04115,2025-04-17,Thursday,11,Mostrador,Nuevo,Café,Latte,2,1771.0,0.0,3542.0,4.5,4.8,0
ORD-04580,2025-04-17,Thursday,11,Mostrador,Habitual,Bebidas frías,Limonada,3,2602.0,0.0,7807.0,4.1,4.6,0
ORD-00342,2025-04-17,Thursday,12,Mostrador,Frecuente,Almuerzo,Bagel,1,5050.0,0.0,5050.0,11.9,5.0,0
ORD-02583,2025-04-17,Thursday,12,Takeaway,Habitual,Almuerzo,Ensalada,3,5130.0,0.1,13852.0,8.0,4.3,1
ORD-05290,2025-04-17,Thursday,12,Takeaway,Nuevo,Café,Flat White,1,1800.0,0.0,1800.0,12.8,4.3,1
ORD-01561,2025-04-17,Thursday,14,Mostrador,Habitual,Bebidas frías,Cold brew,2,2947.0,0.05,5600.0,6.5,5.0,1
ORD-03525,2025-04-17,Thursday,14,Takeaway,Frecuente,Café,Flat White,1,1825.0,0.0,1825.0,14.4,4.5,0
ORD-06209,2025-04-17,Thursday,15,Mostrador,Habitual,Café,Cortado,1,1674.0,0.05,1590.0,5.2,4.8,0
ORD-02197,2025-04-17,Thursday,17,Mostrador,Habitual,Pastelería,Budín,1,1579.0,0.0,1579.0,6.9,4.6,1
ORD-04725,2025-04-17,Thursday,17,Mostrador,Frecuente,Bebidas frías,Licuado,1,2829.0,0.0,2829.0,7.5,4.7,0
ORD-06022,2025-04-17,Thursday,17,Mostrador,Frecuente,Café,Cortado,2,1660.0,0.1,2988.0,5.1,4.9,1
ORD-06381,2025-04-17,Thursday,17,Mostrador,Nuevo,Desayuno,Tostadas,1,4468.0,0.05,4244.0,4.0,4.7,0
ORD-03042,2025-04-17,Thursday,19,Mostrador,Nuevo,Almuerzo,Bagel,1,5546.0,0.05,5268.0,3.4,5.0,1
ORD-01114,2025-04-17,Thursday,20,Mostrador,Habitual,Café,Flat White,1,1795.0,0.0,1795.0,3.4,5.0,0
ORD-04649,2025-04-17,Thursday,20,Mostrador,Nuevo,Desayuno,Yogur + granola,1,4240.0,0.05,4028.0,8.1,5.0,0
ORD-04397,2025-04-18,Friday,8,Mostrador,Nuevo,Almuerzo,Ensalada,2,6011.0,0.05,11422.0,7.3,4.2,0
ORD-05100,2025-04-18,Friday,8,Mostrador,Frecuente,Café,Flat White,3,1756.0,0.0,5268.0,10.9,4.6,0
ORD-05190,2025-04-18,Friday,10,Mostrador,Habitual,Pastelería,Budín,1,1676.0,0.05,1592.0,10.2,4.0,1
ORD-04771,2025-04-18,Friday,11,Mostrador,Nuevo,Desayuno,Tostadas,2,4209.0,0.0,8418.0,5.0,5.0,1
ORD-00796,2025-04-18,Friday,12,Takeaway,Habitual,Bebidas frías,Licuado,2,2708.0,0.1,4875.0,11.9,4.9,0
ORD-00271,2025-04-18,Friday,14,Mostrador,Habitual,Almuerzo,Wrap,1,5630.0,0.0,5630.0,8.6,4.4,0
ORD-01646,2025-04-18,Friday,14,Takeaway,Nuevo,Bebidas frías,Licuado,1,2600.0,0.0,2600.0,16.5,4.7,0
ORD-01820,2025-04-18,Friday,14,Takeaway,Nuevo,Café,Flat White,2,1710.0,0.15,2908.0,6.5,5.0,0
ORD-04939,2025-04-18,Friday,15,Takeaway,Nuevo,Pastelería,Medialuna,2,1593.0,0.0,3185.0,10.1,4.9,0
ORD-06457,2025-04-18,Friday,16,Delivery,Habitual,Desayuno,Tostadas,2,4148.0,0.0,8297.0,15.6,3.4,1
ORD-02255,2025-04-18,Friday,18,Mostrador,Habitual,Desayuno,Yogur + granola,3,4667.0,0.0,14000.0,3.1,4.9,1
ORD-00154,2025-04-18,Friday,19,Mostrador,Habitual,Desayuno,Yogur + granola,1,4254.0,0.0,4254.0,2.3,5.0,0
ORD-03437,2025-04-18,Friday,19,Mostrador,Frecuente,Pastelería,Medialuna,2,1697.0,0.0,3394.0,6.0,4.4,1
ORD-01451,2025-04-18,Friday,20,Takeaway,Habitual,Almuerzo,Bagel,2,5504.0,0.0,11008.0,7.7,5.0,0
ORD-03592,2025-04-18,Friday,20,Mostrador,Nuevo,Bebidas frías,Iced latte,3,3054.0,0.0,9161.0,3.8,3.7,0
ORD-04816,2025-04-19,Saturday,10,Mostrador,Habitual,Almuerzo,Tostado,3,5529.0,0.0,16587.0,7.7,4.5,0
ORD-01239,2025-04-19,Saturday,12,Mostrador,Frecuente,Desayuno,Tostadas,1,4198.0,0.05,3988.0,10.0,5.0,0
ORD-01907,2025-04-19,Saturday,12,Mostrador,Habitual,Almuerzo,Bagel,1,5875.0,0.0,5875.0,6.9,4.9,0
ORD-00419,2025-04-19,Saturday,13,Delivery,Nuevo,Pastelería,Cookie,2,1637.0,0.0,3274.0,24.6,4.2,1
ORD-02273,2025-04-19,Saturday,13,Mostrador,Frecuente,Bebidas frías,Limonada,1,2925.0,0.0,2925.0,5.8,4.7,1
ORD-03178,2025-04-19,Saturday,13,Mostrador,Nuevo,Desayuno,Combo desayuno,1,3868.0,0.0,3868.0,6.3,5.0,0
ORD-03475,2025-04-19,Saturday,13,Takeaway,Habitual,Café,Espresso,1,1862.0,0.15,1583.0,11.1,4.4,0
ORD-04482,2025-04-19,Saturday,13,Mostrador,Habitual,Café,Espresso,1,1874.0,0.0,1874.0,9.9,4.7,1
ORD-06299,2025-04-19,Saturday,14,Delivery,Habitual,Bebidas frías,Iced latte,2,2788.0,0.0,5577.0,23.1,3.9,0
ORD-01581,2025-04-19,Saturday,15,Takeaway,Frecuente,Almuerzo,Ensalada,1,5909.0,0.0,5909.0,13.2,4.7,1
ORD-01862,2025-04-19,Saturday,15,Mostrador,Habitual,Bebidas frías,Licuado,1,2579.0,0.15,2192.0,4.6,4.4,0
ORD-06493,2025-04-19,Saturday,15,Delivery,Nuevo,Bebidas frías,Limonada,1,2977.0,0.0,2977.0,17.7,4.4,0
ORD-06341,2025-04-19,Saturday,16,Mostrador,Nuevo,Café,Americano,1,1891.0,0.0,1891.0,4.7,4.9,0
ORD-00638,2025-04-19,Saturday,18,Takeaway,Habitual,Bebidas frías,Limonada,1,2393.0,0.05,2273.0,2.4,4.9,1
ORD-01338,2025-04-19,Saturday,19,Takeaway,Habitual,Café,Latte,1,2074.0,0.0,2074.0,4.3,5.0,0
ORD-04205,2025-04-19,Saturday,20,Delivery,Frecuente,Café,Espresso,2,1667.0,0.0,3335.0,14.7,4.3,0
ORD-01403,2025-04-20,Sunday,10,Mostrador,Habitual,Café,Americano,2,1797.0,0.1,3235.0,10.1,4.4,1
ORD-05425,2025-04-20,Sunday,10,Mostrador,Frecuente,Café,Flat White,1,1772.0,0.0,1772.0,16.6,4.2,0
ORD-06305,2025-04-20,Sunday,10,Mostrador,Nuevo,Café,Cortado,1,1841.0,0.0,1841.0,12.8,4.7,0
ORD-00971,2025-04-20,Sunday,11,Mostrador,Nuevo,Almuerzo,Ensalada,1,5182.0,0.0,5182.0,3.9,5.0,0
ORD-06488,2025-04-20,Sunday,11,Mostrador,Habitual,Café,Espresso,1,1703.0,0.0,1703.0,5.1,4.8,1
ORD-04590,2025-04-20,Sunday,12,Mostrador,Habitual,Bebidas frías,Limonada,1,3021.0,0.0,3021.0,9.4,5.0,0
ORD-04699,2025-04-20,Sunday,12,Takeaway,Nuevo,Café,Cortado,2,1649.0,0.0,3298.0,8.9,4.2,0
ORD-05543,2025-04-20,Sunday,12,Takeaway,Frecuente,Almuerzo,Tostado,3,4783.0,0.0,14348.0,7.5,4.6,0
ORD-05737,2025-04-20,Sunday,12,Mostrador,Nuevo,Café,Flat White,1,1799.0,0.0,1799.0,11.7,4.8,1
ORD-04511,2025-04-20,Sunday,13,Mostrador,Habitual,Café,Latte,2,1935.0,0.0,3869.0,11.4,3.5,0
ORD-00353,2025-04-20,Sunday,14,Delivery,Nuevo,Café,Flat White,1,1942.0,0.0,1942.0,23.4,3.1,0
ORD-01400,2025-04-20,Sunday,14,Takeaway,Habitual,Almuerzo,Wrap,2,4893.0,0.0,9786.0,14.2,4.6,1
ORD-03430,2025-04-20,Sunday,14,Delivery,Nuevo,Café,Americano,1,1642.0,0.0,1642.0,21.9,4.0,0
ORD-05813,2025-04-20,Sunday,14,Takeaway,Habitual,Pastelería,Tostada dulce,1,1547.0,0.1,1392.0,11.9,4.2,0
ORD-00442,2025-04-20,Sunday,15,Mostrador,Habitual,Almuerzo,Tostado,2,4810.0,0.0,9621.0,7.3,4.8,1
ORD-01316,2025-04-20,Sunday,15,Mostrador,Nuevo,Pastelería,Cookie,3,1519.0,0.0,4556.0,9.3,4.2,0
ORD-02833,2025-04-20,Sunday,15,Takeaway,Nuevo,Almuerzo,Bagel,3,5201.0,0.0,15603.0,7.6,5.0,0
ORD-03205,2025-04-20,Sunday,15,Delivery,Habitual,Desayuno,Tostadas,1,3406.0,0.0,3406.0,16.2,4.0,0
ORD-05464,2025-04-20,Sunday,16,Takeaway,Nuevo,Pastelería,Medialuna,1,1324.0,0.0,1324.0,6.9,4.6,0
ORD-02467,2025-04-20,Sunday,17,Mostrador,Frecuente,Pastelería,Budín,1,1511.0,0.0,1511.0,6.3,5.0,1
ORD-03844,2025-04-20,Sunday,17,Mostrador,Habitual,Café,Espresso,2,1795.0,0.1,3231.0,2.0,5.0,1
ORD-05233,2025-04-20,Sunday,17,Delivery,Habitual,Café,Latte,3,1574.0,0.05,4486.0,15.5,4.2,1
ORD-00263,2025-04-20,Sunday,20,Mostrador,Habitual,Café,Espresso,1,1794.0,0.1,1614.0,5.2,4.6,1
ORD-00928,2025-04-20,Sunday,20,Takeaway,Frecuente,Almuerzo,Ensalada,3,5154.0,0.05,14689.0,7.8,4.9,0
ORD-02708,2025-04-21,Monday,9,Mostrador,Frecuente,Café,Flat White,1,1768.0,0.0,1768.0,10.8,4.5,0
ORD-06222,2025-04-21,Monday,9,Takeaway,Habitual,Café,Americano,3,1779.0,0.1,4803.0,14.1,4.1,0
ORD-01367,2025-04-21,Monday,10,Mostrador,Nuevo,Bebidas frías,Limonada,1,2590.0,0.0,2590.0,8.8,4.4,0
ORD-01601,2025-04-21,Monday,11,Mostrador,Nuevo,Pastelería,Budín,1,1635.0,0.0,1635.0,2.0,4.8,0
ORD-01476,2025-04-21,Monday,12,Mostrador,Nuevo,Almuerzo,Wrap,2,5283.0,0.0,10565.0,7.8,4.8,0
ORD-03742,2025-04-21,Monday,12,Takeaway,Habitual,Café,Flat White,1,1681.0,0.0,1681.0,9.6,5.0,0
ORD-01823,2025-04-21,Monday,13,Mostrador,Nuevo,Pastelería,Croissant,1,1578.0,0.0,1578.0,6.6,4.4,0
ORD-04375,2025-04-21,Monday,13,Takeaway,Nuevo,Desayuno,Combo desayuno,1,4521.0,0.0,4521.0,6.5,4.9,0
ORD-05221,2025-04-21,Monday,13,Takeaway,Habitual,Pastelería,Cookie,1,1547.0,0.0,1547.0,12.4,4.3,1
ORD-05483,2025-04-21,Monday,13,Mostrador,Habitual,Bebidas frías,Cold brew,1,2959.0,0.0,2959.0,9.2,4.0,0
ORD-06167,2025-04-21,Monday,13,Takeaway,Nuevo,Bebidas frías,Cold brew,1,2258.0,0.15,1919.0,11.8,4.4,0
ORD-00307,2025-04-21,Monday,14,Mostrador,Habitual,Café,Flat White,2,1636.0,0.0,3272.0,7.1,4.9,0
ORD-03106,2025-04-21,Monday,14,Takeaway,Habitual,Café,Latte,1,1793.0,0.0,1793.0,12.7,4.6,1
ORD-05341,2025-04-21,Monday,14,Mostrador,Frecuente,Pastelería,Medialuna,2,1562.0,0.0,3124.0,7.3,4.6,1
ORD-06077,2025-04-21,Monday,14,Mostrador,Habitual,Bebidas frías,Licuado,1,2933.0,0.0,2933.0,14.2,4.1,1
ORD-00190,2025-04-21,Monday,15,Takeaway,Frecuente,Pastelería,Croissant,2,1523.0,0.0,3046.0,4.8,5.0,0
ORD-00802,2025-04-21,Monday,15,Mostrador,Nuevo,Café,Latte,2,1361.0,0.0,2722.0,2.0,5.0,0
ORD-02052,2025-04-21,Monday,15,Mostrador,Nuevo,Café,Americano,3,1870.0,0.0,5611.0,7.1,5.0,0
ORD-04158,2025-04-21,Monday,15,Mostrador,Habitual,Almuerzo,Tostado,2,4654.0,0.0,9308.0,5.6,5.0,1
ORD-06282,2025-04-21,Monday,15,Takeaway,Habitual,Almuerzo,Bagel,3,5258.0,0.0,15773.0,7.8,4.9,0
ORD-00136,2025-04-21,Monday,16,Delivery,Frecuente,Pastelería,Budín,2,1430.0,0.0,2861.0,18.2,3.9,0
ORD-03899,2025-04-21,Monday,16,Mostrador,Habitual,Café,Americano,2,1825.0,0.0,3651.0,6.4,4.6,0
ORD-02776,2025-04-21,Monday,18,Mostrador,Habitual,Pastelería,Croissant,1,1590.0,0.0,1590.0,8.2,4.2,0
ORD-06499,2025-04-21,Monday,18,Mostrador,Nuevo,Pastelería,Budín,1,1383.0,0.0,1383.0,7.5,5.0,1
ORD-02997,2025-04-21,Monday,19,Delivery,Habitual,Café,Cortado,1,1535.0,0.1,1381.0,17.4,3.5,0
ORD-02021,2025-04-21,Monday,20,Mostrador,Nuevo,Café,Flat White,3,1885.0,0.0,5655.0,3.9,4.3,0
ORD-04177,2025-04-21,Monday,20,Mostrador,Habitual,Almuerzo,Bagel,2,5316.0,0.1,9570.0,5.3,5.0,1
ORD-04789,2025-04-22,Tuesday,9,Delivery,Nuevo,Café,Flat White,1,1779.0,0.0,1779.0,22.0,4.0,0
ORD-01391,2025-04-22,Tuesday,11,Mostrador,Nuevo,Almuerzo,Bagel,1,5359.0,0.0,5359.0,7.1,4.2,0
ORD-04746,2025-04-22,Tuesday,12,Takeaway,Frecuente,Desayuno,Combo desayuno,1,4195.0,0.15,3566.0,9.5,4.2,1
ORD-00226,2025-04-22,Tuesday,13,Mostrador,Nuevo,Almuerzo,Bagel,3,4841.0,0.0,14524.0,7.8,4.5,0
ORD-01838,2025-04-22,Tuesday,13,Mostrador,Nuevo,Bebidas frías,Iced latte,2,2407.0,0.0,4813.0,8.7,5.0,0
ORD-01155,2025-04-22,Tuesday,14,Mostrador,Habitual,Café,Americano,1,1996.0,0.1,1797.0,12.0,4.1,0
ORD-02595,2025-04-22,Tuesday,14,Takeaway,Nuevo,Café,Americano,3,1763.0,0.15,4497.0,12.3,4.2,1
ORD-04039,2025-04-22,Tuesday,15,Mostrador,Nuevo,Almuerzo,Wrap,2,4927.0,0.0,9854.0,3.6,5.0,0
ORD-03342,2025-04-22,Tuesday,16,Takeaway,Habitual,Bebidas frías,Licuado,1,2304.0,0.0,2304.0,6.1,4.9,1
ORD-00952,2025-04-22,Tuesday,17,Mostrador,Nuevo,Café,Latte,1,1654.0,0.0,1654.0,6.8,4.4,0
ORD-02089,2025-04-22,Tuesday,17,Takeaway,Frecuente,Almuerzo,Tostado,1,5445.0,0.0,5445.0,6.5,4.9,0
ORD-02187,2025-04-22,Tuesday,17,Delivery,Habitual,Café,Cortado,2,1715.0,0.05,3259.0,19.6,3.4,0
ORD-01105,2025-04-22,Tuesday,18,Delivery,Nuevo,Desayuno,Tostadas,3,4336.0,0.1,11706.0,16.1,4.0,0
ORD-03373,2025-04-23,Wednesday,7,Mostrador,Habitual,Almuerzo,Wrap,1,4594.0,0.15,3905.0,2.2,4.8,0
ORD-00239,2025-04-23,Wednesday,11,Mostrador,Habitual,Pastelería,Cookie,1,1628.0,0.0,1628.0,2.0,4.8,0
ORD-02127,2025-04-23,Wednesday,12,Takeaway,Nuevo,Desayuno,Avocado toast,1,4750.0,0.0,4750.0,16.2,4.4,0
ORD-04290,2025-04-23,Wednesday,12,Mostrador,Habitual,Café,Latte,1,1755.0,0.0,1755.0,10.0,4.7,1
ORD-04447,2025-04-23,Wednesday,12,Mostrador,Frecuente,Pastelería,Tostada dulce,2,1594.0,0.0,3188.0,7.0,4.3,1
ORD-05986,2025-04-23,Wednesday,12,Takeaway,Habitual,Café,Americano,1,1923.0,0.0,1923.0,9.4,4.3,1
ORD-05349,2025-04-23,Wednesday,13,Takeaway,Frecuente,Desayuno,Yogur + granola,2,3921.0,0.0,7841.0,9.9,4.6,0
ORD-01186,2025-04-23,Wednesday,14,Mostrador,Nuevo,Almuerzo,Wrap,3,5336.0,0.0,16008.0,10.8,4.8,0
ORD-02355,2025-04-23,Wednesday,14,Takeaway,Habitual,Pastelería,Medialuna,1,1541.0,0.0,1541.0,11.3,5.0,0
ORD-03549,2025-04-23,Wednesday,14,Mostrador,Habitual,Desayuno,Avocado toast,1,4530.0,0.0,4530.0,8.9,4.8,1
ORD-05455,2025-04-23,Wednesday,14,Mostrador,Habitual,Café,Espresso,1,1748.0,0.1,1573.0,13.3,5.0,1
ORD-01779,2025-04-23,Wednesday,15,Takeaway,Nuevo,Desayuno,Tostadas,1,4314.0,0.05,4098.0,6.3,3.9,0
ORD-05767,2025-04-23,Wednesday,15,Mostrador,Nuevo,Café,Flat White,3,2121.0,0.0,6364.0,5.5,5.0,1
ORD-02309,2025-04-23,Wednesday,16,Mostrador,Habitual,Café,Espresso,2,1965.0,0.1,3538.0,5.5,4.5,1
ORD-03697,2025-04-23,Wednesday,16,Delivery,Habitual,Desayuno,Combo desayuno,1,4631.0,0.15,3936.0,16.6,4.4,1
ORD-04588,2025-04-23,Wednesday,16,Takeaway,Nuevo,Desayuno,Avocado toast,1,4318.0,0.0,4318.0,6.8,4.7,0
ORD-04495,2025-04-23,Wednesday,17,Mostrador,Nuevo,Café,Latte,2,2087.0,0.0,4175.0,2.0,4.2,1
ORD-03062,2025-04-23,Wednesday,18,Takeaway,Nuevo,Almuerzo,Tostado,2,4911.0,0.0,9823.0,8.9,4.4,0
ORD-04667,2025-04-23,Wednesday,18,Delivery,Nuevo,Almuerzo,Tostado,3,4963.0,0.0,14889.0,19.2,3.9,0
ORD-05805,2025-04-23,Wednesday,18,Takeaway,Habitual,Bebidas frías,Limonada,2,2964.0,0.0,5928.0,5.7,4.7,1
ORD-03584,2025-04-23,Wednesday,20,Mostrador,Nuevo,Café,Flat White,1,1970.0,0.0,1970.0,2.0,5.0,1
ORD-04569,2025-04-23,Wednesday,20,Takeaway,Frecuente,Desayuno,Tostadas,2,4253.0,0.0,8506.0,5.4,5.0,1
ORD-05415,2025-04-24,Thursday,9,Mostrador,Nuevo,Café,Espresso,1,1736.0,0.1,1562.0,4.6,4.3,0
ORD-06403,2025-04-24,Thursday,10,Mostrador,Nuevo,Desayuno,Yogur + granola,1,4305.0,0.05,4089.0,9.1,5.0,1
ORD-03942,2025-04-24,Thursday,12,Takeaway,Nuevo,Almuerzo,Wrap,1,5270.0,0.05,5006.0,8.2,4.8,0
ORD-00333,2025-04-24,Thursday,13,Mostrador,Nuevo,Café,Espresso,2,1968.0,0.0,3936.0,10.4,4.9,0
ORD-02781,2025-04-24,Thursday,13,Mostrador,Nuevo,Desayuno,Combo desayuno,1,4273.0,0.0,4273.0,11.2,4.1,1
ORD-03987,2025-04-24,Thursday,13,Mostrador,Frecuente,Pastelería,Cookie,1,1713.0,0.0,1713.0,7.6,4.5,0
ORD-00526,2025-04-24,Thursday,14,Mostrador,Frecuente,Bebidas frías,Licuado,1,3082.0,0.0,3082.0,9.3,4.9,0
ORD-05705,2025-04-24,Thursday,14,Mostrador,Nuevo,Café,Espresso,1,1909.0,0.0,1909.0,6.9,4.7,0
ORD-01060,2025-04-24,Thursday,15,Delivery,Habitual,Bebidas frías,Limonada,1,2707.0,0.0,2707.0,18.0,3.8,0
ORD-02808,2025-04-24,Thursday,15,Mostrador,Nuevo,Café,Espresso,2,1809.0,0.0,3617.0,7.9,4.5,0
ORD-06320,2025-04-24,Thursday,15,Mostrador,Nuevo,Pastelería,Tostada dulce,3,1639.0,0.05,4671.0,2.0,5.0,0
ORD-03503,2025-04-24,Thursday,17,Mostrador,Habitual,Café,Espresso,1,1659.0,0.0,1659.0,8.0,4.5,1
ORD-05227,2025-04-24,Thursday,17,Mostrador,Frecuente,Almuerzo,Bagel,1,5181.0,0.0,5181.0,6.2,4.5,0
ORD-00400,2025-04-24,Thursday,18,Takeaway,Frecuente,Bebidas frías,Licuado,1,2852.0,0.0,2852.0,6.1,4.5,1
ORD-06050,2025-04-25,Friday,9,Delivery,Nuevo,Café,Flat White,1,1770.0,0.0,1770.0,25.8,2.9,1
ORD-01034,2025-04-25,Friday,10,Mostrador,Nuevo,Café,Flat White,3,1804.0,0.0,5412.0,5.8,4.7,0
ORD-04274,2025-04-25,Friday,10,Mostrador,Habitual,Café,Cortado,1,1661.0,0.0,1661.0,6.5,4.4,1
ORD-01462,2025-04-25,Friday,11,Takeaway,Nuevo,Pastelería,Medialuna,1,1676.0,0.0,1676.0,6.5,4.3,0
ORD-00447,2025-04-25,Friday,12,Mostrador,Habitual,Café,Flat White,1,2045.0,0.15,1738.0,5.2,4.4,0
ORD-00749,2025-04-25,Friday,12,Takeaway,Nuevo,Café,Americano,1,1815.0,0.0,1815.0,9.0,4.9,0
ORD-01821,2025-04-25,Friday,12,Takeaway,Habitual,Almuerzo,Ensalada,2,5376.0,0.0,10753.0,4.9,3.3,0
ORD-00748,2025-04-25,Friday,13,Takeaway,Habitual,Almuerzo,Wrap,3,5064.0,0.15,12913.0,12.2,4.1,0
ORD-04440,2025-04-25,Friday,13,Takeaway,Habitual,Pastelería,Cookie,2,1630.0,0.05,3097.0,13.4,4.0,1
ORD-04425,2025-04-25,Friday,14,Mostrador,Habitual,Desayuno,Combo desayuno,2,4717.0,0.05,8962.0,8.2,4.5,0
ORD-02434,2025-04-25,Friday,15,Takeaway,Habitual,Pastelería,Budín,2,1508.0,0.0,3016.0,6.8,4.9,0
ORD-04603,2025-04-25,Friday,15,Mostrador,Habitual,Almuerzo,Ensalada,1,4821.0,0.05,4580.0,5.1,5.0,1
ORD-05321,2025-04-25,Friday,15,Mostrador,Nuevo,Desayuno,Yogur + granola,1,4384.0,0.0,4384.0,8.2,4.6,1
ORD-06095,2025-04-25,Friday,15,Delivery,Nuevo,Café,Flat White,1,1739.0,0.0,1739.0,16.5,3.9,0
ORD-03098,2025-04-25,Friday,16,Takeaway,Nuevo,Café,Americano,1,1959.0,0.0,1959.0,6.7,4.7,0
ORD-01014,2025-04-25,Friday,17,Takeaway,Frecuente,Desayuno,Avocado toast,2,4176.0,0.1,7516.0,8.6,4.9,0
ORD-05569,2025-04-25,Friday,17,Mostrador,Nuevo,Café,Americano,2,1729.0,0.0,3458.0,7.7,4.5,0
ORD-00088,2025-04-25,Friday,18,Mostrador,Habitual,Bebidas frías,Cold brew,3,2919.0,0.05,8318.0,7.5,5.0,0
ORD-03164,2025-04-25,Friday,19,Delivery,Habitual,Pastelería,Tostada dulce,2,1651.0,0.1,2972.0,17.6,4.0,1
ORD-04665,2025-04-25,Friday,19,Mostrador,Nuevo,Pastelería,Budín,2,1668.0,0.05,3170.0,6.3,3.8,0
ORD-05765,2025-04-25,Friday,20,Mostrador,Nuevo,Café,Cortado,3,1793.0,0.05,5109.0,2.5,4.3,1
ORD-02167,2025-04-26,Saturday,8,Takeaway,Habitual,Café,Latte,2,1846.0,0.0,3692.0,10.1,4.5,0
ORD-06172,2025-04-26,Saturday,8,Takeaway,Nuevo,Pastelería,Croissant,2,1557.0,0.1,2802.0,11.4,4.8,0
ORD-00968,2025-04-26,Saturday,9,Takeaway,Frecuente,Almuerzo,Ensalada,1,5317.0,0.05,5051.0,10.6,5.0,0
ORD-05726,2025-04-26,Saturday,9,Mostrador,Nuevo,Almuerzo,Bagel,1,5646.0,0.0,5646.0,9.0,4.5,0
ORD-00368,2025-04-26,Saturday,10,Mostrador,Habitual,Bebidas frías,Iced latte,1,2577.0,0.0,2577.0,6.4,4.5,0
ORD-01604,2025-04-26,Saturday,10,Mostrador,Habitual,Café,Espresso,1,1831.0,0.1,1648.0,6.6,4.3,0
ORD-01177,2025-04-26,Saturday,11,Mostrador,Habitual,Pastelería,Budín,1,1479.0,0.15,1257.0,4.4,4.9,1
ORD-05081,2025-04-26,Saturday,11,Mostrador,Habitual,Almuerzo,Bagel,2,4791.0,0.0,9581.0,6.4,4.5,0
ORD-00799,2025-04-26,Saturday,13,Mostrador,Nuevo,Pastelería,Croissant,3,1644.0,0.0,4932.0,7.2,4.9,1
ORD-02867,2025-04-26,Saturday,13,Mostrador,Nuevo,Desayuno,Combo desayuno,1,4358.0,0.05,4140.0,3.7,5.0,0
ORD-00338,2025-04-26,Saturday,14,Takeaway,Nuevo,Bebidas frías,Limonada,2,2466.0,0.0,4933.0,11.7,3.7,0
ORD-04001,2025-04-26,Saturday,14,Takeaway,Nuevo,Pastelería,Medialuna,1,1428.0,0.0,1428.0,15.2,5.0,0
ORD-05031,2025-04-26,Saturday,14,Mostrador,Habitual,Desayuno,Combo desayuno,2,4117.0,0.0,8235.0,8.4,4.4,1
ORD-00309,2025-04-26,Saturday,15,Takeaway,Habitual,Café,Americano,2,2017.0,0.0,4033.0,4.7,4.7,1
ORD-06141,2025-04-26,Saturday,15,Mostrador,Habitual,Café,Latte,1,1923.0,0.0,1923.0,3.1,5.0,1
ORD-01586,2025-04-26,Saturday,17,Mostrador,Frecuente,Almuerzo,Bagel,1,5071.0,0.0,5071.0,2.4,4.5,1
ORD-05528,2025-04-26,Saturday,17,Takeaway,Habitual,Pastelería,Cookie,2,1419.0,0.0,2838.0,7.5,4.3,1
ORD-00988,2025-04-26,Saturday,18,Mostrador,Nuevo,Pastelería,Croissant,2,1879.0,0.0,3757.0,2.9,4.4,0
ORD-03790,2025-04-26,Saturday,19,Delivery,Nuevo,Café,Latte,2,1841.0,0.1,3314.0,18.1,4.4,0
ORD-04377,2025-04-26,Saturday,19,Mostrador,Frecuente,Café,Americano,1,1848.0,0.0,1848.0,7.0,5.0,1
ORD-06023,2025-04-26,Saturday,19,Takeaway,Nuevo,Café,Cortado,1,1703.0,0.1,1532.0,5.1,5.0,0
ORD-02016,2025-04-27,Sunday,8,Mostrador,Habitual,Almuerzo,Tostado,1,5234.0,0.0,5234.0,5.3,4.9,1
ORD-00554,2025-04-27,Sunday,10,Mostrador,Nuevo,Almuerzo,Tostado,2,5359.0,0.0,10717.0,11.2,4.9,0
ORD-05098,2025-04-27,Sunday,10,Mostrador,Frecuente,Bebidas frías,Limonada,2,2763.0,0.1,4973.0,8.1,4.4,0
ORD-02272,2025-04-27,Sunday,11,Mostrador,Nuevo,Café,Flat White,3,1799.0,0.0,5397.0,2.0,4.9,0
ORD-00403,2025-04-27,Sunday,12,Mostrador,Nuevo,Almuerzo,Tostado,1,5209.0,0.05,4948.0,6.8,4.0,0
ORD-03447,2025-04-27,Sunday,12,Delivery,Habitual,Desayuno,Yogur + granola,1,4111.0,0.0,4111.0,22.2,4.5,1
ORD-06129,2025-04-27,Sunday,12,Takeaway,Habitual,Pastelería,Tostada dulce,1,1607.0,0.0,1607.0,9.1,4.2,0
ORD-01527,2025-04-27,Sunday,13,Mostrador,Nuevo,Desayuno,Yogur + granola,1,3620.0,0.0,3620.0,6.4,4.0,1
ORD-01576,2025-04-27,Sunday,13,Mostrador,Habitual,Bebidas frías,Limonada,1,3169.0,0.0,3169.0,6.0,4.6,1
ORD-01756,2025-04-27,Sunday,13,Mostrador,Nuevo,Almuerzo,Tostado,1,5623.0,0.1,5061.0,8.4,4.2,0
ORD-02271,2025-04-27,Sunday,13,Mostrador,Habitual,Pastelería,Tostada dulce,1,1541.0,0.0,1541.0,7.9,4.0,0
ORD-04476,2025-04-27,Sunday,13,Delivery,Habitual,Desayuno,Combo desayuno,3,4505.0,0.0,13516.0,21.1,4.0,1
ORD-00525,2025-04-27,Sunday,17,Mostrador,Habitual,Pastelería,Tostada dulce,1,1565.0,0.0,1565.0,5.0,4.4,1
ORD-02130,2025-04-27,Sunday,17,Takeaway,Frecuente,Bebidas frías,Iced latte,3,2992.0,0.05,8528.0,8.0,4.6,0
ORD-01439,2025-04-27,Sunday,18,Mostrador,Habitual,Almuerzo,Wrap,2,5343.0,0.0,10686.0,2.0,5.0,1
ORD-02484,2025-04-27,Sunday,18,Mostrador,Nuevo,Bebidas frías,Iced latte,1,2634.0,0.0,2634.0,2.0,4.9,0
ORD-01435,2025-04-27,Sunday,20,Mostrador,Nuevo,Desayuno,Avocado toast,1,4654.0,0.1,4189.0,3.6,5.0,0
ORD-05934,2025-04-27,Sunday,20,Takeaway,Habitual,Café,Latte,1,1571.0,0.05,1493.0,7.6,4.1,0
ORD-01404,2025-04-28,Monday,10,Takeaway,Nuevo,Almuerzo,Tostado,1,4956.0,0.05,4708.0,8.0,4.9,0
ORD-02152,2025-04-28,Monday,11,Mostrador,Habitual,Pastelería,Budín,1,1846.0,0.0,1846.0,4.3,4.7,0
ORD-03735,2025-04-28,Monday,12,Mostrador,Habitual,Desayuno,Combo desayuno,2,4115.0,0.0,8229.0,11.1,4.5,0
ORD-04868,2025-04-28,Monday,12,Takeaway,Frecuente,Café,Latte,3,1890.0,0.0,5671.0,13.6,4.7,0
ORD-02928,2025-04-28,Monday,13,Takeaway,Nuevo,Café,Latte,2,1825.0,0.0,3651.0,12.2,4.8,0
ORD-05874,2025-04-28,Monday,13,Takeaway,Habitual,Café,Espresso,1,1884.0,0.0,1884.0,10.9,4.3,1
ORD-01504,2025-04-28,Monday,14,Mostrador,Habitual,Café,Flat White,2,1862.0,0.0,3725.0,3.7,4.7,1
ORD-01950,2025-04-28,Monday,14,Takeaway,Nuevo,Café,Espresso,1,1898.0,0.0,1898.0,13.6,5.0,0
ORD-02292,2025-04-28,Monday,14,Takeaway,Habitual,Almuerzo,Wrap,1,5168.0,0.05,4909.0,11.2,5.0,0
ORD-02588,2025-04-28,Monday,14,Mostrador,Nuevo,Pastelería,Medialuna,1,1764.0,0.0,1764.0,5.6,5.0,0
ORD-03756,2025-04-28,Monday,14,Takeaway,Frecuente,Pastelería,Budín,3,1494.0,0.05,4259.0,4.2,4.9,1
ORD-04410,2025-04-28,Monday,14,Delivery,Habitual,Desayuno,Yogur + granola,1,4492.0,0.0,4492.0,22.8,3.8,0
ORD-05131,2025-04-28,Monday,14,Mostrador,Habitual,Almuerzo,Bagel,1,5388.0,0.0,5388.0,7.1,4.8,0
ORD-00167,2025-04-28,Monday,15,Mostrador,Habitual,Pastelería,Tostada dulce,3,1697.0,0.0,5090.0,2.0,5.0,1
ORD-02552,2025-04-28,Monday,15,Mostrador,Habitual,Café,Flat White,1,1947.0,0.0,1947.0,3.4,4.8,1
ORD-05708,2025-04-28,Monday,15,Mostrador,Habitual,Desayuno,Combo desayuno,2,4628.0,0.0,9257.0,4.4,4.3,0
ORD-06195,2025-04-28,Monday,16,Mostrador,Nuevo,Pastelería,Cookie,1,1517.0,0.05,1441.0,7.3,5.0,0
ORD-00321,2025-04-28,Monday,17,Mostrador,Nuevo,Desayuno,Tostadas,1,3968.0,0.0,3968.0,4.9,5.0,0
ORD-00607,2025-04-28,Monday,17,Mostrador,Habitual,Café,Cortado,1,2142.0,0.0,2142.0,8.9,4.5,0
ORD-06480,2025-04-28,Monday,19,Delivery,Nuevo,Almuerzo,Ensalada,1,4963.0,0.0,4963.0,21.8,4.2,0
ORD-00595,2025-04-28,Monday,20,Mostrador,Habitual,Almuerzo,Wrap,1,4878.0,0.0,4878.0,6.9,5.0,0
ORD-00066,2025-04-29,Tuesday,8,Mostrador,Habitual,Bebidas frías,Licuado,2,2605.0,0.0,5211.0,6.1,5.0,0
ORD-02526,2025-04-29,Tuesday,8,Mostrador,Nuevo,Pastelería,Tostada dulce,1,1618.0,0.0,1618.0,9.2,4.7,0
ORD-04612,2025-04-29,Tuesday,8,Mostrador,Frecuente,Almuerzo,Bagel,2,5134.0,0.0,10269.0,12.0,4.6,1
ORD-02083,2025-04-29,Tuesday,11,Takeaway,Habitual,Pastelería,Medialuna,2,1509.0,0.0,3019.0,5.7,4.7,1
ORD-02307,2025-04-29,Tuesday,12,Mostrador,Habitual,Desayuno,Tostadas,2,4705.0,0.0,9409.0,8.8,5.0,0
ORD-03859,2025-04-29,Tuesday,12,Mostrador,Frecuente,Almuerzo,Bagel,1,4706.0,0.0,4706.0,6.8,3.9,1
ORD-04681,2025-04-29,Tuesday,12,Mostrador,Nuevo,Almuerzo,Bagel,3,4732.0,0.0,14196.0,9.4,4.7,0
ORD-02283,2025-04-29,Tuesday,14,Takeaway,Habitual,Café,Americano,1,1862.0,0.0,1862.0,11.6,4.7,0
ORD-04051,2025-04-29,Tuesday,14,Mostrador,Habitual,Bebidas frías,Licuado,1,2654.0,0.0,2654.0,5.9,5.0,1
ORD-04110,2025-04-29,Tuesday,15,Delivery,Nuevo,Almuerzo,Tostado,2,5298.0,0.0,10597.0,18.6,3.9,0
ORD-05917,2025-04-29,Tuesday,15,Takeaway,Frecuente,Desayuno,Avocado toast,2,3993.0,0.05,7587.0,8.3,4.1,1
ORD-01388,2025-04-29,Tuesday,16,Delivery,Habitual,Café,Latte,2,1832.0,0.0,3664.0,15.9,3.8,0
ORD-04075,2025-04-29,Tuesday,16,Mostrador,Nuevo,Bebidas frías,Limonada,2,2696.0,0.0,5393.0,6.6,4.8,0
ORD-05894,2025-04-29,Tuesday,16,Mostrador,Nuevo,Café,Espresso,1,1953.0,0.0,1953.0,2.0,5.0,0
ORD-01249,2025-04-29,Tuesday,18,Mostrador,Nuevo,Café,Americano,1,1553.0,0.0,1553.0,5.9,5.0,0
ORD-05109,2025-04-29,Tuesday,18,Mostrador,Habitual,Café,Americano,1,1806.0,0.0,1806.0,4.5,5.0,0
ORD-02921,2025-04-29,Tuesday,20,Mostrador,Habitual,Almuerzo,Wrap,1,5440.0,0.1,4896.0,6.4,5.0,0
ORD-02092,2025-04-30,Wednesday,8,Delivery,Nuevo,Almuerzo,Wrap,1,5230.0,0.0,5230.0,25.3,3.0,0
ORD-04441,2025-04-30,Wednesday,8,Mostrador,Habitual,Bebidas frías,Cold brew,1,2668.0,0.0,2668.0,8.2,4.4,0
ORD-03607,2025-04-30,Wednesday,11,Mostrador,Frecuente,Almuerzo,Bagel,2,5145.0,0.05,9775.0,3.5,5.0,0
ORD-04041,2025-04-30,Wednesday,13,Mostrador,Nuevo,Almuerzo,Ensalada,1,5198.0,0.05,4938.0,8.6,4.8,0
ORD-06038,2025-04-30,Wednesday,14,Mostrador,Frecuente,Café,Espresso,1,1800.0,0.0,1800.0,7.5,4.8,0
ORD-00646,2025-04-30,Wednesday,15,Mostrador,Nuevo,Almuerzo,Ensalada,1,4808.0,0.0,4808.0,4.3,4.5,1
ORD-01915,2025-04-30,Wednesday,15,Takeaway,Nuevo,Café,Espresso,1,1875.0,0.0,1875.0,6.8,4.7,0
ORD-03694,2025-04-30,Wednesday,15,Takeaway,Nuevo,Café,Cortado,2,1747.0,0.0,3495.0,4.6,4.3,0
ORD-01095,2025-04-30,Wednesday,16,Mostrador,Nuevo,Café,Americano,2,1848.0,0.0,3696.0,7.7,5.0,0
ORD-02151,2025-04-30,Wednesday,16,Mostrador,Nuevo,Almuerzo,Tostado,3,4720.0,0.0,14159.0,2.9,5.0,0
ORD-04256,2025-04-30,Wednesday,16,Takeaway,Habitual,Almuerzo,Ensalada,1,4996.0,0.05,4746.0,5.3,5.0,0
ORD-02537,2025-04-30,Wednesday,18,Mostrador,Nuevo,Almuerzo,Bagel,1,4789.0,0.0,4789.0,6.7,4.8,0
ORD-04744,2025-04-30,Wednesday,18,Delivery,Habitual,Almuerzo,Bagel,2,5254.0,0.0,10508.0,19.7,2.9,0
ORD-00632,2025-04-30,Wednesday,19,Takeaway,Nuevo,Café,Cortado,2,1763.0,0.0,3526.0,9.6,5.0,0
ORD-02347,2025-04-30,Wednesday,19,Mostrador,Nuevo,Café,Latte,1,1624.0,0.0,1624.0,3.7,4.8,0
ORD-03043,2025-04-30,Wednesday,19,Mostrador,Nuevo,Desayuno,Tostadas,1,4106.0,0.0,4106.0,3.7,4.3,0
ORD-04257,2025-04-30,Wednesday,20,Delivery,Nuevo,Café,Latte,1,1721.0,0.0,1721.0,21.5,4.5,1
ORD-04338,2025-04-30,Wednesday,20,Mostrador,Nuevo,Desayuno,Avocado toast,1,3654.0,0.05,3471.0,5.0,4.5,0
ORD-04951,2025-05-01,Thursday,7,Delivery,Frecuente,Café,Latte,2,1467.0,0.05,2787.0,15.1,4.7,0
ORD-02650,2025-05-01,Thursday,8,Takeaway,Habitual,Desayuno,Tostadas,3,3405.0,0.1,9194.0,12.8,4.7,0
ORD-03574,2025-05-01,Thursday,8,Delivery,Nuevo,Almuerzo,Wrap,1,5256.0,0.0,5256.0,18.4,4.6,0
ORD-04925,2025-05-01,Thursday,9,Delivery,Habitual,Café,Latte,3,1844.0,0.0,5532.0,17.5,2.9,0
ORD-02576,2025-05-01,Thursday,10,Mostrador,Nuevo,Desayuno,Combo desayuno,1,4038.0,0.0,4038.0,9.8,4.6,0
ORD-05757,2025-05-01,Thursday,10,Delivery,Nuevo,Desayuno,Tostadas,3,4428.0,0.0,13283.0,24.4,4.3,0
ORD-06214,2025-05-01,Thursday,10,Delivery,Frecuente,Bebidas frías,Iced latte,1,2596.0,0.0,2596.0,25.2,4.1,0
ORD-06246,2025-05-01,Thursday,10,Mostrador,Nuevo,Almuerzo,Ensalada,3,5253.0,0.0,15758.0,13.1,4.0,0
ORD-06440,2025-05-01,Thursday,10,Mostrador,Nuevo,Almuerzo,Bagel,3,5478.0,0.0,16435.0,10.4,4.4,0
ORD-05771,2025-05-01,Thursday,12,Mostrador,Nuevo,Café,Latte,1,1848.0,0.05,1756.0,10.1,4.5,1
ORD-00077,2025-05-01,Thursday,13,Delivery,Frecuente,Desayuno,Tostadas,2,3727.0,0.0,7454.0,21.8,4.3,1
ORD-01145,2025-05-01,Thursday,13,Takeaway,Habitual,Desayuno,Tostadas,2,4013.0,0.15,6821.0,12.8,4.4,0
ORD-02069,2025-05-01,Thursday,13,Mostrador,Habitual,Pastelería,Medialuna,1,1702.0,0.0,1702.0,12.9,3.9,0
ORD-03623,2025-05-01,Thursday,13,Mostrador,Habitual,Almuerzo,Ensalada,1,4192.0,0.0,4192.0,10.2,5.0,0
ORD-04818,2025-05-01,Thursday,13,Mostrador,Habitual,Café,Americano,3,1784.0,0.0,5353.0,8.7,5.0,0
ORD-05768,2025-05-01,Thursday,13,Mostrador,Nuevo,Café,Espresso,2,1598.0,0.0,3196.0,6.6,5.0,1
ORD-01514,2025-05-01,Thursday,14,Mostrador,Nuevo,Pastelería,Croissant,1,1660.0,0.05,1577.0,10.2,4.1,1
ORD-04151,2025-05-01,Thursday,14,Mostrador,Habitual,Café,Flat White,1,1880.0,0.0,1880.0,10.2,4.4,0
ORD-04497,2025-05-01,Thursday,14,Takeaway,Nuevo,Café,Espresso,1,1829.0,0.0,1829.0,9.6,4.3,0
ORD-05831,2025-05-01,Thursday,14,Mostrador,Nuevo,Almuerzo,Ensalada,2,5153.0,0.1,9276.0,8.9,4.2,0
ORD-00254,2025-05-01,Thursday,15,Mostrador,Habitual,Almuerzo,Tostado,1,5852.0,0.05,5560.0,5.0,4.5,0
ORD-05614,2025-05-01,Thursday,15,Delivery,Habitual,Café,Cortado,1,1588.0,0.0,1588.0,18.6,4.1,0
ORD-05077,2025-05-01,Thursday,16,Takeaway,Nuevo,Desayuno,Tostadas,2,3951.0,0.05,7506.0,6.9,4.6,0
ORD-04653,2025-05-01,Thursday,19,Delivery,Habitual,Café,Americano,1,1983.0,0.0,1983.0,13.6,4.2,0
ORD-03772,2025-05-01,Thursday,20,Takeaway,Nuevo,Almuerzo,Tostado,1,5434.0,0.05,5162.0,5.5,5.0,0
ORD-01905,2025-05-02,Friday,8,Mostrador,Nuevo,Pastelería,Cookie,1,1690.0,0.0,1690.0,7.4,4.9,0
ORD-05468,2025-05-02,Friday,8,Takeaway,Nuevo,Pastelería,Medialuna,1,1606.0,0.1,1445.0,12.3,4.9,1
ORD-06312,2025-05-02,Friday,10,Mostrador,Nuevo,Pastelería,Budín,1,1581.0,0.0,1581.0,9.3,4.6,0
ORD-00294,2025-05-02,Friday,11,Takeaway,Nuevo,Bebidas frías,Cold brew,1,2577.0,0.0,2577.0,4.7,5.0,1
ORD-00487,2025-05-02,Friday,12,Takeaway,Habitual,Almuerzo,Wrap,1,4870.0,0.05,4627.0,16.4,4.5,0
ORD-01494,2025-05-02,Friday,12,Takeaway,Nuevo,Bebidas frías,Limonada,1,3176.0,0.1,2859.0,12.1,3.8,1
ORD-01777,2025-05-02,Friday,13,Mostrador,Habitual,Desayuno,Combo desayuno,1,4526.0,0.0,4526.0,5.4,4.3,0
ORD-00738,2025-05-02,Friday,14,Mostrador,Nuevo,Pastelería,Cookie,1,1499.0,0.0,1499.0,12.9,4.8,0
ORD-01511,2025-05-02,Friday,14,Mostrador,Nuevo,Desayuno,Tostadas,2,3958.0,0.0,7916.0,9.1,5.0,0
ORD-03770,2025-05-02,Friday,14,Mostrador,Frecuente,Desayuno,Avocado toast,2,3947.0,0.0,7894.0,8.0,3.8,1
ORD-06017,2025-05-02,Friday,14,Mostrador,Frecuente,Almuerzo,Bagel,1,5455.0,0.0,5455.0,5.7,4.7,0
ORD-03522,2025-05-02,Friday,15,Takeaway,Nuevo,Café,Cortado,1,1637.0,0.0,1637.0,6.0,4.7,0
ORD-04413,2025-05-02,Friday,15,Takeaway,Habitual,Pastelería,Cookie,3,1654.0,0.0,4963.0,6.5,4.5,0
ORD-06244,2025-05-02,Friday,15,Takeaway,Habitual,Desayuno,Tostadas,3,3700.0,0.0,11099.0,2.6,4.3,0
ORD-01030,2025-05-02,Friday,16,Mostrador,Habitual,Café,Latte,3,1785.0,0.05,5088.0,4.1,5.0,0
ORD-02160,2025-05-02,Friday,17,Takeaway,Nuevo,Desayuno,Tostadas,1,3623.0,0.0,3623.0,8.0,5.0,0
ORD-05433,2025-05-02,Friday,17,Takeaway,Nuevo,Pastelería,Cookie,2,1408.0,0.0,2816.0,7.5,4.8,0
ORD-01069,2025-05-02,Friday,18,Mostrador,Habitual,Pastelería,Cookie,2,1705.0,0.0,3411.0,9.0,4.7,0
ORD-00169,2025-05-03,Saturday,8,Mostrador,Habitual,Pastelería,Budín,1,1639.0,0.0,1639.0,9.3,4.9,0
ORD-02204,2025-05-03,Saturday,10,Delivery,Frecuente,Almuerzo,Ensalada,1,5135.0,0.1,4621.0,15.1,5.0,0
ORD-04100,2025-05-03,Saturday,10,Mostrador,Nuevo,Café,Americano,3,1869.0,0.0,5606.0,8.9,4.2,0
ORD-02637,2025-05-03,Saturday,12,Mostrador,Frecuente,Desayuno,Yogur + granola,1,4688.0,0.1,4219.0,12.8,4.3,0
ORD-04777,2025-05-03,Saturday,13,Delivery,Habitual,Almuerzo,Bagel,1,4866.0,0.0,4866.0,23.3,3.0,0
ORD-05601,2025-05-03,Saturday,13,Mostrador,Nuevo,Bebidas frías,Cold brew,1,2650.0,0.05,2518.0,10.3,4.0,1
ORD-00371,2025-05-03,Saturday,15,Mostrador,Habitual,Almuerzo,Wrap,1,5233.0,0.0,5233.0,2.0,4.6,1
ORD-03395,2025-05-03,Saturday,15,Mostrador,Nuevo,Café,Espresso,2,2060.0,0.05,3914.0,3.9,3.8,0
ORD-04389,2025-05-03,Saturday,15,Mostrador,Frecuente,Café,Latte,1,1738.0,0.05,1651.0,3.5,5.0,0
ORD-03434,2025-05-03,Saturday,17,Mostrador,Nuevo,Café,Americano,3,1947.0,0.0,5840.0,5.1,4.2,0
ORD-05912,2025-05-03,Saturday,18,Takeaway,Nuevo,Desayuno,Combo desayuno,1,4602.0,0.0,4602.0,8.6,4.2,0
ORD-04049,2025-05-03,Saturday,19,Mostrador,Habitual,Bebidas frías,Cold brew,1,2886.0,0.0,2886.0,5.3,4.8,0
ORD-04241,2025-05-03,Saturday,19,Takeaway,Nuevo,Café,Flat White,1,1845.0,0.05,1753.0,7.0,4.2,0
ORD-06301,2025-05-03,Saturday,19,Takeaway,Nuevo,Almuerzo,Bagel,3,4921.0,0.0,14763.0,8.9,5.0,0
ORD-03659,2025-05-03,Saturday,20,Mostrador,Nuevo,Bebidas frías,Limonada,1,3036.0,0.1,2732.0,5.4,4.1,1
ORD-03996,2025-05-03,Saturday,20,Delivery,Frecuente,Café,Flat White,1,1574.0,0.0,1574.0,18.6,4.7,0
ORD-05174,2025-05-03,Saturday,20,Mostrador,Habitual,Almuerzo,Tostado,2,5940.0,0.0,11879.0,3.1,4.5,1
ORD-00627,2025-05-04,Sunday,7,Mostrador,Habitual,Desayuno,Combo desayuno,1,4579.0,0.0,4579.0,4.6,4.6,0
ORD-03597,2025-05-04,Sunday,11,Takeaway,Habitual,Almuerzo,Ensalada,3,5265.0,0.15,13426.0,4.2,5.0,0
ORD-03827,2025-05-04,Sunday,11,Mostrador,Habitual,Café,Cortado,2,1859.0,0.0,3718.0,6.3,5.0,1
ORD-00199,2025-05-04,Sunday,12,Takeaway,Nuevo,Café,Cortado,2,1980.0,0.0,3961.0,10.4,4.0,0
ORD-01900,2025-05-04,Sunday,12,Takeaway,Nuevo,Bebidas frías,Cold brew,1,2646.0,0.0,2646.0,13.0,4.0,1
ORD-04566,2025-05-04,Sunday,12,Mostrador,Frecuente,Bebidas frías,Iced latte,1,2799.0,0.0,2799.0,11.0,4.4,1
ORD-05293,2025-05-04,Sunday,12,Mostrador,Nuevo,Café,Flat White,1,1814.0,0.0,1814.0,5.3,5.0,0
ORD-01176,2025-05-04,Sunday,13,Mostrador,Frecuente,Bebidas frías,Limonada,1,2804.0,0.05,2664.0,11.9,4.6,0
ORD-02367,2025-05-04,Sunday,13,Mostrador,Frecuente,Café,Espresso,1,1785.0,0.0,1785.0,8.0,5.0,0
ORD-04254,2025-05-04,Sunday,13,Mostrador,Habitual,Bebidas frías,Limonada,2,2760.0,0.0,5521.0,7.8,4.2,0
ORD-05933,2025-05-04,Sunday,13,Mostrador,Habitual,Almuerzo,Ensalada,1,5158.0,0.0,5158.0,15.0,4.5,0
ORD-02323,2025-05-04,Sunday,14,Mostrador,Frecuente,Pastelería,Cookie,1,1697.0,0.0,1697.0,13.1,3.8,0
ORD-06154,2025-05-04,Sunday,14,Delivery,Habitual,Desayuno,Tostadas,1,4192.0,0.0,4192.0,18.1,4.6,0
ORD-04968,2025-05-04,Sunday,15,Takeaway,Nuevo,Almuerzo,Wrap,1,5199.0,0.05,4939.0,7.7,5.0,0
ORD-03085,2025-05-04,Sunday,16,Mostrador,Frecuente,Almuerzo,Ensalada,1,5612.0,0.0,5612.0,3.3,5.0,0
ORD-05086,2025-05-04,Sunday,16,Mostrador,Habitual,Bebidas frías,Cold brew,3,2915.0,0.0,8745.0,4.2,5.0,0
ORD-01142,2025-05-04,Sunday,17,Mostrador,Frecuente,Pastelería,Budín,1,1694.0,0.05,1610.0,4.1,4.4,1
ORD-04462,2025-05-04,Sunday,17,Mostrador,Nuevo,Pastelería,Cookie,1,1554.0,0.0,1554.0,2.0,4.6,0
ORD-04889,2025-05-04,Sunday,17,Mostrador,Frecuente,Café,Latte,1,1908.0,0.0,1908.0,3.3,4.1,0
ORD-04940,2025-05-04,Sunday,17,Delivery,Nuevo,Almuerzo,Tostado,1,4868.0,0.0,4868.0,18.2,3.8,0
ORD-01782,2025-05-04,Sunday,18,Mostrador,Nuevo,Bebidas frías,Limonada,1,2721.0,0.0,2721.0,7.1,4.1,0
ORD-01771,2025-05-04,Sunday,19,Mostrador,Nuevo,Bebidas frías,Licuado,2,2773.0,0.0,5546.0,4.2,5.0,0
ORD-03251,2025-05-04,Sunday,19,Mostrador,Frecuente,Bebidas frías,Licuado,1,2788.0,0.0,2788.0,5.9,4.6,0
ORD-01978,2025-05-05,Monday,7,Takeaway,Nuevo,Pastelería,Medialuna,3,1562.0,0.0,4687.0,10.9,4.2,0
ORD-03487,2025-05-05,Monday,7,Mostrador,Habitual,Desayuno,Combo desayuno,1,4630.0,0.0,4630.0,7.1,4.5,0
ORD-02074,2025-05-05,Monday,8,Takeaway,Nuevo,Pastelería,Budín,2,1711.0,0.0,3422.0,12.2,4.3,0
ORD-01330,2025-05-05,Monday,9,Takeaway,Nuevo,Pastelería,Croissant,1,1638.0,0.0,1638.0,6.9,4.7,0
ORD-01974,2025-05-05,Monday,9,Mostrador,Habitual,Bebidas frías,Licuado,1,2983.0,0.1,2684.0,13.3,3.9,0
ORD-01160,2025-05-05,Monday,10,Delivery,Habitual,Almuerzo,Bagel,2,4437.0,0.0,8873.0,26.3,3.1,0
ORD-05360,2025-05-05,Monday,10,Takeaway,Habitual,Pastelería,Cookie,1,1491.0,0.0,1491.0,12.4,4.4,1
ORD-04218,2025-05-05,Monday,11,Takeaway,Frecuente,Café,Flat White,1,1989.0,0.0,1989.0,4.1,4.7,1
ORD-04255,2025-05-05,Monday,14,Mostrador,Nuevo,Almuerzo,Ensalada,2,5595.0,0.0,11190.0,6.9,4.3,0
ORD-06351,2025-05-05,Monday,14,Takeaway,Nuevo,Almuerzo,Tostado,1,4862.0,0.0,4862.0,13.3,4.8,0
ORD-02491,2025-05-05,Monday,16,Takeaway,Habitual,Almuerzo,Ensalada,1,5488.0,0.05,5214.0,5.8,4.4,0
ORD-03213,2025-05-05,Monday,16,Takeaway,Habitual,Pastelería,Cookie,2,1544.0,0.0,3089.0,11.3,3.7,1
ORD-02461,2025-05-05,Monday,17,Takeaway,Frecuente,Pastelería,Croissant,1,1504.0,0.0,1504.0,9.6,4.5,0
ORD-03729,2025-05-05,Monday,17,Takeaway,Habitual,Almuerzo,Bagel,2,4978.0,0.0,9957.0,8.6,4.6,0
ORD-03986,2025-05-05,Monday,17,Takeaway,Habitual,Desayuno,Combo desayuno,1,4175.0,0.0,4175.0,9.5,4.7,0
ORD-05859,2025-05-05,Monday,17,Mostrador,Habitual,Almuerzo,Bagel,1,5139.0,0.05,4882.0,10.8,4.8,1
ORD-02327,2025-05-05,Monday,20,Mostrador,Frecuente,Desayuno,Yogur + granola,1,3872.0,0.0,3872.0,2.9,5.0,1
ORD-01711,2025-05-06,Tuesday,10,Mostrador,Nuevo,Pastelería,Cookie,1,1558.0,0.1,1402.0,12.0,4.5,0
ORD-02485,2025-05-06,Tuesday,10,Delivery,Nuevo,Bebidas frías,Cold brew,1,2687.0,0.0,2687.0,21.8,3.4,1
ORD-04066,2025-05-06,Tuesday,10,Delivery,Nuevo,Pastelería,Budín,2,1606.0,0.0,3213.0,20.6,3.4,1
ORD-01647,2025-05-06,Tuesday,11,Takeaway,Frecuente,Bebidas frías,Licuado,1,3124.0,0.0,3124.0,8.0,4.1,0
ORD-01793,2025-05-06,Tuesday,12,Mostrador,Habitual,Desayuno,Avocado toast,1,4333.0,0.0,4333.0,6.7,5.0,0
ORD-05256,2025-05-06,Tuesday,12,Mostrador,Nuevo,Café,Espresso,3,1872.0,0.0,5616.0,10.9,3.8,0
ORD-04203,2025-05-06,Tuesday,13,Delivery,Nuevo,Café,Cortado,1,1618.0,0.0,1618.0,20.2,4.1,1
ORD-04439,2025-05-06,Tuesday,13,Takeaway,Frecuente,Desayuno,Yogur + granola,1,3753.0,0.0,3753.0,12.3,4.6,1
ORD-02740,2025-05-06,Tuesday,14,Mostrador,Habitual,Café,Espresso,3,1725.0,0.0,5175.0,13.4,4.9,1
ORD-04783,2025-05-06,Tuesday,14,Takeaway,Habitual,Café,Latte,2,1943.0,0.0,3885.0,13.6,4.6,0
ORD-00197,2025-05-06,Tuesday,16,Takeaway,Habitual,Pastelería,Budín,2,1624.0,0.0,3248.0,6.5,4.4,0
ORD-02030,2025-05-06,Tuesday,16,Delivery,Habitual,Café,Latte,2,2210.0,0.0,4421.0,20.8,4.0,1
ORD-00991,2025-05-06,Tuesday,17,Delivery,Frecuente,Café,Cortado,1,1952.0,0.0,1952.0,16.7,4.3,1
ORD-03174,2025-05-06,Tuesday,17,Mostrador,Habitual,Bebidas frías,Limonada,1,3043.0,0.0,3043.0,3.8,5.0,0
ORD-04192,2025-05-06,Tuesday,17,Mostrador,Nuevo,Almuerzo,Ensalada,1,5502.0,0.0,5502.0,3.3,4.8,0
ORD-01357,2025-05-06,Tuesday,18,Takeaway,Nuevo,Almuerzo,Tostado,3,5439.0,0.0,16317.0,4.6,4.9,0
ORD-03091,2025-05-06,Tuesday,18,Mostrador,Habitual,Desayuno,Combo desayuno,1,4069.0,0.05,3866.0,5.0,4.9,1
ORD-01372,2025-05-06,Tuesday,19,Mostrador,Nuevo,Café,Americano,1,2062.0,0.0,2062.0,6.9,4.3,0
ORD-00268,2025-05-07,Wednesday,10,Takeaway,Habitual,Desayuno,Tostadas,2,4416.0,0.0,8832.0,13.0,4.2,1
ORD-02590,2025-05-07,Wednesday,11,Takeaway,Habitual,Desayuno,Combo desayuno,1,4079.0,0.0,4079.0,11.0,4.5,1
ORD-01236,2025-05-07,Wednesday,12,Mostrador,Habitual,Café,Flat White,3,1643.0,0.05,4682.0,7.1,4.6,1
ORD-01383,2025-05-07,Wednesday,12,Mostrador,Nuevo,Café,Cortado,3,1990.0,0.0,5971.0,11.9,4.4,1
ORD-00139,2025-05-07,Wednesday,13,Mostrador,Frecuente,Desayuno,Tostadas,1,4152.0,0.0,4152.0,9.1,4.8,1
ORD-01592,2025-05-07,Wednesday,13,Mostrador,Habitual,Pastelería,Croissant,3,1345.0,0.1,3631.0,7.1,5.0,0
ORD-04229,2025-05-07,Wednesday,13,Delivery,Habitual,Pastelería,Budín,1,1398.0,0.05,1329.0,18.8,3.6,1
ORD-04901,2025-05-07,Wednesday,14,Takeaway,Habitual,Pastelería,Budín,3,1516.0,0.0,4547.0,9.9,4.0,1
ORD-06494,2025-05-07,Wednesday,15,Mostrador,Habitual,Almuerzo,Wrap,2,5468.0,0.0,10936.0,3.3,5.0,0
ORD-05255,2025-05-07,Wednesday,16,Mostrador,Nuevo,Pastelería,Medialuna,1,1496.0,0.05,1421.0,5.8,5.0,0
ORD-04500,2025-05-07,Wednesday,17,Mostrador,Habitual,Almuerzo,Wrap,1,4295.0,0.0,4295.0,3.9,4.4,0
ORD-06459,2025-05-07,Wednesday,17,Takeaway,Habitual,Café,Cortado,1,1715.0,0.0,1715.0,4.9,4.8,1
ORD-01407,2025-05-07,Wednesday,18,Delivery,Nuevo,Desayuno,Tostadas,1,4478.0,0.05,4255.0,16.9,4.7,0
ORD-02910,2025-05-07,Wednesday,19,Mostrador,Nuevo,Pastelería,Medialuna,2,1589.0,0.0,3178.0,3.2,4.4,1
ORD-03558,2025-05-07,Wednesday,19,Mostrador,Frecuente,Desayuno,Avocado toast,1,3470.0,0.0,3470.0,6.9,4.3,0
ORD-02998,2025-05-07,Wednesday,20,Mostrador,Nuevo,Desayuno,Yogur + granola,2,4156.0,0.0,8313.0,9.1,4.4,0
ORD-03454,2025-05-08,Thursday,10,Mostrador,Nuevo,Café,Flat White,3,1887.0,0.0,5662.0,10.0,4.8,1
ORD-04313,2025-05-08,Thursday,10,Takeaway,Habitual,Desayuno,Tostadas,1,4287.0,0.0,4287.0,12.1,5.0,0
ORD-01312,2025-05-08,Thursday,11,Mostrador,Habitual,Almuerzo,Ensalada,1,5055.0,0.0,5055.0,3.6,5.0,0
ORD-03510,2025-05-08,Thursday,11,Delivery,Habitual,Desayuno,Avocado toast,2,4685.0,0.0,9370.0,17.1,4.0,0
ORD-04176,2025-05-08,Thursday,11,Mostrador,Habitual,Desayuno,Combo desayuno,1,4176.0,0.0,4176.0,5.7,4.8,1
ORD-04831,2025-05-08,Thursday,11,Takeaway,Habitual,Pastelería,Cookie,1,1551.0,0.0,1551.0,6.3,4.2,1
ORD-02425,2025-05-08,Thursday,14,Delivery,Habitual,Bebidas frías,Iced latte,3,2763.0,0.0,8289.0,25.2,3.9,0
ORD-02585,2025-05-08,Thursday,14,Mostrador,Nuevo,Café,Latte,1,1938.0,0.0,1938.0,10.6,4.5,0
ORD-03021,2025-05-08,Thursday,14,Mostrador,Habitual,Café,Latte,3,1856.0,0.0,5567.0,8.7,4.5,0
ORD-03717,2025-05-08,Thursday,14,Mostrador,Frecuente,Desayuno,Yogur + granola,1,4156.0,0.0,4156.0,6.9,5.0,0
ORD-04739,2025-05-08,Thursday,15,Mostrador,Nuevo,Pastelería,Tostada dulce,1,1600.0,0.0,1600.0,4.5,4.9,0
ORD-06043,2025-05-08,Thursday,16,Delivery,Nuevo,Café,Espresso,1,1614.0,0.05,1533.0,19.7,4.1,0
ORD-01757,2025-05-08,Thursday,17,Mostrador,Frecuente,Bebidas frías,Licuado,2,3348.0,0.0,6695.0,7.7,4.5,1
ORD-03854,2025-05-09,Friday,8,Mostrador,Nuevo,Bebidas frías,Limonada,1,2715.0,0.0,2715.0,9.1,5.0,1
ORD-05241,2025-05-09,Friday,11,Delivery,Nuevo,Café,Cortado,1,1738.0,0.0,1738.0,20.8,3.8,0
ORD-05169,2025-05-09,Friday,12,Takeaway,Habitual,Pastelería,Croissant,1,1562.0,0.0,1562.0,10.3,4.8,0
ORD-03406,2025-05-09,Friday,13,Takeaway,Habitual,Desayuno,Avocado toast,2,3994.0,0.1,7189.0,11.3,4.6,1
ORD-05220,2025-05-09,Friday,13,Delivery,Nuevo,Café,Americano,2,1753.0,0.0,3507.0,26.7,3.0,0
ORD-05671,2025-05-09,Friday,13,Takeaway,Habitual,Café,Flat White,1,1818.0,0.1,1637.0,11.6,4.3,1
ORD-00979,2025-05-09,Friday,14,Takeaway,Nuevo,Bebidas frías,Cold brew,1,2488.0,0.0,2488.0,12.9,4.3,0
ORD-05417,2025-05-09,Friday,14,Mostrador,Frecuente,Desayuno,Combo desayuno,2,3871.0,0.0,7743.0,5.9,5.0,0
ORD-04350,2025-05-09,Friday,15,Mostrador,Frecuente,Desayuno,Combo desayuno,1,3783.0,0.05,3594.0,3.3,4.8,1
ORD-05245,2025-05-09,Friday,15,Takeaway,Habitual,Café,Espresso,1,1730.0,0.05,1643.0,6.6,4.8,0
ORD-05596,2025-05-09,Friday,15,Delivery,Habitual,Almuerzo,Bagel,1,5066.0,0.0,5066.0,13.0,4.0,1
ORD-01363,2025-05-09,Friday,16,Mostrador,Frecuente,Café,Cortado,1,1986.0,0.0,1986.0,8.0,4.6,0
ORD-04517,2025-05-09,Friday,16,Takeaway,Nuevo,Almuerzo,Tostado,2,5057.0,0.0,10113.0,5.9,5.0,0
ORD-05041,2025-05-09,Friday,16,Takeaway,Habitual,Bebidas frías,Iced latte,1,2711.0,0.0,2711.0,5.2,4.4,0
ORD-05568,2025-05-09,Friday,17,Mostrador,Nuevo,Almuerzo,Wrap,1,5413.0,0.1,4872.0,3.2,4.0,0
ORD-02282,2025-05-09,Friday,18,Takeaway,Habitual,Bebidas frías,Iced latte,2,3041.0,0.0,6083.0,6.6,5.0,0
ORD-04011,2025-05-09,Friday,18,Mostrador,Frecuente,Almuerzo,Wrap,1,5569.0,0.0,5569.0,6.8,4.8,0
ORD-04267,2025-05-09,Friday,18,Mostrador,Nuevo,Café,Latte,3,1947.0,0.0,5841.0,2.3,4.6,0
ORD-04383,2025-05-09,Friday,18,Takeaway,Habitual,Café,Americano,2,1594.0,0.0,3188.0,9.0,4.2,0
ORD-04245,2025-05-09,Friday,19,Mostrador,Frecuente,Café,Cortado,3,1921.0,0.0,5763.0,3.0,5.0,1
ORD-04630,2025-05-09,Friday,19,Mostrador,Habitual,Café,Cortado,3,1613.0,0.0,4840.0,7.0,4.7,0
ORD-06422,2025-05-09,Friday,20,Mostrador,Frecuente,Pastelería,Cookie,1,1492.0,0.0,1492.0,3.8,4.1,1
ORD-06306,2025-05-10,Saturday,7,Delivery,Frecuente,Café,Cortado,1,1877.0,0.0,1877.0,17.1,3.8,1
ORD-05165,2025-05-10,Saturday,9,Mostrador,Nuevo,Bebidas frías,Limonada,1,2777.0,0.0,2777.0,10.3,5.0,1
ORD-01831,2025-05-10,Saturday,10,Mostrador,Frecuente,Bebidas frías,Iced latte,2,3103.0,0.0,6206.0,8.9,4.6,1
ORD-06478,2025-05-10,Saturday,11,Delivery,Habitual,Bebidas frías,Cold brew,1,2836.0,0.0,2836.0,14.8,4.0,1
ORD-02885,2025-05-10,Saturday,12,Mostrador,Habitual,Café,Flat White,1,1665.0,0.0,1665.0,9.6,4.6,0
ORD-05552,2025-05-10,Saturday,12,Mostrador,Nuevo,Almuerzo,Tostado,1,5584.0,0.05,5305.0,4.9,5.0,1
ORD-06434,2025-05-10,Saturday,12,Mostrador,Habitual,Café,Espresso,3,1692.0,0.05,4821.0,8.3,4.9,0
ORD-04442,2025-05-10,Saturday,13,Takeaway,Habitual,Café,Flat White,2,1692.0,0.0,3384.0,10.0,4.9,0
ORD-00044,2025-05-10,Saturday,14,Mostrador,Nuevo,Desayuno,Tostadas,1,4067.0,0.0,4067.0,3.6,5.0,0
ORD-04174,2025-05-10,Saturday,14,Delivery,Nuevo,Café,Americano,1,1731.0,0.05,1644.0,20.9,4.0,0
ORD-05446,2025-05-10,Saturday,14,Takeaway,Frecuente,Almuerzo,Tostado,1,5168.0,0.05,4910.0,13.2,4.0,0
ORD-03407,2025-05-10,Saturday,15,Mostrador,Nuevo,Almuerzo,Wrap,3,6164.0,0.0,18491.0,7.7,4.9,0
ORD-02562,2025-05-11,Sunday,9,Mostrador,Nuevo,Almuerzo,Wrap,1,5219.0,0.0,5219.0,8.5,5.0,0
ORD-03054,2025-05-11,Sunday,10,Mostrador,Habitual,Bebidas frías,Licuado,1,2709.0,0.0,2709.0,9.2,4.1,1
ORD-02490,2025-05-11,Sunday,13,Takeaway,Habitual,Café,Espresso,1,1962.0,0.0,1962.0,12.0,3.9,1
ORD-01685,2025-05-11,Sunday,15,Mostrador,Habitual,Café,Latte,1,1805.0,0.0,1805.0,5.6,5.0,0
ORD-03131,2025-05-11,Sunday,16,Mostrador,Habitual,Café,Flat White,2,1813.0,0.0,3627.0,3.4,4.6,1
ORD-00521,2025-05-11,Sunday,19,Takeaway,Nuevo,Bebidas frías,Iced latte,1,2612.0,0.0,2612.0,6.1,4.7,1
ORD-00998,2025-05-12,Monday,7,Takeaway,Frecuente,Café,Latte,2,1757.0,0.0,3515.0,7.3,4.9,1
ORD-01925,2025-05-12,Monday,10,Mostrador,Frecuente,Pastelería,Budín,1,1472.0,0.0,1472.0,10.9,4.7,1
ORD-02850,2025-05-12,Monday,10,Mostrador,Frecuente,Café,Latte,1,1801.0,0.0,1801.0,6.5,4.7,1
ORD-01927,2025-05-12,Monday,11,Mostrador,Frecuente,Café,Latte,2,1376.0,0.0,2752.0,3.8,5.0,1
ORD-05373,2025-05-12,Monday,11,Mostrador,Frecuente,Café,Latte,1,1779.0,0.05,1690.0,3.7,4.9,1
ORD-01572,2025-05-12,Monday,12,Mostrador,Nuevo,Café,Cortado,2,1648.0,0.1,2967.0,7.7,5.0,0
ORD-03848,2025-05-12,Monday,12,Takeaway,Nuevo,Café,Espresso,3,1719.0,0.05,4899.0,9.2,4.0,1
ORD-03086,2025-05-12,Monday,13,Mostrador,Habitual,Café,Latte,2,1484.0,0.05,2820.0,10.9,4.5,0
ORD-03711,2025-05-12,Monday,13,Mostrador,Nuevo,Almuerzo,Wrap,1,5339.0,0.0,5339.0,11.9,3.7,0
ORD-05033,2025-05-12,Monday,13,Mostrador,Habitual,Bebidas frías,Cold brew,1,2577.0,0.15,2190.0,9.8,4.5,0
ORD-00765,2025-05-12,Monday,14,Delivery,Habitual,Almuerzo,Wrap,2,6047.0,0.0,12094.0,19.3,3.9,0
ORD-01699,2025-05-12,Monday,15,Takeaway,Frecuente,Café,Latte,2,1815.0,0.0,3630.0,9.7,5.0,0
ORD-03465,2025-05-12,Monday,15,Takeaway,Nuevo,Café,Flat White,1,1797.0,0.0,1797.0,5.7,4.8,0
ORD-03857,2025-05-12,Monday,15,Mostrador,Nuevo,Pastelería,Cookie,1,1743.0,0.0,1743.0,7.4,4.6,0
ORD-04182,2025-05-12,Monday,15,Mostrador,Nuevo,Bebidas frías,Cold brew,2,2535.0,0.0,5069.0,5.2,5.0,0
ORD-05490,2025-05-12,Monday,15,Mostrador,Nuevo,Bebidas frías,Limonada,2,2888.0,0.0,5776.0,5.8,4.9,0
ORD-02053,2025-05-12,Monday,16,Takeaway,Nuevo,Café,Americano,1,1631.0,0.0,1631.0,3.4,5.0,0
ORD-02759,2025-05-12,Monday,17,Delivery,Nuevo,Café,Latte,1,1799.0,0.05,1709.0,17.0,4.1,0
ORD-04786,2025-05-12,Monday,18,Takeaway,Habitual,Café,Espresso,2,1666.0,0.0,3333.0,3.0,5.0,0
ORD-02486,2025-05-12,Monday,20,Delivery,Frecuente,Café,Espresso,1,1855.0,0.0,1855.0,20.0,4.6,1
ORD-00746,2025-05-13,Tuesday,7,Delivery,Frecuente,Café,Americano,2,1956.0,0.1,3521.0,11.6,4.4,1
ORD-02893,2025-05-13,Tuesday,9,Mostrador,Habitual,Café,Flat White,3,1692.0,0.1,4569.0,8.8,4.8,0
ORD-02191,2025-05-13,Tuesday,10,Mostrador,Nuevo,Bebidas frías,Cold brew,1,3144.0,0.0,3144.0,8.5,4.5,0
ORD-00053,2025-05-13,Tuesday,12,Takeaway,Habitual,Pastelería,Medialuna,1,1582.0,0.0,1582.0,11.9,4.4,0
ORD-03237,2025-05-13,Tuesday,12,Delivery,Habitual,Almuerzo,Ensalada,2,5478.0,0.05,10407.0,20.9,3.5,0
ORD-00194,2025-05-13,Tuesday,13,Mostrador,Habitual,Almuerzo,Wrap,2,5241.0,0.0,10482.0,12.6,4.3,0
ORD-02145,2025-05-13,Tuesday,13,Mostrador,Habitual,Pastelería,Croissant,3,1595.0,0.1,4307.0,8.1,4.9,0
ORD-02441,2025-05-13,Tuesday,14,Takeaway,Habitual,Café,Flat White,1,1945.0,0.0,1945.0,11.7,4.4,0
ORD-02827,2025-05-13,Tuesday,15,Mostrador,Habitual,Pastelería,Cookie,1,1425.0,0.15,1211.0,2.0,4.7,1
ORD-00301,2025-05-13,Tuesday,18,Mostrador,Nuevo,Café,Americano,1,1861.0,0.05,1768.0,8.1,5.0,0
ORD-01773,2025-05-13,Tuesday,18,Delivery,Frecuente,Café,Cortado,1,1729.0,0.0,1729.0,17.3,4.2,1
ORD-02201,2025-05-14,Wednesday,7,Delivery,Nuevo,Café,Espresso,2,1777.0,0.0,3554.0,25.2,3.9,1
ORD-02763,2025-05-14,Wednesday,7,Mostrador,Frecuente,Desayuno,Combo desayuno,1,4019.0,0.0,4019.0,3.2,5.0,0
ORD-01138,2025-05-14,Wednesday,10,Takeaway,Nuevo,Almuerzo,Tostado,1,5315.0,0.0,5315.0,11.0,4.8,1
ORD-03677,2025-05-14,Wednesday,12,Delivery,Habitual,Desayuno,Yogur + granola,2,4367.0,0.0,8735.0,21.6,3.8,0
ORD-06467,2025-05-14,Wednesday,12,Takeaway,Frecuente,Desayuno,Tostadas,1,3937.0,0.0,3937.0,9.5,4.2,0
ORD-00630,2025-05-14,Wednesday,13,Mostrador,Habitual,Desayuno,Tostadas,1,4227.0,0.0,4227.0,11.0,3.8,1
ORD-05858,2025-05-14,Wednesday,13,Mostrador,Nuevo,Café,Flat White,1,1687.0,0.0,1687.0,4.3,4.9,1
ORD-00063,2025-05-14,Wednesday,14,Takeaway,Frecuente,Bebidas frías,Licuado,1,2918.0,0.0,2918.0,7.8,5.0,1
ORD-02056,2025-05-14,Wednesday,15,Takeaway,Nuevo,Almuerzo,Wrap,1,4659.0,0.0,4659.0,2.9,4.5,0
ORD-00201,2025-05-14,Wednesday,16,Mostrador,Frecuente,Almuerzo,Wrap,1,4616.0,0.0,4616.0,2.9,5.0,1
ORD-01052,2025-05-14,Wednesday,16,Mostrador,Nuevo,Pastelería,Medialuna,1,1701.0,0.0,1701.0,3.9,4.3,0
ORD-03101,2025-05-14,Wednesday,17,Takeaway,Nuevo,Café,Latte,1,1707.0,0.0,1707.0,3.8,4.5,0
ORD-03115,2025-05-14,Wednesday,18,Takeaway,Nuevo,Café,Flat White,1,1976.0,0.0,1976.0,2.0,4.9,0
ORD-04093,2025-05-14,Wednesday,18,Takeaway,Habitual,Bebidas frías,Cold brew,3,2620.0,0.0,7859.0,6.1,4.6,1
ORD-04738,2025-05-14,Wednesday,19,Takeaway,Frecuente,Café,Latte,2,1955.0,0.0,3909.0,8.1,4.8,0
ORD-06356,2025-05-14,Wednesday,19,Mostrador,Frecuente,Desayuno,Tostadas,1,4462.0,0.05,4239.0,6.7,4.3,0
ORD-01360,2025-05-14,Wednesday,20,Mostrador,Nuevo,Pastelería,Medialuna,2,1730.0,0.0,3460.0,5.1,4.9,0
ORD-04750,2025-05-14,Wednesday,20,Delivery,Habitual,Café,Espresso,1,1582.0,0.1,1423.0,20.1,4.2,0
ORD-01271,2025-05-15,Thursday,9,Mostrador,Habitual,Pastelería,Croissant,1,1632.0,0.0,1632.0,10.3,5.0,1
ORD-02767,2025-05-15,Thursday,10,Mostrador,Habitual,Desayuno,Yogur + granola,1,3376.0,0.05,3207.0,9.3,4.9,0
ORD-04676,2025-05-15,Thursday,11,Mostrador,Frecuente,Bebidas frías,Licuado,2,3051.0,0.0,6103.0,5.7,4.3,0
ORD-04950,2025-05-15,Thursday,11,Mostrador,Nuevo,Desayuno,Combo desayuno,1,4293.0,0.0,4293.0,7.1,4.7,0
ORD-04478,2025-05-15,Thursday,12,Mostrador,Nuevo,Pastelería,Medialuna,3,1653.0,0.0,4959.0,10.1,5.0,0
ORD-04486,2025-05-15,Thursday,13,Mostrador,Habitual,Desayuno,Avocado toast,1,4300.0,0.05,4085.0,10.1,3.9,1
ORD-05046,2025-05-15,Thursday,13,Takeaway,Habitual,Desayuno,Combo desayuno,1,4125.0,0.0,4125.0,8.1,4.9,1
ORD-02356,2025-05-15,Thursday,14,Takeaway,Frecuente,Café,Espresso,1,1699.0,0.05,1614.0,12.5,5.0,1
ORD-00393,2025-05-15,Thursday,17,Mostrador,Nuevo,Pastelería,Cookie,3,1466.0,0.0,4397.0,4.2,4.8,0
ORD-02587,2025-05-15,Thursday,18,Mostrador,Nuevo,Café,Flat White,1,1946.0,0.0,1946.0,2.6,4.7,0
ORD-03011,2025-05-15,Thursday,18,Takeaway,Habitual,Pastelería,Budín,2,1886.0,0.1,3395.0,4.5,5.0,0
ORD-03948,2025-05-15,Thursday,18,Mostrador,Frecuente,Café,Flat White,1,1707.0,0.0,1707.0,4.7,4.6,0
ORD-03108,2025-05-15,Thursday,19,Mostrador,Habitual,Café,Americano,2,1880.0,0.0,3759.0,7.1,4.9,0
ORD-00628,2025-05-15,Thursday,20,Mostrador,Habitual,Café,Cortado,1,1572.0,0.0,1572.0,4.1,5.0,0
ORD-02279,2025-05-15,Thursday,20,Mostrador,Nuevo,Desayuno,Yogur + granola,1,4199.0,0.1,3779.0,4.8,4.9,0
ORD-01937,2025-05-16,Friday,7,Mostrador,Habitual,Pastelería,Tostada dulce,3,1469.0,0.0,4406.0,4.4,5.0,1
ORD-03493,2025-05-16,Friday,8,Delivery,Nuevo,Café,Americano,1,1787.0,0.1,1608.0,25.4,4.4,1
ORD-00068,2025-05-16,Friday,9,Mostrador,Nuevo,Desayuno,Tostadas,2,3761.0,0.1,6769.0,6.7,4.7,0
ORD-05691,2025-05-16,Friday,10,Mostrador,Nuevo,Desayuno,Combo desayuno,1,3899.0,0.0,3899.0,13.9,5.0,0
ORD-06065,2025-05-16,Friday,10,Mostrador,Habitual,Pastelería,Croissant,1,1674.0,0.0,1674.0,9.1,5.0,0
ORD-02415,2025-05-16,Friday,11,Mostrador,Habitual,Pastelería,Cookie,1,1813.0,0.0,1813.0,3.3,4.4,1
ORD-02696,2025-05-16,Friday,12,Mostrador,Habitual,Almuerzo,Ensalada,1,4988.0,0.15,4240.0,6.4,4.7,0
ORD-00909,2025-05-16,Friday,13,Mostrador,Nuevo,Bebidas frías,Licuado,2,2861.0,0.05,5436.0,5.5,4.9,0
ORD-01967,2025-05-16,Friday,13,Mostrador,Habitual,Desayuno,Tostadas,3,4641.0,0.0,13922.0,15.6,4.4,0
ORD-00022,2025-05-16,Friday,15,Takeaway,Frecuente,Bebidas frías,Iced latte,2,2679.0,0.0,5358.0,5.7,4.5,1
ORD-01044,2025-05-16,Friday,15,Delivery,Frecuente,Café,Espresso,2,1959.0,0.0,3917.0,24.3,3.3,1
ORD-04947,2025-05-16,Friday,15,Mostrador,Frecuente,Café,Americano,3,2023.0,0.0,6068.0,5.5,4.7,0
ORD-00332,2025-05-16,Friday,17,Mostrador,Habitual,Bebidas frías,Limonada,3,2342.0,0.0,7027.0,8.6,4.9,1
ORD-01151,2025-05-16,Friday,17,Mostrador,Habitual,Almuerzo,Bagel,1,5520.0,0.0,5520.0,4.4,4.5,0
ORD-03254,2025-05-16,Friday,18,Mostrador,Habitual,Bebidas frías,Limonada,1,2528.0,0.15,2149.0,2.0,5.0,1
ORD-05195,2025-05-16,Friday,18,Takeaway,Nuevo,Almuerzo,Ensalada,2,5309.0,0.0,10617.0,6.4,4.9,0
ORD-01864,2025-05-16,Friday,19,Takeaway,Nuevo,Pastelería,Medialuna,2,1717.0,0.05,3263.0,2.5,4.7,0
ORD-02407,2025-05-16,Friday,19,Takeaway,Nuevo,Almuerzo,Tostado,1,4776.0,0.0,4776.0,8.6,4.6,1
ORD-03006,2025-05-16,Friday,19,Takeaway,Habitual,Café,Flat White,1,1684.0,0.0,1684.0,2.0,5.0,0
ORD-05149,2025-05-16,Friday,20,Mostrador,Habitual,Bebidas frías,Iced latte,1,2396.0,0.0,2396.0,5.2,4.6,0
ORD-05678,2025-05-16,Friday,20,Takeaway,Habitual,Café,Flat White,1,1983.0,0.05,1883.0,4.1,4.5,0
ORD-02680,2025-05-17,Saturday,8,Mostrador,Habitual,Pastelería,Medialuna,1,1830.0,0.0,1830.0,3.6,5.0,0
ORD-03025,2025-05-17,Saturday,8,Mostrador,Habitual,Café,Latte,1,1672.0,0.0,1672.0,4.2,4.6,0
ORD-04171,2025-05-17,Saturday,9,Takeaway,Habitual,Desayuno,Avocado toast,1,4488.0,0.0,4488.0,14.7,4.6,0
ORD-01857,2025-05-17,Saturday,10,Takeaway,Habitual,Café,Latte,1,1850.0,0.0,1850.0,14.4,4.1,0
ORD-06130,2025-05-17,Saturday,10,Takeaway,Habitual,Desayuno,Avocado toast,1,4139.0,0.15,3518.0,7.5,5.0,0
ORD-04040,2025-05-17,Saturday,11,Takeaway,Nuevo,Pastelería,Medialuna,2,1634.0,0.05,3104.0,2.9,5.0,0
ORD-01268,2025-05-17,Saturday,12,Mostrador,Frecuente,Café,Americano,3,1495.0,0.1,4037.0,7.5,4.6,0
ORD-04958,2025-05-17,Saturday,12,Mostrador,Frecuente,Almuerzo,Bagel,2,5408.0,0.0,10815.0,11.5,4.6,0
ORD-00576,2025-05-17,Saturday,14,Mostrador,Frecuente,Desayuno,Yogur + granola,1,3708.0,0.1,3337.0,7.5,4.5,1
ORD-05092,2025-05-17,Saturday,14,Mostrador,Nuevo,Café,Flat White,2,1782.0,0.0,3563.0,15.4,4.2,1
ORD-04345,2025-05-17,Saturday,15,Mostrador,Frecuente,Pastelería,Tostada dulce,3,1731.0,0.05,4934.0,4.4,4.9,0
ORD-02654,2025-05-17,Saturday,17,Mostrador,Habitual,Almuerzo,Wrap,1,5314.0,0.0,5314.0,7.3,4.7,0
ORD-00374,2025-05-17,Saturday,18,Mostrador,Frecuente,Desayuno,Avocado toast,2,4546.0,0.0,9092.0,2.1,4.9,0
ORD-00498,2025-05-17,Saturday,18,Mostrador,Habitual,Bebidas frías,Cold brew,1,3179.0,0.0,3179.0,5.5,4.8,1
ORD-05700,2025-05-18,Sunday,10,Mostrador,Habitual,Almuerzo,Bagel,1,5586.0,0.0,5586.0,8.1,4.2,0
ORD-05076,2025-05-18,Sunday,11,Takeaway,Frecuente,Almuerzo,Bagel,3,4731.0,0.0,14194.0,10.6,3.7,1
ORD-06063,2025-05-18,Sunday,11,Mostrador,Nuevo,Desayuno,Avocado toast,2,3447.0,0.0,6894.0,4.0,3.8,0
ORD-04955,2025-05-18,Sunday,12,Mostrador,Nuevo,Bebidas frías,Iced latte,1,2702.0,0.0,2702.0,11.1,5.0,1
ORD-06280,2025-05-18,Sunday,12,Mostrador,Habitual,Café,Espresso,1,1807.0,0.0,1807.0,6.6,4.1,0
ORD-03951,2025-05-18,Sunday,13,Delivery,Habitual,Café,Espresso,2,1645.0,0.15,2796.0,20.9,4.0,0
ORD-04056,2025-05-18,Sunday,13,Mostrador,Nuevo,Desayuno,Combo desayuno,1,4426.0,0.0,4426.0,9.2,4.8,0
ORD-06225,2025-05-18,Sunday,13,Mostrador,Nuevo,Almuerzo,Ensalada,1,5552.0,0.0,5552.0,3.8,4.7,0
ORD-01748,2025-05-18,Sunday,14,Delivery,Habitual,Desayuno,Yogur + granola,1,3645.0,0.0,3645.0,21.1,3.1,0
ORD-05141,2025-05-18,Sunday,15,Delivery,Habitual,Café,Espresso,1,1934.0,0.0,1934.0,17.7,4.6,0
ORD-06060,2025-05-18,Sunday,15,Mostrador,Habitual,Desayuno,Combo desayuno,1,4839.0,0.0,4839.0,2.0,5.0,0
ORD-00770,2025-05-18,Sunday,16,Delivery,Nuevo,Pastelería,Budín,2,1847.0,0.05,3509.0,18.1,3.5,0
ORD-05279,2025-05-18,Sunday,16,Takeaway,Frecuente,Almuerzo,Tostado,1,6176.0,0.1,5559.0,7.1,5.0,0
ORD-05235,2025-05-18,Sunday,17,Delivery,Habitual,Desayuno,Avocado toast,1,4164.0,0.0,4164.0,15.9,4.8,0
ORD-00913,2025-05-18,Sunday,18,Delivery,Nuevo,Pastelería,Budín,1,1681.0,0.1,1513.0,17.5,3.7,0
ORD-01772,2025-05-18,Sunday,18,Mostrador,Frecuente,Almuerzo,Bagel,3,4432.0,0.0,13296.0,5.4,5.0,1
ORD-04664,2025-05-18,Sunday,18,Takeaway,Habitual,Almuerzo,Tostado,1,5639.0,0.0,5639.0,7.4,4.8,1
ORD-02724,2025-05-18,Sunday,20,Mostrador,Nuevo,Café,Americano,1,1895.0,0.0,1895.0,5.7,4.5,0
ORD-04250,2025-05-19,Monday,7,Mostrador,Nuevo,Café,Espresso,1,1729.0,0.0,1729.0,4.6,4.6,0
ORD-06082,2025-05-19,Monday,8,Mostrador,Frecuente,Café,Espresso,3,1917.0,0.1,5176.0,12.0,4.8,1
ORD-02544,2025-05-19,Monday,10,Takeaway,Nuevo,Bebidas frías,Limonada,1,2759.0,0.05,2621.0,10.8,4.6,1
ORD-05683,2025-05-19,Monday,10,Delivery,Habitual,Almuerzo,Ensalada,2,5596.0,0.0,11192.0,20.4,4.0,0
ORD-01718,2025-05-19,Monday,12,Mostrador,Habitual,Desayuno,Yogur + granola,3,4406.0,0.0,13218.0,15.4,4.3,0
ORD-02592,2025-05-19,Monday,12,Delivery,Nuevo,Pastelería,Medialuna,2,1673.0,0.0,3346.0,24.2,3.9,0
ORD-02569,2025-05-19,Monday,13,Mostrador,Nuevo,Desayuno,Yogur + granola,1,4243.0,0.1,3819.0,11.9,4.5,0
ORD-03228,2025-05-19,Monday,13,Mostrador,Nuevo,Pastelería,Medialuna,1,1596.0,0.0,1596.0,4.2,4.6,0
ORD-03531,2025-05-19,Monday,13,Mostrador,Habitual,Almuerzo,Ensalada,3,5111.0,0.0,15334.0,8.3,4.8,1
ORD-04935,2025-05-19,Monday,13,Mostrador,Frecuente,Desayuno,Tostadas,1,3886.0,0.0,3886.0,8.6,4.1,1
ORD-00634,2025-05-19,Monday,14,Takeaway,Frecuente,Café,Flat White,2,1846.0,0.0,3691.0,14.5,3.5,0
ORD-05702,2025-05-19,Monday,14,Takeaway,Habitual,Café,Espresso,1,2005.0,0.1,1805.0,8.3,3.8,1
ORD-00379,2025-05-19,Monday,15,Mostrador,Habitual,Café,Latte,1,1809.0,0.0,1809.0,8.1,4.5,1
ORD-03737,2025-05-19,Monday,15,Mostrador,Frecuente,Almuerzo,Tostado,1,4908.0,0.15,4172.0,5.3,4.1,1
ORD-03964,2025-05-19,Monday,15,Mostrador,Nuevo,Bebidas frías,Licuado,1,3159.0,0.0,3159.0,6.1,4.5,1
ORD-04881,2025-05-19,Monday,15,Mostrador,Habitual,Almuerzo,Bagel,1,4650.0,0.05,4418.0,7.7,5.0,1
ORD-02920,2025-05-19,Monday,16,Delivery,Frecuente,Pastelería,Cookie,1,1633.0,0.0,1633.0,17.4,4.1,0
ORD-04401,2025-05-19,Monday,17,Mostrador,Nuevo,Café,Latte,2,1835.0,0.05,3486.0,5.6,5.0,0
ORD-01945,2025-05-19,Monday,18,Mostrador,Frecuente,Café,Americano,1,1851.0,0.0,1851.0,2.0,5.0,1
ORD-05810,2025-05-19,Monday,18,Delivery,Nuevo,Almuerzo,Wrap,2,5008.0,0.0,10017.0,19.6,4.0,0
ORD-04506,2025-05-19,Monday,19,Delivery,Nuevo,Café,Espresso,1,2021.0,0.0,2021.0,15.8,3.3,0
ORD-02875,2025-05-20,Tuesday,9,Delivery,Habitual,Café,Flat White,1,1849.0,0.0,1849.0,20.1,3.8,0
ORD-00758,2025-05-20,Tuesday,10,Mostrador,Habitual,Pastelería,Cookie,2,1522.0,0.0,3044.0,8.1,5.0,0
ORD-04385,2025-05-20,Tuesday,10,Takeaway,Habitual,Café,Cortado,1,1889.0,0.1,1700.0,9.8,5.0,0
ORD-00188,2025-05-20,Tuesday,12,Mostrador,Frecuente,Bebidas frías,Iced latte,1,2582.0,0.1,2324.0,7.4,4.5,0
ORD-01593,2025-05-20,Tuesday,12,Mostrador,Frecuente,Almuerzo,Tostado,1,4646.0,0.05,4414.0,7.7,5.0,1
ORD-03424,2025-05-20,Tuesday,13,Mostrador,Frecuente,Café,Americano,1,1516.0,0.0,1516.0,5.9,5.0,1
ORD-03815,2025-05-20,Tuesday,13,Takeaway,Habitual,Pastelería,Budín,2,1475.0,0.0,2950.0,12.0,4.4,1
ORD-04961,2025-05-20,Tuesday,13,Mostrador,Nuevo,Almuerzo,Ensalada,1,5313.0,0.0,5313.0,7.2,4.9,0
ORD-01285,2025-05-20,Tuesday,14,Delivery,Habitual,Café,Cortado,1,1826.0,0.0,1826.0,20.7,3.8,0
ORD-05384,2025-05-20,Tuesday,15,Mostrador,Habitual,Desayuno,Tostadas,1,4480.0,0.0,4480.0,4.5,4.7,0
ORD-05161,2025-05-20,Tuesday,16,Mostrador,Habitual,Bebidas frías,Cold brew,3,2669.0,0.0,8008.0,9.9,5.0,0
ORD-04972,2025-05-20,Tuesday,17,Mostrador,Nuevo,Café,Cortado,1,1895.0,0.0,1895.0,2.0,4.9,1
ORD-06067,2025-05-20,Tuesday,18,Mostrador,Frecuente,Almuerzo,Wrap,1,4769.0,0.1,4292.0,6.6,5.0,1
ORD-03063,2025-05-20,Tuesday,20,Mostrador,Habitual,Almuerzo,Tostado,1,5609.0,0.0,5609.0,4.6,4.5,0
ORD-04626,2025-05-21,Wednesday,10,Mostrador,Habitual,Pastelería,Medialuna,1,1398.0,0.05,1328.0,11.3,4.6,0
ORD-01761,2025-05-21,Wednesday,11,Mostrador,Habitual,Almuerzo,Tostado,1,5063.0,0.0,5063.0,5.8,4.5,0
ORD-00614,2025-05-21,Wednesday,12,Takeaway,Habitual,Café,Flat White,2,1741.0,0.0,3482.0,11.5,4.4,0
ORD-01881,2025-05-21,Wednesday,12,Takeaway,Habitual,Desayuno,Yogur + granola,1,4189.0,0.05,3980.0,7.5,4.1,0
ORD-02405,2025-05-21,Wednesday,12,Takeaway,Habitual,Bebidas frías,Cold brew,1,2766.0,0.1,2489.0,10.5,4.1,0
ORD-01017,2025-05-21,Wednesday,13,Mostrador,Habitual,Café,Flat White,1,1924.0,0.0,1924.0,7.4,4.6,0
ORD-04490,2025-05-21,Wednesday,13,Mostrador,Habitual,Café,Americano,1,1778.0,0.0,1778.0,8.9,5.0,0
ORD-01468,2025-05-21,Wednesday,15,Mostrador,Nuevo,Desayuno,Avocado toast,2,4211.0,0.0,8422.0,2.0,5.0,0
ORD-02428,2025-05-21,Wednesday,15,Delivery,Habitual,Café,Espresso,2,1985.0,0.0,3970.0,18.0,4.7,0
ORD-05802,2025-05-21,Wednesday,15,Mostrador,Nuevo,Café,Cortado,3,1727.0,0.0,5180.0,2.8,4.9,1
ORD-02581,2025-05-21,Wednesday,16,Mostrador,Frecuente,Bebidas frías,Cold brew,1,2823.0,0.0,2823.0,10.7,4.0,0
ORD-04252,2025-05-21,Wednesday,16,Takeaway,Habitual,Café,Espresso,2,1866.0,0.0,3732.0,6.2,5.0,0
ORD-01159,2025-05-21,Wednesday,18,Takeaway,Nuevo,Bebidas frías,Licuado,2,2859.0,0.0,5718.0,6.1,4.1,0
ORD-05580,2025-05-21,Wednesday,19,Mostrador,Frecuente,Pastelería,Tostada dulce,1,1705.0,0.1,1534.0,7.2,4.9,0
ORD-05383,2025-05-22,Thursday,7,Takeaway,Nuevo,Almuerzo,Tostado,1,4530.0,0.0,4530.0,9.6,4.0,0
ORD-00094,2025-05-22,Thursday,9,Takeaway,Frecuente,Café,Espresso,1,1622.0,0.0,1622.0,14.5,5.0,1
ORD-02835,2025-05-22,Thursday,9,Takeaway,Nuevo,Almuerzo,Bagel,1,4812.0,0.1,4331.0,6.0,4.6,0
ORD-06392,2025-05-22,Thursday,10,Mostrador,Habitual,Pastelería,Cookie,3,1382.0,0.0,4147.0,13.7,4.6,1
ORD-05406,2025-05-22,Thursday,11,Takeaway,Nuevo,Café,Flat White,1,1707.0,0.0,1707.0,9.2,4.4,0
ORD-01629,2025-05-22,Thursday,13,Takeaway,Habitual,Café,Flat White,1,1526.0,0.0,1526.0,4.9,4.9,0
ORD-02848,2025-05-22,Thursday,14,Mostrador,Habitual,Pastelería,Medialuna,2,1563.0,0.0,3125.0,9.4,5.0,1
ORD-01066,2025-05-22,Thursday,15,Mostrador,Nuevo,Bebidas frías,Iced latte,1,2922.0,0.0,2922.0,2.0,4.5,0
ORD-01385,2025-05-22,Thursday,15,Takeaway,Nuevo,Bebidas frías,Limonada,1,3075.0,0.0,3075.0,12.5,4.8,0
ORD-03023,2025-05-22,Thursday,15,Takeaway,Habitual,Almuerzo,Ensalada,2,5079.0,0.0,10158.0,8.8,4.4,1
ORD-04498,2025-05-22,Thursday,15,Mostrador,Frecuente,Café,Americano,3,1885.0,0.0,5656.0,3.4,4.7,0
ORD-02779,2025-05-22,Thursday,19,Takeaway,Frecuente,Café,Espresso,1,1797.0,0.0,1797.0,9.5,4.8,0
ORD-04833,2025-05-23,Friday,9,Mostrador,Nuevo,Café,Cortado,3,1980.0,0.0,5940.0,13.5,4.3,1
ORD-02574,2025-05-23,Friday,10,Mostrador,Nuevo,Desayuno,Tostadas,1,4130.0,0.0,4130.0,11.6,3.4,0
ORD-02852,2025-05-23,Friday,11,Delivery,Habitual,Pastelería,Medialuna,1,1708.0,0.0,1708.0,16.5,3.7,0
ORD-06053,2025-05-23,Friday,11,Mostrador,Nuevo,Café,Cortado,3,1701.0,0.0,5102.0,2.0,4.0,0
ORD-02683,2025-05-23,Friday,12,Mostrador,Habitual,Desayuno,Avocado toast,1,4415.0,0.0,4415.0,11.8,4.4,0
ORD-06187,2025-05-23,Friday,12,Delivery,Habitual,Café,Cortado,2,1436.0,0.0,2872.0,22.6,3.7,0
ORD-06196,2025-05-23,Friday,12,Mostrador,Habitual,Café,Espresso,1,1752.0,0.05,1664.0,6.0,4.5,0
ORD-00809,2025-05-23,Friday,13,Takeaway,Habitual,Pastelería,Budín,1,1699.0,0.1,1529.0,10.9,4.7,0
ORD-03059,2025-05-23,Friday,13,Delivery,Habitual,Desayuno,Yogur + granola,1,4257.0,0.0,4257.0,26.1,4.2,0
ORD-04799,2025-05-23,Friday,14,Mostrador,Frecuente,Café,Espresso,2,1691.0,0.0,3381.0,11.7,4.9,1
ORD-05333,2025-05-23,Friday,14,Mostrador,Habitual,Bebidas frías,Licuado,2,3332.0,0.0,6663.0,6.2,4.7,0
ORD-05339,2025-05-23,Friday,14,Mostrador,Habitual,Bebidas frías,Limonada,1,2893.0,0.0,2893.0,8.4,4.8,0
ORD-06181,2025-05-23,Friday,14,Takeaway,Nuevo,Pastelería,Croissant,2,1616.0,0.05,3071.0,15.9,4.0,0
ORD-01173,2025-05-23,Friday,15,Takeaway,Habitual,Café,Cortado,2,1608.0,0.15,2734.0,6.4,4.9,0
ORD-06089,2025-05-23,Friday,15,Delivery,Habitual,Café,Latte,1,1653.0,0.0,1653.0,16.8,4.3,1
ORD-04809,2025-05-23,Friday,16,Mostrador,Habitual,Almuerzo,Bagel,1,5007.0,0.05,4756.0,9.1,4.7,0
ORD-02216,2025-05-23,Friday,17,Mostrador,Habitual,Pastelería,Budín,1,1855.0,0.0,1855.0,6.1,4.9,1
ORD-02600,2025-05-23,Friday,17,Mostrador,Habitual,Café,Latte,2,1748.0,0.0,3495.0,4.4,4.5,0
ORD-04150,2025-05-23,Friday,17,Mostrador,Habitual,Desayuno,Combo desayuno,1,4116.0,0.0,4116.0,2.9,4.6,1
ORD-05458,2025-05-24,Saturday,8,Delivery,Nuevo,Almuerzo,Tostado,2,5774.0,0.0,11548.0,24.7,3.1,0
ORD-02384,2025-05-24,Saturday,9,Takeaway,Nuevo,Café,Espresso,2,1895.0,0.0,3790.0,8.8,4.3,0
ORD-00552,2025-05-24,Saturday,11,Mostrador,Nuevo,Pastelería,Cookie,3,1632.0,0.0,4896.0,2.7,4.1,0
ORD-01094,2025-05-24,Saturday,11,Takeaway,Habitual,Desayuno,Avocado toast,1,4269.0,0.0,4269.0,7.7,5.0,0
ORD-02059,2025-05-24,Saturday,11,Mostrador,Habitual,Pastelería,Cookie,1,1613.0,0.0,1613.0,3.2,4.5,0
ORD-05314,2025-05-24,Saturday,11,Mostrador,Habitual,Café,Espresso,3,1697.0,0.05,4837.0,4.3,4.3,0
ORD-05398,2025-05-24,Saturday,11,Delivery,Habitual,Café,Latte,1,1717.0,0.0,1717.0,15.7,4.0,0
ORD-01478,2025-05-24,Saturday,12,Takeaway,Habitual,Bebidas frías,Iced latte,3,3231.0,0.05,9207.0,5.6,4.9,1
ORD-02622,2025-05-24,Saturday,12,Mostrador,Habitual,Café,Americano,1,1680.0,0.1,1512.0,13.8,4.3,1
ORD-05793,2025-05-24,Saturday,13,Mostrador,Nuevo,Café,Americano,1,1727.0,0.0,1727.0,10.7,4.8,0
ORD-03405,2025-05-24,Saturday,14,Delivery,Habitual,Pastelería,Cookie,1,1362.0,0.05,1294.0,22.1,4.2,0
ORD-04625,2025-05-24,Saturday,14,Mostrador,Habitual,Desayuno,Yogur + granola,2,3966.0,0.05,7535.0,10.7,5.0,0
ORD-05326,2025-05-24,Saturday,14,Takeaway,Habitual,Café,Espresso,2,1743.0,0.0,3486.0,8.8,4.6,0
ORD-01283,2025-05-24,Saturday,15,Delivery,Nuevo,Café,Cortado,1,1640.0,0.05,1558.0,15.0,4.5,0
ORD-01774,2025-05-24,Saturday,15,Mostrador,Frecuente,Desayuno,Avocado toast,1,4103.0,0.05,3898.0,7.1,5.0,0
ORD-02012,2025-05-24,Saturday,15,Mostrador,Frecuente,Almuerzo,Bagel,1,5573.0,0.1,5015.0,9.3,4.0,1
ORD-04052,2025-05-24,Saturday,15,Takeaway,Nuevo,Almuerzo,Tostado,2,4780.0,0.0,9560.0,8.1,4.2,1
ORD-01921,2025-05-24,Saturday,16,Mostrador,Frecuente,Almuerzo,Ensalada,1,5207.0,0.0,5207.0,5.1,4.1,0
ORD-04162,2025-05-24,Saturday,16,Mostrador,Nuevo,Café,Latte,1,2058.0,0.05,1955.0,9.2,4.9,0
ORD-05307,2025-05-24,Saturday,16,Takeaway,Habitual,Café,Latte,1,1704.0,0.0,1704.0,4.0,4.5,0
ORD-05819,2025-05-24,Saturday,16,Mostrador,Nuevo,Café,Latte,1,1712.0,0.0,1712.0,2.7,4.6,0
ORD-02342,2025-05-24,Saturday,17,Mostrador,Habitual,Café,Americano,2,1837.0,0.0,3675.0,2.0,5.0,0
ORD-06042,2025-05-24,Saturday,18,Delivery,Nuevo,Almuerzo,Wrap,2,4883.0,0.05,9277.0,17.9,3.6,0
ORD-01352,2025-05-24,Saturday,19,Mostrador,Nuevo,Café,Latte,1,1854.0,0.0,1854.0,2.9,4.8,0
ORD-03092,2025-05-24,Saturday,19,Mostrador,Frecuente,Desayuno,Yogur + granola,3,4365.0,0.0,13096.0,4.0,4.9,1
ORD-03329,2025-05-24,Saturday,20,Takeaway,Nuevo,Café,Cortado,2,1983.0,0.15,3371.0,5.3,4.5,1
ORD-04326,2025-05-24,Saturday,20,Mostrador,Frecuente,Café,Flat White,3,1750.0,0.0,5251.0,5.2,4.5,0
ORD-01754,2025-05-25,Sunday,10,Takeaway,Frecuente,Pastelería,Medialuna,2,1566.0,0.0,3132.0,5.8,5.0,1
ORD-03460,2025-05-25,Sunday,10,Delivery,Nuevo,Almuerzo,Ensalada,1,5797.0,0.0,5797.0,18.9,3.5,0
ORD-03695,2025-05-25,Sunday,13,Mostrador,Nuevo,Café,Flat White,2,1788.0,0.0,3576.0,7.4,5.0,0
ORD-05324,2025-05-25,Sunday,13,Takeaway,Nuevo,Café,Espresso,2,1790.0,0.0,3580.0,12.6,4.5,0
ORD-02800,2025-05-25,Sunday,14,Mostrador,Frecuente,Desayuno,Yogur + granola,3,3880.0,0.05,11057.0,10.3,5.0,1
ORD-05132,2025-05-25,Sunday,14,Takeaway,Nuevo,Desayuno,Avocado toast,1,3911.0,0.05,3716.0,9.9,5.0,1
ORD-06309,2025-05-25,Sunday,14,Takeaway,Nuevo,Pastelería,Croissant,2,1528.0,0.05,2903.0,15.1,4.7,0
ORD-01320,2025-05-25,Sunday,15,Mostrador,Nuevo,Desayuno,Combo desayuno,2,4068.0,0.0,8135.0,7.2,3.8,0
ORD-03250,2025-05-25,Sunday,15,Mostrador,Frecuente,Bebidas frías,Licuado,1,2768.0,0.1,2491.0,3.3,4.0,0
ORD-03041,2025-05-25,Sunday,16,Takeaway,Habitual,Café,Espresso,3,1820.0,0.0,5460.0,4.4,5.0,0
ORD-03380,2025-05-25,Sunday,16,Mostrador,Nuevo,Almuerzo,Tostado,1,5354.0,0.0,5354.0,6.9,4.5,1
ORD-01666,2025-05-25,Sunday,17,Takeaway,Nuevo,Pastelería,Cookie,1,1763.0,0.0,1763.0,7.4,4.3,0
ORD-04795,2025-05-25,Sunday,19,Mostrador,Frecuente,Almuerzo,Ensalada,1,5470.0,0.0,5470.0,3.6,4.9,1
ORD-01694,2025-05-25,Sunday,20,Mostrador,Habitual,Café,Flat White,1,1664.0,0.0,1664.0,4.2,4.8,1
ORD-02291,2025-05-25,Sunday,20,Mostrador,Habitual,Almuerzo,Ensalada,1,5186.0,0.0,5186.0,7.0,5.0,0
ORD-06011,2025-05-25,Sunday,20,Mostrador,Frecuente,Pastelería,Cookie,1,1514.0,0.1,1363.0,9.2,4.1,0
ORD-01168,2025-05-26,Monday,7,Takeaway,Habitual,Almuerzo,Wrap,1,5557.0,0.0,5557.0,2.4,5.0,0
ORD-02134,2025-05-26,Monday,11,Delivery,Nuevo,Desayuno,Yogur + granola,2,4839.0,0.0,9677.0,17.1,4.2,0
ORD-02003,2025-05-26,Monday,12,Takeaway,Frecuente,Desayuno,Tostadas,1,3468.0,0.0,3468.0,9.7,4.5,1
ORD-00440,2025-05-26,Monday,13,Mostrador,Nuevo,Almuerzo,Ensalada,3,5530.0,0.0,16590.0,9.1,4.7,0
ORD-04651,2025-05-26,Monday,13,Mostrador,Habitual,Desayuno,Combo desayuno,1,4409.0,0.0,4409.0,9.8,4.2,1
ORD-06041,2025-05-26,Monday,13,Takeaway,Nuevo,Café,Espresso,1,1862.0,0.0,1862.0,11.4,5.0,0
ORD-03318,2025-05-26,Monday,14,Takeaway,Nuevo,Café,Espresso,2,1746.0,0.0,3492.0,14.0,4.3,0
ORD-04403,2025-05-26,Monday,14,Delivery,Nuevo,Bebidas frías,Iced latte,1,2815.0,0.0,2815.0,20.7,3.8,0
ORD-05043,2025-05-26,Monday,14,Delivery,Nuevo,Café,Cortado,2,1882.0,0.0,3763.0,20.1,4.0,0
ORD-02374,2025-05-26,Monday,15,Delivery,Nuevo,Desayuno,Yogur + granola,2,4289.0,0.0,8577.0,18.7,3.3,0
ORD-02546,2025-05-26,Monday,15,Takeaway,Nuevo,Bebidas frías,Iced latte,1,3304.0,0.0,3304.0,4.6,4.7,0
ORD-04927,2025-05-26,Monday,15,Mostrador,Nuevo,Café,Espresso,1,1839.0,0.0,1839.0,4.8,5.0,1
ORD-05346,2025-05-26,Monday,17,Delivery,Nuevo,Pastelería,Budín,1,1598.0,0.0,1598.0,17.8,4.1,1
ORD-05777,2025-05-26,Monday,17,Mostrador,Nuevo,Pastelería,Cookie,1,1448.0,0.0,1448.0,8.9,5.0,1
ORD-01956,2025-05-27,Tuesday,7,Mostrador,Habitual,Pastelería,Medialuna,2,1914.0,0.05,3636.0,9.2,5.0,0
ORD-04719,2025-05-27,Tuesday,9,Mostrador,Nuevo,Café,Cortado,1,1643.0,0.0,1643.0,11.6,4.5,0
ORD-03166,2025-05-27,Tuesday,10,Delivery,Habitual,Desayuno,Combo desayuno,1,4041.0,0.05,3839.0,22.9,4.5,0
ORD-05951,2025-05-27,Tuesday,10,Delivery,Habitual,Almuerzo,Tostado,1,5041.0,0.0,5041.0,19.2,4.5,0
ORD-00957,2025-05-27,Tuesday,11,Delivery,Nuevo,Bebidas frías,Licuado,1,3025.0,0.0,3025.0,18.8,3.3,0
ORD-04471,2025-05-27,Tuesday,11,Mostrador,Nuevo,Café,Americano,1,1641.0,0.0,1641.0,3.6,4.2,0
ORD-03733,2025-05-27,Tuesday,12,Mostrador,Frecuente,Almuerzo,Ensalada,3,4836.0,0.15,12333.0,8.9,4.4,0
ORD-03312,2025-05-27,Tuesday,13,Delivery,Nuevo,Almuerzo,Tostado,1,5272.0,0.0,5272.0,20.7,3.9,0
ORD-00027,2025-05-27,Tuesday,14,Mostrador,Habitual,Café,Americano,1,1873.0,0.15,1592.0,10.2,3.8,1
ORD-02524,2025-05-27,Tuesday,14,Mostrador,Habitual,Desayuno,Avocado toast,1,4517.0,0.1,4065.0,11.3,4.0,0
ORD-04984,2025-05-27,Tuesday,15,Takeaway,Habitual,Pastelería,Croissant,1,1673.0,0.0,1673.0,8.9,4.7,0
ORD-05180,2025-05-27,Tuesday,15,Mostrador,Habitual,Café,Latte,3,1823.0,0.0,5469.0,2.0,5.0,1
ORD-01302,2025-05-27,Tuesday,16,Mostrador,Frecuente,Café,Latte,1,1963.0,0.0,1963.0,5.9,4.4,1
ORD-01847,2025-05-27,Tuesday,16,Mostrador,Habitual,Café,Americano,2,1805.0,0.0,3610.0,6.6,4.8,0
ORD-02225,2025-05-27,Tuesday,16,Mostrador,Habitual,Desayuno,Tostadas,1,3835.0,0.0,3835.0,7.5,4.2,1
ORD-03691,2025-05-27,Tuesday,16,Takeaway,Habitual,Bebidas frías,Iced latte,1,2709.0,0.0,2709.0,5.1,5.0,0
ORD-04175,2025-05-27,Tuesday,16,Takeaway,Habitual,Almuerzo,Ensalada,1,5583.0,0.0,5583.0,6.1,5.0,0
ORD-05756,2025-05-27,Tuesday,16,Takeaway,Habitual,Desayuno,Combo desayuno,1,4014.0,0.0,4014.0,7.0,5.0,0
ORD-02073,2025-05-27,Tuesday,18,Takeaway,Habitual,Almuerzo,Wrap,1,5499.0,0.1,4949.0,7.7,4.6,0
ORD-02140,2025-05-27,Tuesday,19,Mostrador,Nuevo,Almuerzo,Bagel,1,5718.0,0.0,5718.0,2.0,4.9,0
ORD-03274,2025-05-28,Wednesday,11,Mostrador,Nuevo,Pastelería,Cookie,1,1333.0,0.0,1333.0,3.9,4.7,1
ORD-00585,2025-05-28,Wednesday,12,Mostrador,Nuevo,Bebidas frías,Iced latte,2,3029.0,0.1,5452.0,9.6,5.0,0
ORD-02060,2025-05-28,Wednesday,12,Takeaway,Nuevo,Café,Latte,2,1671.0,0.15,2841.0,8.6,4.6,0
ORD-02163,2025-05-28,Wednesday,12,Delivery,Habitual,Bebidas frías,Limonada,2,3080.0,0.0,6160.0,22.3,3.7,0
ORD-03188,2025-05-28,Wednesday,12,Mostrador,Habitual,Desayuno,Combo desayuno,3,4057.0,0.0,12171.0,11.3,4.1,0
ORD-05795,2025-05-28,Wednesday,12,Takeaway,Nuevo,Almuerzo,Bagel,1,5514.0,0.0,5514.0,13.7,4.2,1
ORD-02746,2025-05-28,Wednesday,13,Delivery,Habitual,Bebidas frías,Limonada,1,2856.0,0.0,2856.0,20.3,4.3,0
ORD-03315,2025-05-28,Wednesday,13,Mostrador,Nuevo,Café,Latte,1,1841.0,0.0,1841.0,8.5,4.6,0
ORD-04646,2025-05-28,Wednesday,15,Mostrador,Nuevo,Desayuno,Tostadas,1,4087.0,0.0,4087.0,11.4,4.1,0
ORD-04896,2025-05-28,Wednesday,15,Delivery,Habitual,Café,Espresso,1,1869.0,0.05,1776.0,15.5,4.6,1
ORD-00942,2025-05-28,Wednesday,16,Mostrador,Frecuente,Pastelería,Medialuna,1,1626.0,0.0,1626.0,2.0,4.6,1
ORD-04161,2025-05-28,Wednesday,17,Takeaway,Frecuente,Café,Espresso,1,1858.0,0.0,1858.0,5.4,4.6,0
ORD-05437,2025-05-28,Wednesday,17,Mostrador,Nuevo,Almuerzo,Tostado,1,4748.0,0.0,4748.0,7.2,5.0,0
ORD-03291,2025-05-28,Wednesday,18,Delivery,Habitual,Café,Latte,1,1932.0,0.05,1835.0,16.5,4.5,0
ORD-01866,2025-05-28,Wednesday,19,Mostrador,Habitual,Café,Flat White,2,1859.0,0.05,3533.0,2.8,4.6,0
ORD-05196,2025-05-29,Thursday,7,Mostrador,Nuevo,Bebidas frías,Licuado,1,2704.0,0.0,2704.0,2.4,4.7,0
ORD-00164,2025-05-29,Thursday,8,Mostrador,Habitual,Bebidas frías,Iced latte,2,2552.0,0.0,5103.0,9.6,5.0,1
ORD-03485,2025-05-29,Thursday,9,Takeaway,Habitual,Desayuno,Avocado toast,2,4564.0,0.0,9128.0,14.1,5.0,0
ORD-02076,2025-05-29,Thursday,10,Mostrador,Habitual,Desayuno,Combo desayuno,1,4547.0,0.0,4547.0,7.6,5.0,0
ORD-02509,2025-05-29,Thursday,11,Mostrador,Nuevo,Café,Flat White,2,1696.0,0.0,3392.0,2.0,4.4,0
ORD-00687,2025-05-29,Thursday,12,Mostrador,Nuevo,Almuerzo,Wrap,3,5491.0,0.0,16474.0,10.0,4.6,1
ORD-05817,2025-05-29,Thursday,13,Takeaway,Habitual,Bebidas frías,Licuado,1,2664.0,0.05,2531.0,10.9,4.3,1
ORD-01131,2025-05-29,Thursday,14,Mostrador,Nuevo,Bebidas frías,Iced latte,2,2899.0,0.1,5218.0,9.2,5.0,0
ORD-03142,2025-05-29,Thursday,15,Takeaway,Nuevo,Café,Latte,2,1884.0,0.0,3768.0,8.9,4.6,0
ORD-05511,2025-05-29,Thursday,15,Mostrador,Nuevo,Café,Espresso,2,1756.0,0.1,3161.0,3.8,4.8,0
ORD-01688,2025-05-29,Thursday,16,Mostrador,Habitual,Desayuno,Yogur + granola,2,4620.0,0.0,9240.0,4.8,4.6,0
ORD-01340,2025-05-29,Thursday,18,Takeaway,Nuevo,Café,Cortado,1,1550.0,0.1,1395.0,5.2,5.0,0
ORD-02915,2025-05-29,Thursday,18,Mostrador,Habitual,Almuerzo,Tostado,1,5802.0,0.0,5802.0,7.5,4.5,0
ORD-06291,2025-05-29,Thursday,20,Delivery,Habitual,Café,Flat White,1,1800.0,0.0,1800.0,16.4,4.0,0
ORD-00144,2025-05-30,Friday,8,Delivery,Habitual,Bebidas frías,Iced latte,2,2553.0,0.0,5105.0,20.2,3.8,1
ORD-03618,2025-05-30,Friday,8,Mostrador,Nuevo,Café,Espresso,2,1849.0,0.0,3698.0,9.5,5.0,0
ORD-01495,2025-05-30,Friday,9,Takeaway,Habitual,Pastelería,Tostada dulce,1,1550.0,0.0,1550.0,9.1,4.3,0
ORD-00065,2025-05-30,Friday,12,Delivery,Nuevo,Café,Latte,2,1663.0,0.0,3327.0,22.7,4.8,0
ORD-00373,2025-05-30,Friday,13,Mostrador,Nuevo,Almuerzo,Bagel,1,5556.0,0.15,4723.0,7.0,4.0,1
ORD-00962,2025-05-30,Friday,13,Mostrador,Nuevo,Almuerzo,Tostado,1,4590.0,0.0,4590.0,10.5,4.5,0
ORD-05315,2025-05-30,Friday,13,Mostrador,Habitual,Almuerzo,Ensalada,1,5299.0,0.0,5299.0,8.5,4.3,0
ORD-05448,2025-05-30,Friday,13,Mostrador,Nuevo,Café,Latte,3,1844.0,0.0,5531.0,9.4,4.4,1
ORD-00163,2025-05-30,Friday,14,Delivery,Frecuente,Desayuno,Combo desayuno,1,3830.0,0.1,3447.0,24.4,3.8,1
ORD-01762,2025-05-30,Friday,14,Delivery,Nuevo,Bebidas frías,Cold brew,1,2669.0,0.0,2669.0,24.6,4.0,0
ORD-01875,2025-05-30,Friday,14,Takeaway,Nuevo,Pastelería,Medialuna,1,1750.0,0.0,1750.0,9.9,4.6,0
ORD-03260,2025-05-30,Friday,15,Mostrador,Nuevo,Desayuno,Avocado toast,1,4198.0,0.0,4198.0,2.8,5.0,0
ORD-02564,2025-05-30,Friday,16,Mostrador,Nuevo,Café,Latte,2,1826.0,0.0,3652.0,8.3,4.8,0
ORD-03479,2025-05-30,Friday,16,Mostrador,Frecuente,Café,Flat White,1,1438.0,0.0,1438.0,3.1,4.9,1
ORD-03653,2025-05-30,Friday,16,Mostrador,Habitual,Bebidas frías,Cold brew,3,2873.0,0.0,8618.0,3.9,5.0,0
ORD-02192,2025-05-30,Friday,17,Mostrador,Nuevo,Café,Flat White,3,1651.0,0.0,4953.0,5.7,5.0,0
ORD-03547,2025-05-30,Friday,17,Mostrador,Habitual,Almuerzo,Ensalada,1,5370.0,0.0,5370.0,2.0,5.0,1
ORD-05734,2025-05-30,Friday,17,Mostrador,Nuevo,Almuerzo,Ensalada,3,5256.0,0.0,15768.0,6.4,5.0,1
ORD-01835,2025-05-30,Friday,19,Delivery,Habitual,Bebidas frías,Limonada,1,2646.0,0.05,2513.0,18.5,3.9,0
ORD-05773,2025-05-30,Friday,19,Mostrador,Nuevo,Bebidas frías,Limonada,1,2537.0,0.0,2537.0,11.3,4.4,0
ORD-06134,2025-05-30,Friday,19,Takeaway,Habitual,Almuerzo,Ensalada,1,5354.0,0.0,5354.0,9.3,4.4,0
ORD-03766,2025-05-30,Friday,20,Delivery,Nuevo,Café,Flat White,1,1974.0,0.0,1974.0,20.1,3.9,0
ORD-01719,2025-05-31,Saturday,8,Takeaway,Habitual,Café,Espresso,2,1935.0,0.0,3869.0,12.3,4.5,0
ORD-01888,2025-05-31,Saturday,8,Takeaway,Habitual,Bebidas frías,Limonada,1,2684.0,0.0,2684.0,14.5,4.1,0
ORD-02357,2025-05-31,Saturday,8,Takeaway,Habitual,Almuerzo,Wrap,2,5103.0,0.0,10206.0,9.6,4.7,0
ORD-05202,2025-05-31,Saturday,9,Takeaway,Nuevo,Café,Latte,1,1870.0,0.0,1870.0,7.1,5.0,0
ORD-00960,2025-05-31,Saturday,11,Takeaway,Frecuente,Almuerzo,Tostado,3,5738.0,0.0,17213.0,7.4,4.7,1
ORD-03765,2025-05-31,Saturday,11,Mostrador,Frecuente,Café,Flat White,3,1928.0,0.15,4917.0,6.2,4.2,1
ORD-03272,2025-05-31,Saturday,13,Mostrador,Habitual,Bebidas frías,Limonada,3,2733.0,0.0,8200.0,7.4,4.7,1
ORD-04147,2025-05-31,Saturday,13,Mostrador,Nuevo,Café,Latte,1,2068.0,0.0,2068.0,7.1,4.4,1
ORD-04877,2025-05-31,Saturday,13,Takeaway,Frecuente,Almuerzo,Wrap,2,5117.0,0.0,10235.0,10.3,4.3,1
ORD-01252,2025-05-31,Saturday,14,Mostrador,Habitual,Bebidas frías,Iced latte,1,2597.0,0.0,2597.0,6.9,5.0,0
ORD-04045,2025-05-31,Saturday,15,Mostrador,Nuevo,Café,Americano,1,1653.0,0.05,1570.0,5.4,3.7,0
ORD-04354,2025-05-31,Saturday,15,Delivery,Habitual,Bebidas frías,Limonada,2,2918.0,0.05,5545.0,19.8,4.6,0
ORD-00496,2025-05-31,Saturday,16,Takeaway,Nuevo,Desayuno,Combo desayuno,1,4178.0,0.0,4178.0,10.7,4.6,0
ORD-03416,2025-05-31,Saturday,16,Takeaway,Nuevo,Café,Cortado,1,1919.0,0.1,1727.0,8.1,4.7,0
ORD-03698,2025-05-31,Saturday,16,Mostrador,Habitual,Café,Flat White,3,1683.0,0.0,5048.0,2.4,4.8,1
ORD-05707,2025-05-31,Saturday,16,Takeaway,Habitual,Desayuno,Combo desayuno,1,4835.0,0.0,4835.0,4.5,5.0,0
ORD-05855,2025-05-31,Saturday,16,Mostrador,Frecuente,Café,Latte,1,1783.0,0.05,1693.0,2.0,5.0,0
ORD-00907,2025-05-31,Saturday,19,Takeaway,Habitual,Desayuno,Yogur + granola,1,4737.0,0.0,4737.0,5.1,4.2,0
ORD-01309,2025-06-01,Sunday,7,Delivery,Nuevo,Café,Cortado,2,1589.0,0.0,3179.0,14.0,3.8,1
ORD-01191,2025-06-01,Sunday,8,Takeaway,Nuevo,Café,Cortado,1,1702.0,0.15,1447.0,13.6,4.5,0
ORD-04213,2025-06-01,Sunday,8,Delivery,Nuevo,Almuerzo,Tostado,1,5328.0,0.0,5328.0,22.5,4.4,0
ORD-01043,2025-06-01,Sunday,9,Mostrador,Habitual,Bebidas frías,Iced latte,1,3206.0,0.0,3206.0,11.6,4.8,1
ORD-02473,2025-06-01,Sunday,9,Takeaway,Nuevo,Almuerzo,Bagel,2,5695.0,0.1,10251.0,9.5,4.5,0
ORD-03461,2025-06-01,Sunday,10,Takeaway,Habitual,Pastelería,Budín,2,1646.0,0.0,3292.0,13.5,4.5,1
ORD-02017,2025-06-01,Sunday,12,Takeaway,Nuevo,Pastelería,Croissant,2,1714.0,0.05,3257.0,7.7,4.5,0
ORD-03285,2025-06-01,Sunday,13,Mostrador,Nuevo,Bebidas frías,Limonada,2,2489.0,0.0,4979.0,7.7,4.4,0
ORD-05722,2025-06-01,Sunday,13,Mostrador,Nuevo,Café,Cortado,1,1915.0,0.0,1915.0,8.3,4.3,0
ORD-03989,2025-06-01,Sunday,14,Delivery,Nuevo,Bebidas frías,Limonada,2,2981.0,0.0,5963.0,17.7,4.1,0
ORD-00572,2025-06-01,Sunday,15,Mostrador,Nuevo,Bebidas frías,Limonada,1,2905.0,0.0,2905.0,3.7,5.0,0
ORD-04318,2025-06-01,Sunday,15,Takeaway,Frecuente,Desayuno,Avocado toast,1,4383.0,0.0,4383.0,6.7,3.7,0
ORD-04446,2025-06-01,Sunday,15,Takeaway,Nuevo,Desayuno,Combo desayuno,2,4399.0,0.0,8797.0,8.4,4.4,1
ORD-05730,2025-06-01,Sunday,15,Mostrador,Habitual,Café,Espresso,3,1863.0,0.05,5310.0,6.3,4.8,0
ORD-01584,2025-06-01,Sunday,16,Mostrador,Nuevo,Café,Latte,2,1797.0,0.0,3594.0,4.7,4.8,0
ORD-03886,2025-06-01,Sunday,16,Mostrador,Frecuente,Café,Americano,1,1823.0,0.0,1823.0,6.5,5.0,1
ORD-04030,2025-06-01,Sunday,16,Takeaway,Habitual,Almuerzo,Ensalada,3,5113.0,0.0,15340.0,7.3,3.9,1
ORD-05729,2025-06-01,Sunday,16,Mostrador,Habitual,Café,Americano,2,1760.0,0.0,3520.0,5.8,5.0,0
ORD-00248,2025-06-01,Sunday,17,Mostrador,Frecuente,Almuerzo,Bagel,1,5042.0,0.05,4790.0,9.4,4.6,0
ORD-06051,2025-06-01,Sunday,17,Takeaway,Habitual,Almuerzo,Wrap,2,5603.0,0.0,11205.0,4.3,5.0,0
ORD-01635,2025-06-01,Sunday,18,Mostrador,Habitual,Pastelería,Budín,3,1699.0,0.0,5098.0,4.9,4.2,1
ORD-02749,2025-06-01,Sunday,18,Mostrador,Nuevo,Desayuno,Tostadas,2,3692.0,0.0,7384.0,10.6,4.6,1
ORD-03555,2025-06-01,Sunday,18,Takeaway,Habitual,Café,Cortado,2,1861.0,0.0,3723.0,7.9,4.8,1
ORD-01485,2025-06-01,Sunday,19,Takeaway,Frecuente,Bebidas frías,Iced latte,2,2580.0,0.0,5159.0,3.8,5.0,1
ORD-00972,2025-06-02,Monday,7,Mostrador,Nuevo,Café,Americano,1,1916.0,0.0,1916.0,4.0,4.8,0
ORD-02290,2025-06-02,Monday,7,Mostrador,Frecuente,Café,Cortado,3,1540.0,0.0,4619.0,7.9,4.8,0
ORD-00624,2025-06-02,Monday,10,Mostrador,Nuevo,Bebidas frías,Iced latte,1,2765.0,0.0,2765.0,7.4,4.2,0
ORD-04736,2025-06-02,Monday,11,Takeaway,Habitual,Desayuno,Yogur + granola,3,3971.0,0.0,11913.0,4.8,5.0,0
ORD-00165,2025-06-02,Monday,12,Mostrador,Frecuente,Desayuno,Tostadas,1,4167.0,0.0,4167.0,12.9,4.5,0
ORD-00732,2025-06-02,Monday,13,Mostrador,Nuevo,Café,Espresso,1,1678.0,0.0,1678.0,10.1,4.7,1
ORD-01480,2025-06-02,Monday,13,Takeaway,Habitual,Pastelería,Medialuna,1,1516.0,0.05,1440.0,9.9,5.0,0
ORD-00275,2025-06-02,Monday,14,Mostrador,Frecuente,Pastelería,Croissant,2,1698.0,0.0,3396.0,13.1,4.9,0
ORD-01225,2025-06-02,Monday,14,Takeaway,Frecuente,Pastelería,Budín,1,1455.0,0.0,1455.0,7.8,4.9,0
ORD-04251,2025-06-02,Monday,14,Mostrador,Nuevo,Bebidas frías,Iced latte,1,2518.0,0.0,2518.0,7.1,3.8,0
ORD-04826,2025-06-02,Monday,14,Mostrador,Nuevo,Café,Espresso,1,1715.0,0.0,1715.0,5.0,5.0,1
ORD-00929,2025-06-02,Monday,15,Mostrador,Habitual,Bebidas frías,Limonada,2,3333.0,0.0,6666.0,5.7,4.8,0
ORD-02698,2025-06-02,Monday,15,Takeaway,Nuevo,Café,Cortado,3,1828.0,0.0,5485.0,4.0,4.8,0
ORD-03924,2025-06-02,Monday,15,Mostrador,Frecuente,Pastelería,Tostada dulce,3,1799.0,0.1,4858.0,5.6,4.0,0
ORD-00464,2025-06-02,Monday,16,Mostrador,Habitual,Desayuno,Yogur + granola,1,4311.0,0.1,3879.0,6.4,4.8,0
ORD-02495,2025-06-02,Monday,16,Delivery,Frecuente,Pastelería,Croissant,1,1669.0,0.0,1669.0,19.3,4.9,0
ORD-00425,2025-06-02,Monday,17,Mostrador,Frecuente,Pastelería,Cookie,3,1626.0,0.0,4878.0,5.7,5.0,1
ORD-02420,2025-06-02,Monday,17,Takeaway,Frecuente,Desayuno,Avocado toast,1,4134.0,0.05,3927.0,12.4,5.0,0
ORD-06412,2025-06-02,Monday,17,Mostrador,Frecuente,Desayuno,Combo desayuno,1,4725.0,0.0,4725.0,6.2,5.0,1
ORD-01079,2025-06-02,Monday,18,Takeaway,Habitual,Café,Flat White,1,1757.0,0.05,1670.0,3.9,4.9,1
ORD-05627,2025-06-02,Monday,18,Delivery,Nuevo,Almuerzo,Ensalada,1,4652.0,0.0,4652.0,13.9,4.1,1
ORD-04342,2025-06-02,Monday,19,Mostrador,Nuevo,Pastelería,Medialuna,1,1570.0,0.0,1570.0,4.3,4.0,0
ORD-05892,2025-06-02,Monday,19,Mostrador,Nuevo,Bebidas frías,Limonada,1,2942.0,0.05,2795.0,2.0,5.0,1
ORD-02070,2025-06-03,Tuesday,12,Mostrador,Nuevo,Café,Flat White,1,1672.0,0.1,1505.0,8.1,3.8,0
ORD-03563,2025-06-03,Tuesday,12,Mostrador,Habitual,Desayuno,Tostadas,1,4015.0,0.05,3814.0,10.8,4.7,0
ORD-05800,2025-06-03,Tuesday,13,Takeaway,Frecuente,Bebidas frías,Cold brew,2,2393.0,0.0,4787.0,7.7,5.0,0
ORD-01678,2025-06-03,Tuesday,14,Mostrador,Habitual,Bebidas frías,Limonada,1,2780.0,0.0,2780.0,6.9,4.8,1
ORD-03209,2025-06-03,Tuesday,14,Delivery,Nuevo,Almuerzo,Ensalada,1,5718.0,0.1,5146.0,18.9,3.5,1
ORD-04659,2025-06-03,Tuesday,14,Mostrador,Habitual,Café,Flat White,2,1581.0,0.0,3163.0,13.4,3.7,0
ORD-01185,2025-06-03,Tuesday,15,Mostrador,Nuevo,Café,Americano,2,1504.0,0.0,3008.0,3.7,4.6,0
ORD-04562,2025-06-03,Tuesday,15,Mostrador,Habitual,Bebidas frías,Licuado,1,2920.0,0.1,2628.0,5.2,4.6,0
ORD-02962,2025-06-03,Tuesday,16,Mostrador,Habitual,Café,Americano,3,1926.0,0.1,5199.0,3.8,5.0,0
ORD-05024,2025-06-03,Tuesday,16,Mostrador,Nuevo,Café,Americano,1,1722.0,0.0,1722.0,6.3,5.0,1
ORD-05304,2025-06-03,Tuesday,16,Mostrador,Nuevo,Café,Espresso,2,1814.0,0.1,3264.0,5.0,4.7,0
ORD-01374,2025-06-03,Tuesday,19,Mostrador,Habitual,Desayuno,Tostadas,2,4186.0,0.1,7535.0,3.4,4.6,0
ORD-04068,2025-06-03,Tuesday,20,Takeaway,Habitual,Desayuno,Avocado toast,3,4216.0,0.05,12014.0,2.6,4.8,0
ORD-05439,2025-06-04,Wednesday,8,Mostrador,Habitual,Bebidas frías,Limonada,3,2506.0,0.1,6767.0,10.0,5.0,1
ORD-02224,2025-06-04,Wednesday,11,Mostrador,Nuevo,Pastelería,Cookie,2,1492.0,0.0,2983.0,2.0,5.0,0
ORD-03071,2025-06-04,Wednesday,11,Mostrador,Nuevo,Café,Flat White,1,1894.0,0.0,1894.0,6.4,5.0,0
ORD-03369,2025-06-04,Wednesday,11,Mostrador,Nuevo,Café,Cortado,1,1752.0,0.1,1577.0,3.2,4.5,0
ORD-02250,2025-06-04,Wednesday,12,Takeaway,Habitual,Desayuno,Avocado toast,1,4121.0,0.0,4121.0,12.5,4.1,1
ORD-02341,2025-06-04,Wednesday,13,Mostrador,Frecuente,Café,Espresso,1,1594.0,0.0,1594.0,8.9,4.5,0
ORD-02925,2025-06-04,Wednesday,13,Mostrador,Frecuente,Bebidas frías,Iced latte,1,2948.0,0.05,2801.0,4.3,5.0,0
ORD-04130,2025-06-04,Wednesday,13,Mostrador,Habitual,Pastelería,Croissant,3,1495.0,0.05,4261.0,9.4,4.8,0
ORD-00777,2025-06-04,Wednesday,15,Delivery,Nuevo,Bebidas frías,Cold brew,1,2275.0,0.1,2047.0,16.6,5.0,1
ORD-03567,2025-06-04,Wednesday,15,Mostrador,Nuevo,Café,Espresso,2,1947.0,0.0,3894.0,4.9,5.0,0
ORD-05252,2025-06-04,Wednesday,17,Mostrador,Habitual,Pastelería,Budín,1,1531.0,0.0,1531.0,5.1,4.9,1
ORD-02476,2025-06-04,Wednesday,18,Mostrador,Habitual,Almuerzo,Tostado,1,4603.0,0.0,4603.0,5.1,4.5,1
ORD-01059,2025-06-04,Wednesday,19,Mostrador,Habitual,Bebidas frías,Limonada,1,2946.0,0.0,2946.0,5.5,4.8,1
ORD-03771,2025-06-04,Wednesday,20,Takeaway,Frecuente,Bebidas frías,Cold brew,2,2906.0,0.0,5812.0,12.8,4.8,0
ORD-04328,2025-06-05,Thursday,8,Mostrador,Nuevo,Almuerzo,Wrap,3,4947.0,0.0,14842.0,8.9,5.0,0
ORD-03008,2025-06-05,Thursday,9,Mostrador,Habitual,Pastelería,Budín,2,1727.0,0.1,3109.0,8.3,4.3,0
ORD-00500,2025-06-05,Thursday,11,Delivery,Frecuente,Desayuno,Yogur + granola,1,4572.0,0.05,4343.0,16.6,3.9,0
ORD-01437,2025-06-05,Thursday,12,Delivery,Nuevo,Café,Latte,1,1964.0,0.0,1964.0,21.0,4.2,0
ORD-03669,2025-06-05,Thursday,12,Mostrador,Habitual,Café,Latte,3,1874.0,0.05,5341.0,12.5,4.3,1
ORD-01841,2025-06-05,Thursday,13,Mostrador,Habitual,Almuerzo,Wrap,1,5365.0,0.05,5097.0,5.8,4.9,0
ORD-04336,2025-06-05,Thursday,13,Mostrador,Nuevo,Café,Americano,1,1700.0,0.0,1700.0,8.2,5.0,0
ORD-06262,2025-06-05,Thursday,13,Mostrador,Habitual,Bebidas frías,Licuado,1,2679.0,0.0,2679.0,10.1,5.0,1
ORD-02694,2025-06-05,Thursday,17,Mostrador,Frecuente,Desayuno,Combo desayuno,3,4522.0,0.0,13565.0,2.5,3.9,0
ORD-01333,2025-06-05,Thursday,18,Mostrador,Habitual,Pastelería,Tostada dulce,1,1691.0,0.15,1437.0,4.0,4.5,0
ORD-02276,2025-06-05,Thursday,19,Takeaway,Nuevo,Pastelería,Cookie,1,1596.0,0.05,1516.0,4.2,5.0,0
ORD-04035,2025-06-05,Thursday,19,Takeaway,Nuevo,Desayuno,Tostadas,1,3927.0,0.0,3927.0,2.5,5.0,1
ORD-04710,2025-06-05,Thursday,19,Mostrador,Frecuente,Bebidas frías,Cold brew,1,2924.0,0.0,2924.0,4.7,3.6,0
ORD-03775,2025-06-06,Friday,9,Mostrador,Frecuente,Almuerzo,Bagel,2,5688.0,0.0,11375.0,12.7,4.9,0
ORD-04743,2025-06-06,Friday,9,Delivery,Nuevo,Café,Cortado,2,1605.0,0.0,3210.0,20.5,3.8,1
ORD-05449,2025-06-06,Friday,10,Mostrador,Frecuente,Desayuno,Tostadas,1,3899.0,0.0,3899.0,8.9,5.0,0
ORD-01687,2025-06-06,Friday,13,Mostrador,Frecuente,Café,Espresso,3,1844.0,0.0,5532.0,5.7,4.4,1
ORD-04670,2025-06-06,Friday,13,Mostrador,Nuevo,Pastelería,Croissant,2,1715.0,0.0,3429.0,13.4,4.3,1
ORD-05272,2025-06-06,Friday,13,Delivery,Nuevo,Bebidas frías,Cold brew,3,2791.0,0.05,7954.0,21.5,3.8,1
ORD-02990,2025-06-06,Friday,14,Takeaway,Habitual,Desayuno,Avocado toast,2,4337.0,0.05,8240.0,14.6,5.0,0
ORD-00547,2025-06-06,Friday,15,Takeaway,Nuevo,Desayuno,Combo desayuno,1,4662.0,0.1,4196.0,7.7,4.8,0
ORD-00954,2025-06-06,Friday,15,Takeaway,Habitual,Café,Latte,2,1645.0,0.05,3125.0,5.8,4.8,0
ORD-05807,2025-06-06,Friday,15,Delivery,Nuevo,Bebidas frías,Iced latte,1,2493.0,0.05,2368.0,18.4,4.7,0
ORD-03218,2025-06-06,Friday,16,Mostrador,Nuevo,Bebidas frías,Licuado,1,2616.0,0.0,2616.0,3.9,5.0,0
ORD-04520,2025-06-06,Friday,16,Mostrador,Nuevo,Almuerzo,Wrap,1,5198.0,0.0,5198.0,2.2,4.6,0
ORD-02760,2025-06-06,Friday,18,Takeaway,Habitual,Almuerzo,Tostado,2,5005.0,0.0,10009.0,7.7,4.8,0
ORD-04191,2025-06-06,Friday,18,Takeaway,Habitual,Bebidas frías,Cold brew,1,3084.0,0.0,3084.0,5.0,5.0,0
ORD-01153,2025-06-07,Saturday,7,Mostrador,Nuevo,Pastelería,Croissant,1,1703.0,0.0,1703.0,9.0,4.6,0
ORD-01741,2025-06-07,Saturday,7,Mostrador,Nuevo,Café,Latte,1,2012.0,0.0,2012.0,6.6,4.9,0
ORD-01496,2025-06-07,Saturday,8,Mostrador,Nuevo,Desayuno,Avocado toast,2,4492.0,0.05,8536.0,7.3,4.9,0
ORD-03676,2025-06-07,Saturday,10,Mostrador,Nuevo,Desayuno,Tostadas,2,4690.0,0.0,9380.0,9.7,5.0,1
ORD-05716,2025-06-07,Saturday,10,Mostrador,Habitual,Café,Espresso,1,2097.0,0.0,2097.0,9.7,4.5,0
ORD-00795,2025-06-07,Saturday,14,Mostrador,Nuevo,Almuerzo,Tostado,1,5529.0,0.0,5529.0,5.4,5.0,0
ORD-00994,2025-06-07,Saturday,14,Takeaway,Frecuente,Desayuno,Combo desayuno,2,4415.0,0.0,8829.0,9.3,4.6,1
ORD-04616,2025-06-07,Saturday,14,Takeaway,Nuevo,Café,Espresso,2,1930.0,0.0,3860.0,9.2,4.3,0
ORD-03173,2025-06-07,Saturday,15,Mostrador,Habitual,Bebidas frías,Limonada,2,3119.0,0.0,6238.0,4.9,5.0,0
ORD-00238,2025-06-07,Saturday,16,Takeaway,Habitual,Bebidas frías,Iced latte,2,2414.0,0.1,4345.0,5.8,5.0,0
ORD-02762,2025-06-07,Saturday,16,Mostrador,Habitual,Desayuno,Combo desayuno,1,4285.0,0.05,4071.0,2.1,5.0,0
ORD-02566,2025-06-07,Saturday,17,Mostrador,Nuevo,Bebidas frías,Licuado,1,2853.0,0.0,2853.0,5.9,4.8,0
ORD-00473,2025-06-07,Saturday,18,Takeaway,Nuevo,Pastelería,Medialuna,2,1643.0,0.0,3286.0,6.9,5.0,0
ORD-03220,2025-06-07,Saturday,18,Mostrador,Nuevo,Café,Americano,1,1783.0,0.1,1605.0,5.4,5.0,0
ORD-05704,2025-06-07,Saturday,20,Mostrador,Habitual,Café,Americano,3,1804.0,0.0,5412.0,3.4,4.6,0
ORD-00005,2025-06-08,Sunday,8,Takeaway,Habitual,Café,Cortado,3,1828.0,0.0,5485.0,13.2,4.4,0
ORD-01924,2025-06-08,Sunday,8,Takeaway,Habitual,Bebidas frías,Cold brew,1,2778.0,0.05,2639.0,10.5,4.7,0
ORD-04284,2025-06-08,Sunday,8,Mostrador,Habitual,Café,Cortado,1,1720.0,0.15,1462.0,10.4,5.0,1
ORD-00407,2025-06-08,Sunday,10,Mostrador,Habitual,Pastelería,Croissant,3,1842.0,0.0,5525.0,10.2,3.9,0
ORD-00354,2025-06-08,Sunday,11,Takeaway,Habitual,Café,Americano,2,1685.0,0.0,3371.0,4.4,5.0,0
ORD-00435,2025-06-08,Sunday,11,Mostrador,Habitual,Pastelería,Cookie,1,1556.0,0.0,1556.0,6.6,4.2,0
ORD-00091,2025-06-08,Sunday,12,Takeaway,Nuevo,Desayuno,Tostadas,1,4003.0,0.0,4003.0,12.2,4.5,0
ORD-00621,2025-06-08,Sunday,13,Mostrador,Nuevo,Bebidas frías,Cold brew,3,2842.0,0.15,7248.0,8.2,5.0,0
ORD-03325,2025-06-08,Sunday,13,Mostrador,Frecuente,Bebidas frías,Licuado,1,2916.0,0.1,2625.0,12.0,3.8,1
ORD-02007,2025-06-08,Sunday,15,Delivery,Habitual,Pastelería,Budín,1,1247.0,0.0,1247.0,17.0,4.1,0
ORD-02934,2025-06-08,Sunday,15,Mostrador,Habitual,Pastelería,Cookie,1,1790.0,0.15,1521.0,8.2,4.4,1
ORD-02999,2025-06-08,Sunday,15,Mostrador,Nuevo,Almuerzo,Tostado,2,5084.0,0.0,10168.0,4.2,4.5,0
ORD-03619,2025-06-08,Sunday,15,Takeaway,Habitual,Bebidas frías,Licuado,1,2740.0,0.0,2740.0,8.8,4.2,1
ORD-05638,2025-06-08,Sunday,15,Mostrador,Nuevo,Desayuno,Avocado toast,2,3717.0,0.0,7435.0,4.8,4.7,0
ORD-00633,2025-06-08,Sunday,16,Mostrador,Frecuente,Desayuno,Tostadas,1,4376.0,0.0,4376.0,6.4,5.0,1
ORD-05051,2025-06-08,Sunday,16,Mostrador,Nuevo,Café,Americano,1,1671.0,0.15,1420.0,5.6,4.5,0
ORD-01100,2025-06-08,Sunday,17,Mostrador,Nuevo,Café,Espresso,2,1924.0,0.0,3849.0,4.5,5.0,0
ORD-02717,2025-06-08,Sunday,17,Mostrador,Habitual,Almuerzo,Bagel,1,5563.0,0.0,5563.0,3.1,4.8,0
ORD-03261,2025-06-08,Sunday,17,Mostrador,Nuevo,Café,Cortado,1,1755.0,0.0,1755.0,8.2,5.0,1
ORD-00155,2025-06-08,Sunday,18,Takeaway,Nuevo,Pastelería,Medialuna,1,1610.0,0.0,1610.0,2.0,5.0,0
ORD-01444,2025-06-08,Sunday,18,Takeaway,Nuevo,Desayuno,Avocado toast,1,4236.0,0.0,4236.0,10.0,4.4,1
ORD-05747,2025-06-08,Sunday,18,Takeaway,Frecuente,Café,Latte,1,1693.0,0.0,1693.0,6.1,4.9,0
ORD-02661,2025-06-08,Sunday,20,Takeaway,Habitual,Café,Flat White,1,1738.0,0.0,1738.0,10.1,4.8,1
ORD-05684,2025-06-08,Sunday,20,Takeaway,Nuevo,Café,Flat White,1,1879.0,0.0,1879.0,5.0,4.9,0
ORD-04765,2025-06-09,Monday,7,Mostrador,Habitual,Bebidas frías,Licuado,1,2831.0,0.0,2831.0,5.3,4.7,1
ORD-02841,2025-06-09,Monday,9,Takeaway,Frecuente,Almuerzo,Ensalada,2,5624.0,0.05,10685.0,14.2,5.0,0
ORD-05521,2025-06-09,Monday,9,Mostrador,Habitual,Bebidas frías,Licuado,1,3063.0,0.0,3063.0,8.3,4.4,1
ORD-02318,2025-06-09,Monday,10,Delivery,Nuevo,Café,Latte,2,1737.0,0.0,3474.0,23.0,4.2,0
ORD-00756,2025-06-09,Monday,11,Takeaway,Habitual,Café,Flat White,2,2026.0,0.0,4053.0,6.7,4.7,1
ORD-02954,2025-06-09,Monday,11,Takeaway,Nuevo,Desayuno,Avocado toast,1,3876.0,0.0,3876.0,7.6,3.9,1
ORD-00082,2025-06-09,Monday,12,Mostrador,Habitual,Desayuno,Yogur + granola,1,3776.0,0.0,3776.0,8.0,5.0,1
ORD-00140,2025-06-09,Monday,12,Delivery,Habitual,Pastelería,Budín,2,1447.0,0.0,2893.0,19.9,3.6,0
ORD-01992,2025-06-09,Monday,12,Mostrador,Habitual,Café,Cortado,3,1823.0,0.0,5469.0,7.8,4.0,1
ORD-06039,2025-06-09,Monday,13,Mostrador,Nuevo,Café,Flat White,2,1664.0,0.0,3329.0,11.0,4.7,0
ORD-02916,2025-06-09,Monday,15,Mostrador,Nuevo,Pastelería,Croissant,2,1469.0,0.0,2939.0,6.4,5.0,0
ORD-05084,2025-06-09,Monday,15,Mostrador,Nuevo,Bebidas frías,Licuado,1,2569.0,0.1,2312.0,7.4,4.9,0
ORD-04610,2025-06-09,Monday,16,Mostrador,Nuevo,Café,Americano,2,1864.0,0.0,3728.0,8.0,4.3,0
ORD-04878,2025-06-09,Monday,16,Mostrador,Frecuente,Pastelería,Tostada dulce,3,1585.0,0.0,4755.0,2.9,4.5,0
ORD-03893,2025-06-09,Monday,17,Mostrador,Habitual,Desayuno,Combo desayuno,1,3758.0,0.1,3382.0,3.1,3.9,0
ORD-05201,2025-06-09,Monday,19,Takeaway,Frecuente,Café,Cortado,1,1835.0,0.0,1835.0,6.3,4.2,0
ORD-05803,2025-06-09,Monday,19,Takeaway,Frecuente,Pastelería,Budín,1,1664.0,0.0,1664.0,5.9,4.9,1
ORD-01039,2025-06-09,Monday,20,Mostrador,Nuevo,Pastelería,Budín,1,1467.0,0.1,1320.0,6.3,4.4,0
ORD-05686,2025-06-09,Monday,20,Mostrador,Nuevo,Almuerzo,Ensalada,1,4089.0,0.0,4089.0,5.7,5.0,1
ORD-03860,2025-06-10,Tuesday,10,Mostrador,Frecuente,Café,Espresso,1,1969.0,0.0,1969.0,7.8,4.7,0
ORD-01220,2025-06-10,Tuesday,11,Mostrador,Nuevo,Café,Latte,1,1847.0,0.0,1847.0,5.9,4.6,0
ORD-02135,2025-06-10,Tuesday,11,Mostrador,Habitual,Desayuno,Yogur + granola,2,4755.0,0.0,9510.0,3.7,4.8,0
ORD-06217,2025-06-10,Tuesday,11,Mostrador,Nuevo,Almuerzo,Wrap,2,5172.0,0.1,9309.0,4.7,5.0,0
ORD-01418,2025-06-10,Tuesday,12,Delivery,Frecuente,Pastelería,Medialuna,3,1868.0,0.05,5325.0,20.0,4.7,0
ORD-03125,2025-06-10,Tuesday,12,Mostrador,Habitual,Pastelería,Medialuna,2,1612.0,0.0,3225.0,12.6,4.6,0
ORD-03081,2025-06-10,Tuesday,13,Mostrador,Frecuente,Almuerzo,Tostado,2,4930.0,0.0,9860.0,9.5,4.8,1
ORD-03104,2025-06-10,Tuesday,13,Mostrador,Habitual,Café,Americano,1,1489.0,0.0,1489.0,14.4,4.4,0
ORD-03551,2025-06-10,Tuesday,13,Takeaway,Frecuente,Desayuno,Yogur + granola,2,4713.0,0.0,9427.0,12.0,4.2,0
ORD-03624,2025-06-10,Tuesday,13,Takeaway,Habitual,Café,Latte,1,2063.0,0.05,1960.0,12.9,4.7,0
ORD-06462,2025-06-10,Tuesday,13,Mostrador,Nuevo,Bebidas frías,Licuado,2,2649.0,0.0,5297.0,8.0,4.6,0
ORD-00004,2025-06-10,Tuesday,14,Mostrador,Habitual,Café,Cortado,3,1874.0,0.0,5622.0,7.8,5.0,1
ORD-02565,2025-06-10,Tuesday,14,Takeaway,Habitual,Desayuno,Yogur + granola,1,4113.0,0.1,3702.0,10.7,3.8,1
ORD-03744,2025-06-10,Tuesday,14,Mostrador,Habitual,Café,Latte,2,1700.0,0.05,3229.0,7.2,5.0,0
ORD-04028,2025-06-10,Tuesday,15,Takeaway,Habitual,Café,Espresso,1,1927.0,0.0,1927.0,7.9,4.0,0
ORD-00121,2025-06-10,Tuesday,18,Mostrador,Habitual,Pastelería,Cookie,2,1861.0,0.05,3536.0,6.8,5.0,0
ORD-02078,2025-06-10,Tuesday,19,Mostrador,Habitual,Desayuno,Tostadas,1,4021.0,0.0,4021.0,6.0,5.0,1
ORD-00298,2025-06-10,Tuesday,20,Mostrador,Nuevo,Pastelería,Medialuna,2,1706.0,0.0,3412.0,4.2,5.0,1
ORD-03814,2025-06-11,Wednesday,8,Mostrador,Habitual,Café,Espresso,3,1795.0,0.15,4576.0,8.5,4.7,0
ORD-00030,2025-06-11,Wednesday,9,Takeaway,Habitual,Café,Latte,1,2005.0,0.0,2005.0,14.4,4.5,0
ORD-03356,2025-06-11,Wednesday,9,Takeaway,Nuevo,Desayuno,Avocado toast,3,4260.0,0.05,12141.0,12.1,4.5,0
ORD-04529,2025-06-11,Wednesday,11,Takeaway,Nuevo,Pastelería,Budín,2,1414.0,0.1,2545.0,7.8,5.0,0
ORD-02157,2025-06-11,Wednesday,13,Takeaway,Habitual,Pastelería,Tostada dulce,1,1758.0,0.0,1758.0,9.8,5.0,0
ORD-04416,2025-06-11,Wednesday,13,Mostrador,Frecuente,Almuerzo,Ensalada,3,5860.0,0.0,17580.0,8.2,4.8,1
ORD-00285,2025-06-11,Wednesday,16,Delivery,Frecuente,Café,Latte,1,1493.0,0.0,1493.0,21.6,3.9,1
ORD-00800,2025-06-11,Wednesday,16,Mostrador,Nuevo,Café,Flat White,1,1837.0,0.1,1653.0,4.8,4.8,0
ORD-02521,2025-06-11,Wednesday,17,Delivery,Frecuente,Pastelería,Budín,2,1599.0,0.05,3039.0,20.7,4.0,0
ORD-03489,2025-06-11,Wednesday,17,Mostrador,Habitual,Café,Latte,2,1727.0,0.0,3453.0,3.6,4.3,0
ORD-00935,2025-06-11,Wednesday,19,Takeaway,Nuevo,Desayuno,Tostadas,1,4516.0,0.0,4516.0,5.5,4.4,0
ORD-01293,2025-06-11,Wednesday,20,Takeaway,Frecuente,Café,Cortado,1,1766.0,0.0,1766.0,4.5,5.0,1
ORD-06124,2025-06-11,Wednesday,20,Takeaway,Nuevo,Café,Americano,1,2195.0,0.0,2195.0,10.5,4.6,0
ORD-03812,2025-06-12,Thursday,7,Mostrador,Habitual,Café,Cortado,1,1667.0,0.0,1667.0,2.0,5.0,0
ORD-04094,2025-06-12,Thursday,8,Takeaway,Nuevo,Café,Latte,3,1852.0,0.05,5279.0,10.3,5.0,0
ORD-05629,2025-06-12,Thursday,10,Mostrador,Nuevo,Almuerzo,Tostado,1,5884.0,0.05,5590.0,11.3,4.0,0
ORD-05534,2025-06-12,Thursday,11,Takeaway,Nuevo,Almuerzo,Bagel,1,4343.0,0.0,4343.0,9.0,4.3,0
ORD-00869,2025-06-12,Thursday,12,Delivery,Habitual,Bebidas frías,Licuado,1,2978.0,0.0,2978.0,25.3,4.1,0
ORD-04465,2025-06-12,Thursday,12,Mostrador,Nuevo,Almuerzo,Bagel,1,5433.0,0.15,4618.0,12.3,4.5,1
ORD-02146,2025-06-12,Thursday,13,Mostrador,Nuevo,Almuerzo,Ensalada,2,5991.0,0.15,10184.0,10.1,5.0,0
ORD-06087,2025-06-12,Thursday,13,Mostrador,Frecuente,Pastelería,Cookie,3,1495.0,0.1,4037.0,4.9,4.5,0
ORD-06132,2025-06-12,Thursday,13,Mostrador,Frecuente,Café,Americano,1,1624.0,0.1,1462.0,7.2,5.0,1
ORD-00186,2025-06-12,Thursday,14,Mostrador,Nuevo,Almuerzo,Wrap,3,5255.0,0.0,15764.0,6.1,3.5,0
ORD-00689,2025-06-12,Thursday,14,Delivery,Nuevo,Almuerzo,Ensalada,1,5117.0,0.0,5117.0,24.3,3.6,0
ORD-02802,2025-06-12,Thursday,14,Mostrador,Frecuente,Café,Latte,1,1846.0,0.0,1846.0,12.9,4.1,0
ORD-04297,2025-06-12,Thursday,14,Delivery,Habitual,Desayuno,Avocado toast,2,4026.0,0.0,8053.0,16.6,4.1,1
ORD-02860,2025-06-12,Thursday,15,Takeaway,Habitual,Café,Cortado,2,1881.0,0.05,3575.0,8.4,5.0,0
ORD-04004,2025-06-12,Thursday,15,Mostrador,Nuevo,Café,Americano,3,1698.0,0.1,4586.0,2.0,4.8,1
ORD-04545,2025-06-12,Thursday,15,Mostrador,Nuevo,Café,Cortado,1,1827.0,0.05,1736.0,6.7,4.7,0
ORD-00047,2025-06-12,Thursday,16,Mostrador,Habitual,Café,Flat White,1,1755.0,0.0,1755.0,3.9,5.0,1
ORD-01729,2025-06-12,Thursday,17,Takeaway,Nuevo,Bebidas frías,Cold brew,1,3034.0,0.0,3034.0,11.0,4.8,0
ORD-05095,2025-06-12,Thursday,17,Mostrador,Nuevo,Almuerzo,Tostado,1,4485.0,0.15,3812.0,2.0,4.9,1
ORD-01263,2025-06-12,Thursday,18,Takeaway,Frecuente,Desayuno,Tostadas,1,4408.0,0.0,4408.0,7.7,4.0,0
ORD-04942,2025-06-12,Thursday,18,Mostrador,Nuevo,Almuerzo,Wrap,1,4131.0,0.0,4131.0,5.2,4.4,0
ORD-05172,2025-06-12,Thursday,18,Takeaway,Habitual,Desayuno,Combo desayuno,1,4175.0,0.1,3757.0,6.1,4.2,1
ORD-03780,2025-06-12,Thursday,19,Takeaway,Nuevo,Café,Latte,1,1734.0,0.0,1734.0,7.2,4.2,0
ORD-00923,2025-06-12,Thursday,20,Mostrador,Habitual,Pastelería,Medialuna,1,1831.0,0.0,1831.0,7.1,5.0,1
ORD-03601,2025-06-12,Thursday,20,Takeaway,Nuevo,Desayuno,Yogur + granola,1,4407.0,0.0,4407.0,12.9,4.3,0
ORD-06140,2025-06-13,Friday,7,Mostrador,Nuevo,Almuerzo,Wrap,1,5077.0,0.0,5077.0,9.5,4.4,0
ORD-01092,2025-06-13,Friday,10,Takeaway,Nuevo,Pastelería,Croissant,1,1496.0,0.0,1496.0,15.5,5.0,0
ORD-02382,2025-06-13,Friday,11,Mostrador,Nuevo,Almuerzo,Wrap,1,5571.0,0.0,5571.0,9.6,4.6,0
ORD-03080,2025-06-13,Friday,11,Mostrador,Nuevo,Bebidas frías,Limonada,1,2680.0,0.0,2680.0,6.0,5.0,0
ORD-00219,2025-06-13,Friday,12,Mostrador,Nuevo,Pastelería,Croissant,1,1726.0,0.0,1726.0,7.9,4.6,0
ORD-01473,2025-06-13,Friday,12,Mostrador,Habitual,Almuerzo,Bagel,2,5920.0,0.0,11840.0,13.7,4.6,0
ORD-00883,2025-06-13,Friday,13,Delivery,Habitual,Bebidas frías,Licuado,2,2868.0,0.05,5449.0,19.0,3.9,0
ORD-01184,2025-06-13,Friday,13,Mostrador,Frecuente,Café,Americano,1,1515.0,0.1,1364.0,9.3,3.8,1
ORD-01643,2025-06-13,Friday,13,Takeaway,Frecuente,Bebidas frías,Iced latte,1,2697.0,0.0,2697.0,9.1,5.0,1
ORD-03616,2025-06-13,Friday,13,Mostrador,Habitual,Pastelería,Medialuna,1,1353.0,0.0,1353.0,10.5,3.7,0
ORD-01319,2025-06-13,Friday,14,Mostrador,Habitual,Café,Latte,1,1686.0,0.0,1686.0,11.1,3.9,1
ORD-05344,2025-06-13,Friday,14,Takeaway,Habitual,Pastelería,Croissant,1,1744.0,0.05,1657.0,10.5,4.6,0
ORD-06088,2025-06-13,Friday,14,Delivery,Habitual,Café,Americano,1,2082.0,0.0,2082.0,17.4,3.8,0
ORD-06473,2025-06-13,Friday,14,Mostrador,Habitual,Café,Americano,1,1747.0,0.05,1660.0,7.7,4.1,1
ORD-00267,2025-06-13,Friday,15,Takeaway,Frecuente,Desayuno,Tostadas,2,3641.0,0.05,6917.0,7.4,4.6,1
ORD-02735,2025-06-13,Friday,15,Takeaway,Habitual,Almuerzo,Bagel,1,5809.0,0.0,5809.0,8.5,5.0,0
ORD-03747,2025-06-13,Friday,16,Mostrador,Nuevo,Desayuno,Yogur + granola,2,3962.0,0.0,7924.0,5.8,4.9,0
ORD-04144,2025-06-13,Friday,16,Mostrador,Nuevo,Desayuno,Avocado toast,2,4402.0,0.0,8804.0,7.5,4.8,1
ORD-03556,2025-06-13,Friday,17,Mostrador,Nuevo,Almuerzo,Wrap,1,4478.0,0.05,4254.0,3.9,5.0,0
ORD-06027,2025-06-13,Friday,18,Mostrador,Habitual,Pastelería,Cookie,1,1714.0,0.0,1714.0,3.1,4.5,1
ORD-04322,2025-06-13,Friday,19,Takeaway,Habitual,Café,Flat White,1,2011.0,0.0,2011.0,6.9,4.5,1
ORD-00020,2025-06-14,Saturday,10,Mostrador,Frecuente,Almuerzo,Ensalada,2,4908.0,0.0,9816.0,7.8,4.6,1
ORD-01919,2025-06-14,Saturday,10,Mostrador,Frecuente,Almuerzo,Bagel,1,4868.0,0.0,4868.0,8.7,5.0,0
ORD-02578,2025-06-14,Saturday,11,Mostrador,Nuevo,Pastelería,Tostada dulce,2,1547.0,0.1,2785.0,7.2,4.8,0
ORD-05178,2025-06-14,Saturday,11,Takeaway,Frecuente,Almuerzo,Bagel,2,4973.0,0.0,9946.0,5.1,4.8,0
ORD-00214,2025-06-14,Saturday,12,Delivery,Frecuente,Café,Americano,1,1598.0,0.0,1598.0,21.6,3.5,0
ORD-03143,2025-06-14,Saturday,12,Mostrador,Nuevo,Pastelería,Croissant,1,1482.0,0.0,1482.0,16.2,3.8,0
ORD-03981,2025-06-14,Saturday,12,Takeaway,Habitual,Café,Espresso,1,1778.0,0.1,1600.0,9.1,4.0,1
ORD-02435,2025-06-14,Saturday,13,Takeaway,Frecuente,Bebidas frías,Limonada,1,2900.0,0.05,2755.0,9.1,4.2,0
ORD-05664,2025-06-14,Saturday,13,Takeaway,Habitual,Bebidas frías,Limonada,2,2881.0,0.0,5762.0,11.4,4.8,1
ORD-01057,2025-06-14,Saturday,14,Mostrador,Habitual,Café,Americano,1,2125.0,0.0,2125.0,6.1,4.6,0
ORD-04227,2025-06-14,Saturday,14,Mostrador,Frecuente,Bebidas frías,Iced latte,1,2558.0,0.0,2558.0,8.7,4.5,1
ORD-00031,2025-06-14,Saturday,15,Mostrador,Habitual,Bebidas frías,Iced latte,2,2409.0,0.0,4818.0,6.0,4.4,0
ORD-01373,2025-06-14,Saturday,15,Takeaway,Habitual,Almuerzo,Tostado,2,4628.0,0.0,9256.0,7.1,5.0,0
ORD-02040,2025-06-14,Saturday,15,Mostrador,Nuevo,Bebidas frías,Licuado,2,2949.0,0.0,5898.0,3.7,5.0,0
ORD-01331,2025-06-14,Saturday,16,Takeaway,Habitual,Café,Americano,2,1778.0,0.0,3556.0,8.2,4.8,0
ORD-03500,2025-06-14,Saturday,16,Mostrador,Frecuente,Almuerzo,Tostado,3,5560.0,0.0,16680.0,6.1,5.0,1
ORD-03817,2025-06-14,Saturday,16,Mostrador,Frecuente,Pastelería,Cookie,1,1591.0,0.0,1591.0,9.3,4.1,0
ORD-06230,2025-06-14,Saturday,16,Delivery,Habitual,Pastelería,Cookie,3,1624.0,0.05,4627.0,15.9,3.9,0
ORD-02217,2025-06-14,Saturday,17,Takeaway,Habitual,Café,Flat White,1,1748.0,0.0,1748.0,8.0,4.7,0
ORD-01890,2025-06-14,Saturday,18,Delivery,Habitual,Café,Cortado,2,1925.0,0.15,3273.0,16.5,4.2,1
ORD-03666,2025-06-14,Saturday,18,Mostrador,Habitual,Almuerzo,Wrap,3,5377.0,0.05,15324.0,6.4,5.0,0
ORD-04759,2025-06-14,Saturday,18,Takeaway,Frecuente,Desayuno,Avocado toast,1,4139.0,0.1,3725.0,8.1,4.7,0
ORD-05607,2025-06-14,Saturday,18,Mostrador,Nuevo,Bebidas frías,Cold brew,1,2576.0,0.05,2447.0,3.1,4.4,1
ORD-01566,2025-06-15,Sunday,7,Mostrador,Habitual,Desayuno,Avocado toast,1,4093.0,0.0,4093.0,7.4,4.8,0
ORD-01853,2025-06-15,Sunday,7,Mostrador,Habitual,Café,Cortado,1,1686.0,0.05,1601.0,9.9,4.8,1
ORD-02645,2025-06-15,Sunday,8,Mostrador,Habitual,Bebidas frías,Licuado,1,2489.0,0.0,2489.0,7.5,4.5,1
ORD-03587,2025-06-15,Sunday,8,Mostrador,Frecuente,Bebidas frías,Iced latte,1,2865.0,0.0,2865.0,6.0,5.0,1
ORD-03397,2025-06-15,Sunday,9,Delivery,Frecuente,Bebidas frías,Licuado,3,2437.0,0.0,7312.0,20.5,4.5,1
ORD-06248,2025-06-15,Sunday,9,Mostrador,Frecuente,Desayuno,Combo desayuno,1,4781.0,0.1,4303.0,11.4,4.6,1
ORD-02243,2025-06-15,Sunday,11,Delivery,Habitual,Café,Cortado,1,1915.0,0.0,1915.0,22.0,3.3,0
ORD-04444,2025-06-15,Sunday,11,Delivery,Frecuente,Bebidas frías,Cold brew,1,2813.0,0.0,2813.0,16.1,4.0,0
ORD-05579,2025-06-15,Sunday,11,Mostrador,Habitual,Almuerzo,Ensalada,1,5846.0,0.05,5553.0,4.5,4.5,1
ORD-00506,2025-06-15,Sunday,12,Mostrador,Habitual,Pastelería,Cookie,1,1592.0,0.0,1592.0,6.8,4.1,0
ORD-02391,2025-06-15,Sunday,13,Mostrador,Habitual,Café,Flat White,2,1751.0,0.15,2977.0,12.7,4.7,0
ORD-04106,2025-06-15,Sunday,13,Mostrador,Habitual,Café,Cortado,1,1873.0,0.1,1686.0,10.8,4.1,0
ORD-01368,2025-06-15,Sunday,14,Mostrador,Habitual,Café,Flat White,1,1550.0,0.0,1550.0,7.9,5.0,0
ORD-01803,2025-06-15,Sunday,14,Mostrador,Habitual,Bebidas frías,Iced latte,1,2693.0,0.0,2693.0,8.4,4.7,0
ORD-02337,2025-06-15,Sunday,15,Takeaway,Nuevo,Café,Espresso,1,1788.0,0.0,1788.0,7.5,4.7,0
ORD-00792,2025-06-15,Sunday,16,Mostrador,Nuevo,Almuerzo,Tostado,1,4988.0,0.0,4988.0,2.0,5.0,0
ORD-00833,2025-06-15,Sunday,16,Mostrador,Habitual,Pastelería,Medialuna,3,1499.0,0.1,4046.0,10.8,4.5,0
ORD-04025,2025-06-15,Sunday,16,Delivery,Frecuente,Almuerzo,Bagel,1,4939.0,0.05,4692.0,11.6,5.0,1
ORD-04047,2025-06-15,Sunday,16,Mostrador,Habitual,Café,Espresso,1,1693.0,0.0,1693.0,6.6,5.0,1
ORD-06176,2025-06-15,Sunday,17,Delivery,Nuevo,Almuerzo,Wrap,1,5300.0,0.05,5035.0,18.1,4.5,0
ORD-05310,2025-06-15,Sunday,18,Mostrador,Habitual,Desayuno,Yogur + granola,2,4105.0,0.0,8210.0,2.0,4.8,0
ORD-02205,2025-06-15,Sunday,19,Takeaway,Nuevo,Bebidas frías,Iced latte,1,2768.0,0.05,2629.0,4.4,4.6,0
ORD-02047,2025-06-15,Sunday,20,Mostrador,Frecuente,Café,Espresso,1,1752.0,0.15,1489.0,6.0,5.0,1
ORD-03453,2025-06-15,Sunday,20,Mostrador,Nuevo,Desayuno,Yogur + granola,1,4088.0,0.05,3884.0,6.0,4.5,1
ORD-05206,2025-06-16,Monday,9,Mostrador,Frecuente,Almuerzo,Bagel,2,5135.0,0.05,9757.0,10.4,4.4,1
ORD-05830,2025-06-16,Monday,12,Mostrador,Nuevo,Almuerzo,Bagel,1,5310.0,0.0,5310.0,11.2,4.1,0
ORD-00222,2025-06-16,Monday,13,Mostrador,Frecuente,Almuerzo,Bagel,1,5942.0,0.0,5942.0,11.2,4.1,0
ORD-01458,2025-06-16,Monday,13,Takeaway,Habitual,Café,Latte,3,1804.0,0.15,4601.0,15.4,3.5,0
ORD-02846,2025-06-16,Monday,13,Takeaway,Habitual,Pastelería,Budín,1,1547.0,0.0,1547.0,9.5,4.6,0
ORD-03884,2025-06-16,Monday,13,Mostrador,Habitual,Café,Latte,1,1814.0,0.0,1814.0,7.3,5.0,1
ORD-04424,2025-06-16,Monday,13,Mostrador,Habitual,Café,Latte,1,1759.0,0.0,1759.0,5.7,4.9,0
ORD-02180,2025-06-16,Monday,15,Takeaway,Habitual,Pastelería,Medialuna,2,1686.0,0.0,3371.0,7.4,4.8,0
ORD-02991,2025-06-16,Monday,15,Delivery,Nuevo,Almuerzo,Tostado,1,5882.0,0.0,5882.0,20.4,4.5,0
ORD-04050,2025-06-16,Monday,15,Takeaway,Habitual,Café,Espresso,1,1777.0,0.0,1777.0,5.4,4.8,1
ORD-01743,2025-06-16,Monday,16,Mostrador,Habitual,Desayuno,Tostadas,2,4343.0,0.15,7383.0,3.0,5.0,0
ORD-03443,2025-06-16,Monday,18,Mostrador,Nuevo,Almuerzo,Ensalada,1,4329.0,0.05,4112.0,2.4,4.6,0
ORD-00871,2025-06-16,Monday,19,Mostrador,Habitual,Pastelería,Budín,1,1768.0,0.0,1768.0,5.1,5.0,0
ORD-00205,2025-06-16,Monday,20,Takeaway,Nuevo,Café,Americano,2,1763.0,0.0,3526.0,7.0,4.7,0
ORD-00537,2025-06-16,Monday,20,Delivery,Nuevo,Pastelería,Medialuna,2,1657.0,0.1,2983.0,19.5,4.2,1
ORD-02845,2025-06-16,Monday,20,Takeaway,Nuevo,Café,Cortado,1,1647.0,0.0,1647.0,13.8,4.4,0
ORD-02507,2025-06-17,Tuesday,10,Takeaway,Frecuente,Pastelería,Budín,1,1703.0,0.0,1703.0,12.8,4.8,1
ORD-00916,2025-06-17,Tuesday,11,Takeaway,Nuevo,Almuerzo,Bagel,1,5971.0,0.1,5374.0,8.8,4.7,1
ORD-00798,2025-06-17,Tuesday,12,Mostrador,Nuevo,Bebidas frías,Iced latte,2,2802.0,0.0,5604.0,10.9,5.0,1
ORD-04526,2025-06-17,Tuesday,13,Takeaway,Nuevo,Bebidas frías,Licuado,1,2681.0,0.0,2681.0,6.4,4.6,1
ORD-05585,2025-06-17,Tuesday,13,Mostrador,Nuevo,Pastelería,Tostada dulce,1,1689.0,0.05,1605.0,11.1,4.8,0
ORD-05744,2025-06-17,Tuesday,13,Mostrador,Frecuente,Café,Cortado,1,1598.0,0.1,1438.0,10.4,4.5,1
ORD-05472,2025-06-17,Tuesday,14,Takeaway,Nuevo,Pastelería,Medialuna,1,1642.0,0.05,1560.0,9.4,3.9,1
ORD-05720,2025-06-17,Tuesday,14,Mostrador,Nuevo,Café,Flat White,2,1907.0,0.15,3242.0,9.3,4.1,1
ORD-00114,2025-06-17,Tuesday,15,Delivery,Nuevo,Pastelería,Tostada dulce,2,1748.0,0.15,2972.0,17.6,3.3,0
ORD-00905,2025-06-17,Tuesday,15,Mostrador,Nuevo,Bebidas frías,Limonada,1,2671.0,0.0,2671.0,9.2,5.0,0
ORD-04179,2025-06-17,Tuesday,15,Takeaway,Habitual,Desayuno,Yogur + granola,2,5155.0,0.0,10311.0,11.0,3.3,0
ORD-01555,2025-06-17,Tuesday,17,Takeaway,Habitual,Café,Latte,1,1690.0,0.0,1690.0,3.6,4.4,1
ORD-02004,2025-06-17,Tuesday,17,Mostrador,Frecuente,Café,Americano,1,1973.0,0.15,1677.0,5.4,5.0,1
ORD-03016,2025-06-17,Tuesday,18,Mostrador,Habitual,Bebidas frías,Licuado,2,2801.0,0.0,5603.0,9.3,4.7,0
ORD-00335,2025-06-17,Tuesday,19,Takeaway,Nuevo,Bebidas frías,Limonada,2,2847.0,0.0,5694.0,9.2,5.0,0
ORD-05137,2025-06-17,Tuesday,20,Mostrador,Habitual,Almuerzo,Wrap,2,5109.0,0.0,10218.0,8.9,5.0,0
ORD-00612,2025-06-18,Wednesday,8,Mostrador,Habitual,Bebidas frías,Iced latte,1,2922.0,0.05,2776.0,7.1,4.9,1
ORD-00939,2025-06-18,Wednesday,9,Mostrador,Nuevo,Café,Cortado,3,1818.0,0.0,5455.0,8.5,4.4,0
ORD-04323,2025-06-18,Wednesday,9,Mostrador,Habitual,Pastelería,Cookie,1,1693.0,0.0,1693.0,9.9,3.3,0
ORD-00485,2025-06-18,Wednesday,10,Takeaway,Nuevo,Pastelería,Budín,2,1459.0,0.0,2919.0,5.6,4.6,0
ORD-05022,2025-06-18,Wednesday,10,Takeaway,Habitual,Bebidas frías,Limonada,2,2840.0,0.1,5113.0,9.5,5.0,0
ORD-04167,2025-06-18,Wednesday,11,Mostrador,Nuevo,Almuerzo,Tostado,1,5202.0,0.0,5202.0,3.2,5.0,0
ORD-06094,2025-06-18,Wednesday,11,Mostrador,Habitual,Almuerzo,Ensalada,1,4713.0,0.0,4713.0,5.4,4.5,0
ORD-00647,2025-06-18,Wednesday,12,Mostrador,Nuevo,Almuerzo,Bagel,1,6260.0,0.0,6260.0,9.5,4.4,0
ORD-01213,2025-06-18,Wednesday,12,Delivery,Habitual,Bebidas frías,Licuado,1,2501.0,0.0,2501.0,22.3,3.4,1
ORD-02582,2025-06-18,Wednesday,12,Takeaway,Nuevo,Almuerzo,Ensalada,1,4936.0,0.0,4936.0,11.9,3.6,0
ORD-05666,2025-06-18,Wednesday,12,Mostrador,Nuevo,Café,Flat White,1,1779.0,0.0,1779.0,9.5,4.1,1
ORD-00176,2025-06-18,Wednesday,14,Delivery,Habitual,Café,Americano,1,1797.0,0.0,1797.0,19.3,3.8,0
ORD-02020,2025-06-18,Wednesday,14,Mostrador,Nuevo,Desayuno,Combo desayuno,2,4201.0,0.0,8403.0,5.4,5.0,0
ORD-02730,2025-06-18,Wednesday,15,Mostrador,Nuevo,Almuerzo,Tostado,1,4935.0,0.1,4441.0,2.4,4.5,0
ORD-05213,2025-06-18,Wednesday,15,Mostrador,Habitual,Pastelería,Croissant,1,1593.0,0.0,1593.0,9.0,5.0,0
ORD-06113,2025-06-18,Wednesday,15,Mostrador,Nuevo,Café,Flat White,1,1589.0,0.0,1589.0,3.2,5.0,0
ORD-00073,2025-06-18,Wednesday,16,Mostrador,Nuevo,Café,Latte,3,1759.0,0.05,5013.0,5.7,3.3,0
ORD-01520,2025-06-18,Wednesday,16,Mostrador,Nuevo,Desayuno,Combo desayuno,1,3797.0,0.0,3797.0,2.0,5.0,0
ORD-02274,2025-06-18,Wednesday,16,Mostrador,Nuevo,Café,Cortado,1,1579.0,0.0,1579.0,5.7,4.8,0
ORD-03132,2025-06-18,Wednesday,18,Takeaway,Habitual,Almuerzo,Bagel,2,5773.0,0.0,11545.0,4.2,5.0,1
ORD-02189,2025-06-18,Wednesday,19,Mostrador,Habitual,Café,Latte,2,1748.0,0.1,3146.0,5.3,5.0,0
ORD-04742,2025-06-18,Wednesday,19,Takeaway,Nuevo,Bebidas frías,Limonada,2,2635.0,0.0,5270.0,7.9,4.8,0
ORD-03631,2025-06-19,Thursday,8,Mostrador,Frecuente,Café,Cortado,3,1752.0,0.0,5255.0,10.4,4.3,0
ORD-02465,2025-06-19,Thursday,9,Mostrador,Nuevo,Desayuno,Yogur + granola,2,4610.0,0.05,8760.0,8.5,4.2,1
ORD-02409,2025-06-19,Thursday,10,Mostrador,Nuevo,Pastelería,Croissant,3,1651.0,0.05,4705.0,7.6,4.4,0
ORD-06190,2025-06-19,Thursday,10,Mostrador,Frecuente,Pastelería,Tostada dulce,2,1739.0,0.0,3478.0,8.4,4.6,0
ORD-02716,2025-06-19,Thursday,11,Takeaway,Nuevo,Bebidas frías,Cold brew,2,2604.0,0.0,5208.0,7.4,5.0,0
ORD-03292,2025-06-19,Thursday,11,Mostrador,Habitual,Almuerzo,Wrap,2,5022.0,0.0,10045.0,4.0,4.9,1
ORD-05654,2025-06-19,Thursday,12,Takeaway,Frecuente,Bebidas frías,Licuado,2,2431.0,0.15,4133.0,14.1,4.9,0
ORD-00231,2025-06-19,Thursday,13,Mostrador,Frecuente,Almuerzo,Wrap,3,5798.0,0.05,16523.0,8.2,4.3,1
ORD-05274,2025-06-19,Thursday,13,Takeaway,Habitual,Bebidas frías,Iced latte,3,3019.0,0.0,9056.0,15.4,3.9,0
ORD-01248,2025-06-19,Thursday,14,Takeaway,Habitual,Almuerzo,Ensalada,2,4935.0,0.0,9870.0,14.0,4.7,1
ORD-01954,2025-06-19,Thursday,14,Mostrador,Habitual,Café,Flat White,2,1836.0,0.05,3489.0,8.7,4.4,0
ORD-02077,2025-06-19,Thursday,15,Mostrador,Frecuente,Pastelería,Cookie,3,1632.0,0.0,4897.0,7.8,4.0,0
ORD-06175,2025-06-19,Thursday,15,Takeaway,Nuevo,Almuerzo,Bagel,1,5491.0,0.0,5491.0,8.6,5.0,0
ORD-05713,2025-06-19,Thursday,16,Takeaway,Nuevo,Café,Americano,1,1783.0,0.0,1783.0,6.8,4.2,0
ORD-05118,2025-06-19,Thursday,17,Mostrador,Nuevo,Café,Cortado,3,1997.0,0.0,5990.0,6.4,4.6,0
ORD-02354,2025-06-19,Thursday,19,Takeaway,Habitual,Desayuno,Combo desayuno,1,4405.0,0.0,4405.0,4.4,5.0,1
ORD-03954,2025-06-19,Thursday,20,Mostrador,Habitual,Bebidas frías,Limonada,2,2700.0,0.0,5400.0,4.5,4.4,0
ORD-00277,2025-06-20,Friday,9,Delivery,Habitual,Café,Cortado,1,1642.0,0.15,1395.0,22.1,4.1,1
ORD-06319,2025-06-20,Friday,9,Mostrador,Habitual,Bebidas frías,Limonada,3,2584.0,0.05,7365.0,9.6,5.0,0
ORD-03286,2025-06-20,Friday,10,Takeaway,Habitual,Almuerzo,Tostado,1,5232.0,0.1,4708.0,8.3,5.0,0
ORD-01075,2025-06-20,Friday,11,Mostrador,Nuevo,Café,Americano,3,1852.0,0.0,5557.0,2.0,5.0,0
ORD-05412,2025-06-20,Friday,12,Mostrador,Nuevo,Bebidas frías,Iced latte,2,2440.0,0.1,4392.0,7.6,3.8,0
ORD-06455,2025-06-20,Friday,12,Mostrador,Nuevo,Almuerzo,Bagel,3,5255.0,0.05,14977.0,5.3,5.0,0
ORD-00474,2025-06-20,Friday,13,Takeaway,Nuevo,Café,Americano,1,1832.0,0.05,1741.0,13.7,4.1,0
ORD-00710,2025-06-20,Friday,13,Takeaway,Habitual,Café,Americano,1,1740.0,0.05,1653.0,10.2,4.5,1
ORD-01802,2025-06-20,Friday,13,Delivery,Habitual,Café,Americano,1,1875.0,0.0,1875.0,19.3,4.3,0
ORD-01768,2025-06-20,Friday,14,Mostrador,Habitual,Pastelería,Cookie,2,1485.0,0.0,2970.0,8.0,4.2,0
ORD-03662,2025-06-20,Friday,15,Mostrador,Nuevo,Pastelería,Croissant,3,1437.0,0.1,3880.0,6.4,5.0,0
ORD-04481,2025-06-20,Friday,15,Delivery,Frecuente,Almuerzo,Wrap,1,4829.0,0.0,4829.0,20.2,3.2,1
ORD-04807,2025-06-20,Friday,15,Mostrador,Nuevo,Almuerzo,Ensalada,3,4477.0,0.15,11416.0,10.0,4.6,1
ORD-04867,2025-06-20,Friday,15,Mostrador,Habitual,Pastelería,Tostada dulce,3,1627.0,0.05,4636.0,3.0,5.0,1
ORD-05340,2025-06-20,Friday,15,Mostrador,Nuevo,Desayuno,Yogur + granola,1,3735.0,0.0,3735.0,5.1,4.8,0
ORD-02527,2025-06-20,Friday,16,Delivery,Nuevo,Café,Espresso,3,1847.0,0.0,5540.0,17.1,4.7,1
ORD-03090,2025-06-20,Friday,16,Delivery,Habitual,Almuerzo,Wrap,1,5763.0,0.05,5475.0,19.1,2.7,0
ORD-03560,2025-06-20,Friday,17,Mostrador,Frecuente,Pastelería,Tostada dulce,2,1519.0,0.0,3038.0,6.0,5.0,0
ORD-04343,2025-06-20,Friday,17,Delivery,Nuevo,Desayuno,Avocado toast,1,4592.0,0.15,3903.0,18.8,5.0,0
ORD-06005,2025-06-20,Friday,17,Mostrador,Habitual,Desayuno,Combo desayuno,1,4002.0,0.0,4002.0,5.4,4.6,0
ORD-01499,2025-06-20,Friday,18,Mostrador,Habitual,Desayuno,Yogur + granola,1,3820.0,0.05,3629.0,7.7,4.4,0
ORD-02644,2025-06-20,Friday,18,Mostrador,Nuevo,Café,Flat White,2,1829.0,0.0,3659.0,3.4,4.7,0
ORD-04180,2025-06-20,Friday,19,Takeaway,Nuevo,Café,Latte,1,1892.0,0.05,1798.0,6.4,4.8,0
ORD-06285,2025-06-20,Friday,19,Mostrador,Frecuente,Almuerzo,Tostado,3,5761.0,0.0,17284.0,8.0,4.3,1
ORD-00054,2025-06-20,Friday,20,Takeaway,Frecuente,Pastelería,Croissant,1,1620.0,0.0,1620.0,9.2,4.7,1
ORD-01968,2025-06-21,Saturday,8,Takeaway,Frecuente,Café,Flat White,1,1721.0,0.0,1721.0,13.0,5.0,1
ORD-01102,2025-06-21,Saturday,9,Mostrador,Habitual,Desayuno,Avocado toast,1,4586.0,0.0,4586.0,4.5,4.3,0
ORD-02976,2025-06-21,Saturday,9,Mostrador,Frecuente,Desayuno,Combo desayuno,2,4016.0,0.1,7229.0,6.2,4.4,0
ORD-00124,2025-06-21,Saturday,10,Mostrador,Nuevo,Desayuno,Yogur + granola,1,4470.0,0.0,4470.0,7.6,4.2,0
ORD-01712,2025-06-21,Saturday,10,Mostrador,Habitual,Bebidas frías,Limonada,1,2627.0,0.15,2233.0,9.1,4.6,1
ORD-06061,2025-06-21,Saturday,11,Takeaway,Nuevo,Almuerzo,Wrap,1,4952.0,0.0,4952.0,5.0,4.4,0
ORD-00070,2025-06-21,Saturday,12,Delivery,Nuevo,Café,Latte,1,1654.0,0.0,1654.0,21.6,4.2,0
ORD-05942,2025-06-21,Saturday,12,Mostrador,Frecuente,Café,Latte,2,1901.0,0.0,3801.0,7.2,5.0,0
ORD-00367,2025-06-21,Saturday,13,Delivery,Nuevo,Desayuno,Yogur + granola,3,4614.0,0.0,13841.0,19.1,3.7,0
ORD-04707,2025-06-21,Saturday,13,Mostrador,Habitual,Café,Flat White,1,1713.0,0.05,1627.0,8.3,4.1,0
ORD-05907,2025-06-21,Saturday,14,Mostrador,Nuevo,Café,Latte,2,1641.0,0.0,3281.0,8.8,4.1,0
ORD-01697,2025-06-21,Saturday,15,Takeaway,Nuevo,Pastelería,Medialuna,1,1743.0,0.0,1743.0,9.6,4.5,0
ORD-02549,2025-06-21,Saturday,15,Mostrador,Habitual,Bebidas frías,Limonada,1,2620.0,0.0,2620.0,6.0,4.5,0
ORD-05769,2025-06-21,Saturday,16,Mostrador,Frecuente,Almuerzo,Tostado,1,5119.0,0.0,5119.0,4.3,5.0,0
ORD-02454,2025-06-21,Saturday,17,Delivery,Frecuente,Café,Espresso,1,1680.0,0.05,1596.0,23.7,4.4,0
ORD-04417,2025-06-21,Saturday,17,Mostrador,Habitual,Bebidas frías,Licuado,1,2744.0,0.05,2606.0,5.0,4.8,0
ORD-04485,2025-06-21,Saturday,17,Mostrador,Frecuente,Café,Espresso,2,2005.0,0.05,3810.0,7.7,4.8,0
ORD-01431,2025-06-21,Saturday,19,Mostrador,Habitual,Bebidas frías,Licuado,1,3038.0,0.0,3038.0,2.0,5.0,1
ORD-03139,2025-06-21,Saturday,20,Delivery,Habitual,Café,Americano,3,1695.0,0.15,4321.0,18.2,3.7,0
ORD-05491,2025-06-22,Sunday,7,Takeaway,Nuevo,Pastelería,Tostada dulce,1,1403.0,0.0,1403.0,11.6,4.8,0
ORD-06500,2025-06-22,Sunday,10,Takeaway,Nuevo,Café,Americano,1,1780.0,0.0,1780.0,10.3,4.2,0
ORD-00290,2025-06-22,Sunday,12,Mostrador,Nuevo,Café,Flat White,1,1807.0,0.05,1716.0,7.0,5.0,0
ORD-02913,2025-06-22,Sunday,12,Mostrador,Nuevo,Café,Flat White,1,1731.0,0.1,1558.0,9.9,5.0,0
ORD-03938,2025-06-22,Sunday,12,Mostrador,Habitual,Pastelería,Budín,1,1885.0,0.0,1885.0,9.7,4.3,0
ORD-03410,2025-06-22,Sunday,13,Mostrador,Habitual,Café,Cortado,1,1596.0,0.0,1596.0,9.7,4.2,0
ORD-05992,2025-06-22,Sunday,14,Mostrador,Nuevo,Desayuno,Combo desayuno,1,3768.0,0.0,3768.0,7.3,3.6,1
ORD-02395,2025-06-22,Sunday,15,Mostrador,Habitual,Desayuno,Avocado toast,3,4381.0,0.0,13144.0,3.6,4.7,0
ORD-05348,2025-06-22,Sunday,15,Takeaway,Nuevo,Pastelería,Cookie,3,1505.0,0.1,4062.0,5.6,4.5,0
ORD-00109,2025-06-22,Sunday,16,Mostrador,Habitual,Desayuno,Avocado toast,1,4543.0,0.0,4543.0,5.5,4.1,0
ORD-02026,2025-06-22,Sunday,16,Mostrador,Habitual,Café,Flat White,1,1715.0,0.15,1458.0,3.5,4.6,0
ORD-04606,2025-06-22,Sunday,17,Takeaway,Nuevo,Pastelería,Budín,1,1767.0,0.0,1767.0,6.0,4.6,1
ORD-01789,2025-06-22,Sunday,18,Takeaway,Habitual,Bebidas frías,Limonada,2,2684.0,0.05,5100.0,8.1,4.1,1
ORD-03123,2025-06-22,Sunday,20,Mostrador,Nuevo,Almuerzo,Bagel,1,4710.0,0.0,4710.0,6.9,4.3,1
ORD-03636,2025-06-22,Sunday,20,Mostrador,Habitual,Café,Cortado,1,1795.0,0.0,1795.0,3.5,5.0,1
ORD-05354,2025-06-22,Sunday,20,Mostrador,Habitual,Pastelería,Croissant,3,1716.0,0.0,5149.0,2.0,5.0,0
ORD-05872,2025-06-22,Sunday,20,Mostrador,Frecuente,Bebidas frías,Cold brew,1,2604.0,0.0,2604.0,2.0,5.0,1
ORD-02459,2025-06-23,Monday,8,Mostrador,Nuevo,Bebidas frías,Cold brew,1,2518.0,0.0,2518.0,10.6,4.9,0
ORD-00709,2025-06-23,Monday,9,Mostrador,Habitual,Almuerzo,Ensalada,2,4631.0,0.0,9262.0,11.5,4.6,0
ORD-04116,2025-06-23,Monday,9,Mostrador,Habitual,Almuerzo,Tostado,1,5036.0,0.0,5036.0,13.8,4.0,0
ORD-05133,2025-06-23,Monday,9,Mostrador,Nuevo,Café,Americano,3,1866.0,0.0,5598.0,8.2,5.0,0
ORD-00974,2025-06-23,Monday,10,Mostrador,Nuevo,Café,Espresso,2,1670.0,0.0,3340.0,6.2,5.0,0
ORD-03451,2025-06-23,Monday,11,Takeaway,Frecuente,Café,Latte,3,1883.0,0.0,5649.0,9.6,5.0,0
ORD-05857,2025-06-23,Monday,11,Mostrador,Habitual,Pastelería,Budín,2,1635.0,0.0,3270.0,4.1,4.8,1
ORD-01420,2025-06-23,Monday,12,Takeaway,Habitual,Desayuno,Combo desayuno,2,4073.0,0.0,8146.0,5.1,4.7,1
ORD-02239,2025-06-23,Monday,13,Delivery,Nuevo,Desayuno,Combo desayuno,3,3821.0,0.05,10891.0,23.9,3.8,1
ORD-02456,2025-06-23,Monday,13,Takeaway,Nuevo,Pastelería,Medialuna,1,1612.0,0.0,1612.0,11.3,4.9,0
ORD-02980,2025-06-23,Monday,13,Takeaway,Frecuente,Café,Latte,3,1768.0,0.0,5304.0,8.8,4.4,1
ORD-06046,2025-06-23,Monday,13,Takeaway,Habitual,Pastelería,Cookie,2,1630.0,0.05,3097.0,15.4,4.6,0
ORD-01541,2025-06-23,Monday,14,Takeaway,Nuevo,Bebidas frías,Cold brew,1,2840.0,0.0,2840.0,6.9,4.9,0
ORD-03498,2025-06-23,Monday,14,Mostrador,Nuevo,Pastelería,Budín,1,1500.0,0.0,1500.0,5.3,4.6,0
ORD-05147,2025-06-23,Monday,14,Mostrador,Nuevo,Café,Latte,2,1709.0,0.1,3076.0,8.0,5.0,0
ORD-00519,2025-06-23,Monday,15,Takeaway,Nuevo,Pastelería,Cookie,1,1432.0,0.0,1432.0,6.0,4.1,0
ORD-05631,2025-06-23,Monday,16,Mostrador,Frecuente,Almuerzo,Tostado,2,5313.0,0.0,10626.0,7.1,4.5,1
ORD-05561,2025-06-23,Monday,17,Takeaway,Nuevo,Almuerzo,Tostado,3,5267.0,0.0,15801.0,7.8,4.9,0
ORD-00076,2025-06-23,Monday,18,Mostrador,Nuevo,Pastelería,Cookie,1,1490.0,0.0,1490.0,2.8,5.0,0
ORD-00944,2025-06-23,Monday,18,Mostrador,Nuevo,Café,Espresso,3,1964.0,0.15,5009.0,7.1,4.5,0
ORD-03874,2025-06-23,Monday,18,Delivery,Frecuente,Almuerzo,Bagel,1,4765.0,0.0,4765.0,19.2,3.7,1
ORD-03990,2025-06-23,Monday,18,Takeaway,Nuevo,Desayuno,Tostadas,2,4506.0,0.0,9011.0,6.2,4.2,1
ORD-02463,2025-06-23,Monday,20,Takeaway,Habitual,Café,Latte,1,1728.0,0.0,1728.0,5.5,4.4,1
ORD-06231,2025-06-23,Monday,20,Mostrador,Habitual,Bebidas frías,Cold brew,3,2433.0,0.0,7298.0,6.2,4.4,0
ORD-03056,2025-06-24,Tuesday,9,Mostrador,Habitual,Café,Cortado,3,1990.0,0.1,5374.0,8.1,4.6,1
ORD-04281,2025-06-24,Tuesday,9,Mostrador,Nuevo,Desayuno,Avocado toast,1,4089.0,0.0,4089.0,12.8,3.6,0
ORD-00785,2025-06-24,Tuesday,10,Mostrador,Habitual,Pastelería,Cookie,1,1619.0,0.0,1619.0,9.1,4.4,0
ORD-01799,2025-06-24,Tuesday,10,Mostrador,Nuevo,Desayuno,Tostadas,1,4121.0,0.0,4121.0,7.9,4.7,1
ORD-03138,2025-06-24,Tuesday,10,Mostrador,Nuevo,Pastelería,Croissant,1,1706.0,0.1,1535.0,8.5,4.7,0
ORD-03262,2025-06-24,Tuesday,10,Takeaway,Habitual,Café,Flat White,1,1867.0,0.0,1867.0,5.5,4.7,0
ORD-00622,2025-06-24,Tuesday,11,Mostrador,Nuevo,Desayuno,Avocado toast,1,3650.0,0.0,3650.0,7.8,5.0,0
ORD-01795,2025-06-24,Tuesday,11,Mostrador,Habitual,Bebidas frías,Iced latte,1,2877.0,0.0,2877.0,7.1,5.0,0
ORD-03971,2025-06-24,Tuesday,11,Mostrador,Nuevo,Café,Latte,2,2067.0,0.0,4134.0,6.5,4.2,0
ORD-00973,2025-06-24,Tuesday,12,Mostrador,Habitual,Café,Americano,2,1880.0,0.05,3571.0,9.8,5.0,0
ORD-03846,2025-06-24,Tuesday,12,Mostrador,Habitual,Café,Cortado,2,1732.0,0.1,3118.0,11.9,4.1,0
ORD-00768,2025-06-24,Tuesday,13,Takeaway,Habitual,Pastelería,Croissant,3,1801.0,0.0,5402.0,16.1,4.9,0
ORD-04453,2025-06-24,Tuesday,14,Delivery,Nuevo,Desayuno,Avocado toast,1,3743.0,0.0,3743.0,25.4,3.3,0
ORD-02769,2025-06-24,Tuesday,16,Mostrador,Habitual,Café,Latte,2,1656.0,0.15,2815.0,5.8,4.7,1
ORD-06349,2025-06-24,Tuesday,16,Mostrador,Habitual,Desayuno,Tostadas,3,4102.0,0.0,12306.0,3.2,4.8,0
ORD-02960,2025-06-24,Tuesday,18,Mostrador,Habitual,Bebidas frías,Iced latte,1,2765.0,0.1,2489.0,5.6,4.8,0
ORD-04726,2025-06-24,Tuesday,19,Takeaway,Nuevo,Almuerzo,Wrap,1,5069.0,0.05,4816.0,7.7,4.3,0
ORD-01202,2025-06-24,Tuesday,20,Delivery,Habitual,Café,Cortado,2,1775.0,0.05,3372.0,18.3,4.6,1
ORD-01101,2025-06-25,Wednesday,11,Mostrador,Frecuente,Café,Flat White,3,1660.0,0.05,4730.0,6.4,5.0,0
ORD-03855,2025-06-25,Wednesday,12,Mostrador,Frecuente,Almuerzo,Tostado,1,5222.0,0.05,4961.0,9.0,5.0,1
ORD-04890,2025-06-25,Wednesday,12,Delivery,Nuevo,Bebidas frías,Licuado,1,2546.0,0.0,2546.0,21.7,3.6,1
ORD-01932,2025-06-25,Wednesday,13,Mostrador,Frecuente,Café,Americano,1,1816.0,0.0,1816.0,7.1,3.9,1
ORD-03072,2025-06-25,Wednesday,13,Mostrador,Habitual,Pastelería,Budín,1,1742.0,0.0,1742.0,10.6,4.6,1
ORD-03427,2025-06-25,Wednesday,13,Mostrador,Habitual,Desayuno,Combo desayuno,1,4405.0,0.0,4405.0,7.4,4.0,0
ORD-00644,2025-06-25,Wednesday,14,Mostrador,Nuevo,Café,Espresso,1,1727.0,0.0,1727.0,8.5,4.4,0
ORD-01808,2025-06-25,Wednesday,14,Delivery,Nuevo,Pastelería,Croissant,1,1679.0,0.0,1679.0,20.1,4.5,0
ORD-02686,2025-06-25,Wednesday,14,Mostrador,Nuevo,Almuerzo,Wrap,1,5402.0,0.0,5402.0,13.9,4.2,0
ORD-04895,2025-06-25,Wednesday,15,Mostrador,Habitual,Almuerzo,Wrap,2,5215.0,0.0,10430.0,3.9,3.9,0
ORD-03923,2025-06-25,Wednesday,16,Mostrador,Frecuente,Desayuno,Yogur + granola,1,4681.0,0.05,4446.0,5.2,5.0,1
ORD-02178,2025-06-25,Wednesday,17,Takeaway,Habitual,Bebidas frías,Iced latte,1,2917.0,0.0,2917.0,9.4,5.0,0
ORD-03656,2025-06-25,Wednesday,17,Mostrador,Habitual,Bebidas frías,Cold brew,1,2928.0,0.05,2782.0,5.4,4.0,0
ORD-04112,2025-06-25,Wednesday,17,Takeaway,Habitual,Café,Espresso,1,1723.0,0.1,1551.0,9.6,4.9,1
ORD-01508,2025-06-25,Wednesday,20,Mostrador,Frecuente,Bebidas frías,Cold brew,1,2721.0,0.0,2721.0,6.3,5.0,1
ORD-05809,2025-06-26,Thursday,8,Mostrador,Habitual,Almuerzo,Bagel,1,5173.0,0.0,5173.0,9.4,4.0,1
ORD-00276,2025-06-26,Thursday,13,Mostrador,Habitual,Pastelería,Medialuna,1,1364.0,0.1,1228.0,8.1,4.6,1
ORD-01146,2025-06-26,Thursday,13,Delivery,Habitual,Bebidas frías,Limonada,1,2595.0,0.0,2595.0,22.7,3.4,1
ORD-01517,2025-06-26,Thursday,15,Mostrador,Nuevo,Pastelería,Budín,1,1426.0,0.05,1355.0,2.0,4.3,0
ORD-02844,2025-06-26,Thursday,15,Mostrador,Nuevo,Almuerzo,Ensalada,1,4764.0,0.0,4764.0,3.9,5.0,0
ORD-06460,2025-06-26,Thursday,15,Mostrador,Nuevo,Café,Espresso,2,2025.0,0.0,4050.0,3.7,4.8,0
ORD-06311,2025-06-26,Thursday,16,Mostrador,Frecuente,Almuerzo,Ensalada,1,4936.0,0.0,4936.0,5.5,4.5,1
ORD-04355,2025-06-26,Thursday,19,Delivery,Nuevo,Pastelería,Budín,1,1384.0,0.0,1384.0,19.8,4.0,0
ORD-04428,2025-06-26,Thursday,20,Takeaway,Nuevo,Desayuno,Yogur + granola,1,4234.0,0.05,4022.0,8.2,4.3,0
ORD-00282,2025-06-27,Friday,7,Takeaway,Habitual,Café,Flat White,1,1801.0,0.1,1621.0,7.1,4.8,0
ORD-01031,2025-06-27,Friday,7,Mostrador,Habitual,Café,Espresso,1,1811.0,0.0,1811.0,3.4,5.0,0
ORD-04608,2025-06-27,Friday,11,Delivery,Nuevo,Café,Americano,1,1989.0,0.05,1890.0,12.3,3.3,0
ORD-02958,2025-06-27,Friday,12,Mostrador,Habitual,Almuerzo,Tostado,1,5387.0,0.0,5387.0,12.5,4.6,0
ORD-05379,2025-06-27,Friday,13,Mostrador,Frecuente,Desayuno,Yogur + granola,1,4492.0,0.0,4492.0,7.1,4.2,0
ORD-06387,2025-06-27,Friday,15,Delivery,Nuevo,Café,Cortado,2,1692.0,0.0,3383.0,15.0,4.2,0
ORD-02416,2025-06-27,Friday,16,Mostrador,Nuevo,Pastelería,Budín,1,1772.0,0.0,1772.0,6.0,3.9,0
ORD-04830,2025-06-27,Friday,20,Mostrador,Frecuente,Pastelería,Tostada dulce,1,1542.0,0.0,1542.0,6.7,4.8,1
ORD-04014,2025-06-28,Saturday,7,Mostrador,Habitual,Almuerzo,Bagel,2,5630.0,0.0,11261.0,6.4,5.0,0
ORD-04473,2025-06-28,Saturday,8,Delivery,Frecuente,Café,Cortado,1,1779.0,0.0,1779.0,25.5,3.8,1
ORD-01244,2025-06-28,Saturday,9,Mostrador,Nuevo,Café,Flat White,3,1778.0,0.1,4801.0,8.1,5.0,0
ORD-00651,2025-06-28,Saturday,10,Delivery,Habitual,Café,Latte,1,1663.0,0.0,1663.0,22.5,3.4,1
ORD-01116,2025-06-28,Saturday,10,Mostrador,Nuevo,Café,Flat White,2,2091.0,0.0,4182.0,4.9,5.0,0
ORD-04561,2025-06-28,Saturday,10,Mostrador,Habitual,Desayuno,Yogur + granola,2,4207.0,0.0,8415.0,7.9,4.8,0
ORD-01492,2025-06-28,Saturday,11,Mostrador,Frecuente,Almuerzo,Tostado,1,5321.0,0.0,5321.0,3.6,4.9,1
ORD-04217,2025-06-28,Saturday,11,Mostrador,Frecuente,Almuerzo,Tostado,2,5172.0,0.0,10344.0,5.6,4.8,1
ORD-03015,2025-06-28,Saturday,13,Mostrador,Habitual,Café,Americano,2,1768.0,0.0,3537.0,2.4,4.6,0
ORD-06103,2025-06-28,Saturday,13,Takeaway,Nuevo,Café,Americano,1,1877.0,0.0,1877.0,8.4,4.7,0
ORD-00444,2025-06-28,Saturday,14,Mostrador,Nuevo,Café,Flat White,1,1701.0,0.0,1701.0,8.4,4.7,0
ORD-00729,2025-06-28,Saturday,14,Mostrador,Nuevo,Bebidas frías,Cold brew,1,2557.0,0.0,2557.0,5.8,5.0,0
ORD-06025,2025-06-28,Saturday,15,Mostrador,Habitual,Café,Espresso,2,1822.0,0.0,3644.0,4.8,4.9,0
ORD-02156,2025-06-28,Saturday,16,Takeaway,Frecuente,Almuerzo,Ensalada,1,6053.0,0.1,5448.0,6.9,4.1,1
ORD-04714,2025-06-28,Saturday,16,Mostrador,Nuevo,Café,Espresso,1,1818.0,0.0,1818.0,7.1,4.1,0
ORD-00284,2025-06-29,Sunday,10,Mostrador,Frecuente,Bebidas frías,Limonada,1,2885.0,0.0,2885.0,7.3,5.0,0
ORD-00718,2025-06-29,Sunday,10,Mostrador,Nuevo,Pastelería,Medialuna,2,1733.0,0.0,3465.0,8.3,4.9,0
ORD-03141,2025-06-29,Sunday,10,Takeaway,Nuevo,Café,Latte,1,1716.0,0.05,1630.0,12.1,4.6,1
ORD-04415,2025-06-29,Sunday,10,Mostrador,Frecuente,Bebidas frías,Cold brew,3,2479.0,0.0,7438.0,7.5,5.0,0
ORD-05330,2025-06-29,Sunday,10,Mostrador,Habitual,Café,Espresso,2,1728.0,0.0,3456.0,8.1,4.8,1
ORD-03644,2025-06-29,Sunday,11,Mostrador,Habitual,Pastelería,Medialuna,3,1380.0,0.0,4139.0,7.5,4.8,0
ORD-05226,2025-06-29,Sunday,11,Takeaway,Frecuente,Café,Americano,1,1785.0,0.0,1785.0,2.7,4.7,0
ORD-03709,2025-06-29,Sunday,13,Takeaway,Habitual,Café,Espresso,1,1707.0,0.05,1621.0,11.3,4.4,0
ORD-06366,2025-06-29,Sunday,13,Mostrador,Nuevo,Almuerzo,Ensalada,1,4783.0,0.0,4783.0,10.7,5.0,1
ORD-00563,2025-06-29,Sunday,14,Mostrador,Habitual,Almuerzo,Tostado,1,5261.0,0.05,4998.0,12.4,5.0,1
ORD-02298,2025-06-29,Sunday,15,Mostrador,Nuevo,Almuerzo,Ensalada,3,5826.0,0.0,17479.0,3.4,5.0,0
ORD-04293,2025-06-29,Sunday,15,Takeaway,Habitual,Bebidas frías,Iced latte,1,3023.0,0.0,3023.0,9.6,4.1,0
ORD-05209,2025-06-29,Sunday,15,Delivery,Habitual,Almuerzo,Ensalada,2,5456.0,0.0,10912.0,16.3,5.0,0
ORD-05604,2025-06-29,Sunday,15,Takeaway,Frecuente,Pastelería,Cookie,1,1501.0,0.0,1501.0,9.0,5.0,0
ORD-00235,2025-06-29,Sunday,16,Takeaway,Nuevo,Bebidas frías,Iced latte,1,2567.0,0.1,2310.0,9.9,4.6,0
ORD-01918,2025-06-29,Sunday,16,Delivery,Frecuente,Almuerzo,Bagel,3,4591.0,0.0,13774.0,19.0,2.9,1
ORD-05775,2025-06-29,Sunday,16,Takeaway,Nuevo,Desayuno,Avocado toast,1,4203.0,0.0,4203.0,13.2,5.0,1
ORD-01477,2025-06-29,Sunday,17,Mostrador,Frecuente,Café,Espresso,1,1729.0,0.1,1556.0,7.4,3.9,0
ORD-02739,2025-06-29,Sunday,19,Delivery,Nuevo,Pastelería,Medialuna,2,1511.0,0.0,3022.0,19.2,3.4,0
ORD-00203,2025-06-30,Monday,7,Takeaway,Habitual,Café,Cortado,3,1896.0,0.0,5687.0,9.7,4.4,1
ORD-00185,2025-06-30,Monday,9,Delivery,Habitual,Café,Latte,1,1842.0,0.0,1842.0,23.2,3.7,0
ORD-01814,2025-06-30,Monday,10,Mostrador,Habitual,Pastelería,Croissant,2,1625.0,0.0,3249.0,13.7,4.9,1
ORD-05232,2025-06-30,Monday,10,Takeaway,Nuevo,Almuerzo,Wrap,3,5316.0,0.0,15947.0,10.7,4.6,0
ORD-01519,2025-06-30,Monday,11,Mostrador,Nuevo,Café,Americano,2,1727.0,0.0,3454.0,2.0,4.2,0
ORD-03140,2025-06-30,Monday,11,Mostrador,Nuevo,Café,Latte,1,1597.0,0.0,1597.0,5.2,5.0,1
ORD-04573,2025-06-30,Monday,12,Delivery,Nuevo,Almuerzo,Bagel,2,5167.0,0.0,10335.0,19.5,3.2,0
ORD-01120,2025-06-30,Monday,13,Delivery,Nuevo,Café,Flat White,2,1724.0,0.0,3448.0,17.2,4.0,0
ORD-03660,2025-06-30,Monday,13,Mostrador,Habitual,Café,Cortado,2,1757.0,0.0,3514.0,6.4,5.0,0
ORD-05675,2025-06-30,Monday,13,Mostrador,Nuevo,Desayuno,Combo desayuno,1,4556.0,0.05,4328.0,4.1,4.5,0
ORD-06112,2025-06-30,Monday,13,Delivery,Nuevo,Bebidas frías,Cold brew,1,3042.0,0.0,3042.0,23.7,3.2,0
ORD-02540,2025-06-30,Monday,14,Mostrador,Nuevo,Almuerzo,Ensalada,1,4986.0,0.0,4986.0,8.0,4.5,0
ORD-02977,2025-06-30,Monday,14,Delivery,Habitual,Café,Latte,2,1811.0,0.0,3621.0,22.0,3.7,0
ORD-03450,2025-06-30,Monday,14,Mostrador,Nuevo,Desayuno,Yogur + granola,2,4174.0,0.0,8349.0,10.2,4.8,1
ORD-00252,2025-06-30,Monday,15,Takeaway,Habitual,Café,Espresso,1,1906.0,0.0,1906.0,8.5,4.8,0
ORD-03842,2025-06-30,Monday,15,Takeaway,Frecuente,Almuerzo,Wrap,1,5576.0,0.05,5297.0,3.3,5.0,0
ORD-04196,2025-06-30,Monday,15,Takeaway,Nuevo,Pastelería,Medialuna,1,1574.0,0.0,1574.0,7.1,4.6,0
ORD-01018,2025-06-30,Monday,17,Mostrador,Frecuente,Café,Espresso,2,1588.0,0.1,2858.0,9.0,5.0,1
ORD-01549,2025-06-30,Monday,18,Takeaway,Nuevo,Café,Flat White,1,1954.0,0.0,1954.0,4.0,5.0,0
ORD-01353,2025-06-30,Monday,20,Takeaway,Habitual,Café,Cortado,1,1711.0,0.0,1711.0,10.1,4.1,0
ORD-05000,2025-07-01,Tuesday,8,Delivery,Nuevo,Almuerzo,Bagel,2,4780.0,0.0,9560.0,17.8,4.1,0
ORD-02948,2025-07-01,Tuesday,10,Takeaway,Nuevo,Desayuno,Combo desayuno,1,3939.0,0.0,3939.0,5.0,4.3,0
ORD-04638,2025-07-01,Tuesday,11,Mostrador,Habitual,Café,Espresso,1,1821.0,0.0,1821.0,3.9,3.7,0
ORD-01356,2025-07-01,Tuesday,12,Mostrador,Frecuente,Pastelería,Medialuna,2,1862.0,0.0,3725.0,10.0,4.3,0
ORD-02664,2025-07-01,Tuesday,12,Delivery,Habitual,Almuerzo,Bagel,2,5422.0,0.0,10844.0,20.8,4.7,1
ORD-05193,2025-07-01,Tuesday,12,Takeaway,Habitual,Café,Cortado,3,1822.0,0.0,5467.0,10.7,5.0,0
ORD-05973,2025-07-01,Tuesday,12,Delivery,Habitual,Café,Latte,3,1791.0,0.0,5374.0,17.1,4.2,0
ORD-03116,2025-07-01,Tuesday,13,Delivery,Habitual,Bebidas frías,Licuado,1,2901.0,0.05,2756.0,20.5,4.3,0
ORD-04660,2025-07-01,Tuesday,13,Takeaway,Habitual,Almuerzo,Wrap,1,5229.0,0.05,4968.0,9.8,5.0,0
ORD-05389,2025-07-01,Tuesday,14,Takeaway,Nuevo,Bebidas frías,Iced latte,1,2758.0,0.05,2620.0,12.6,4.4,1
ORD-02011,2025-07-01,Tuesday,15,Mostrador,Nuevo,Almuerzo,Bagel,2,5285.0,0.0,10571.0,2.0,4.4,0
ORD-02642,2025-07-01,Tuesday,15,Mostrador,Habitual,Desayuno,Yogur + granola,2,4190.0,0.0,8381.0,7.0,4.9,1
ORD-04363,2025-07-01,Tuesday,15,Mostrador,Nuevo,Café,Americano,1,1638.0,0.05,1556.0,7.5,4.9,0
ORD-05347,2025-07-01,Tuesday,15,Takeaway,Habitual,Desayuno,Yogur + granola,2,3926.0,0.0,7852.0,7.9,4.8,1
ORD-00055,2025-07-01,Tuesday,16,Mostrador,Frecuente,Bebidas frías,Limonada,2,2554.0,0.05,4852.0,3.9,4.8,0
ORD-04883,2025-07-01,Tuesday,17,Takeaway,Frecuente,Café,Flat White,1,1846.0,0.0,1846.0,5.0,5.0,0
ORD-05007,2025-07-01,Tuesday,17,Mostrador,Habitual,Café,Cortado,2,1789.0,0.0,3577.0,4.2,4.3,1
ORD-05498,2025-07-01,Tuesday,18,Mostrador,Nuevo,Almuerzo,Wrap,2,5003.0,0.1,9005.0,7.1,5.0,0
ORD-00183,2025-07-01,Tuesday,20,Mostrador,Habitual,Almuerzo,Wrap,1,4543.0,0.0,4543.0,3.9,4.9,1
ORD-05264,2025-07-01,Tuesday,20,Takeaway,Habitual,Café,Flat White,2,1559.0,0.05,2962.0,5.3,4.3,0
ORD-01162,2025-07-02,Wednesday,8,Takeaway,Nuevo,Bebidas frías,Limonada,3,2660.0,0.0,7981.0,12.4,4.3,0
ORD-05352,2025-07-02,Wednesday,8,Mostrador,Habitual,Pastelería,Cookie,3,1558.0,0.0,4673.0,9.5,3.8,1
ORD-00406,2025-07-02,Wednesday,9,Mostrador,Nuevo,Almuerzo,Bagel,2,5334.0,0.0,10667.0,9.2,3.9,1
ORD-05104,2025-07-02,Wednesday,11,Mostrador,Frecuente,Desayuno,Yogur + granola,1,3974.0,0.0,3974.0,6.0,5.0,0
ORD-00405,2025-07-02,Wednesday,12,Mostrador,Habitual,Café,Flat White,1,1805.0,0.0,1805.0,12.4,4.7,0
ORD-03638,2025-07-02,Wednesday,12,Takeaway,Nuevo,Desayuno,Tostadas,1,4350.0,0.05,4132.0,8.7,4.7,0
ORD-03706,2025-07-02,Wednesday,14,Mostrador,Nuevo,Bebidas frías,Iced latte,1,2641.0,0.05,2509.0,12.3,4.4,0
ORD-00453,2025-07-02,Wednesday,15,Mostrador,Habitual,Café,Flat White,2,1776.0,0.1,3196.0,8.6,4.5,0
ORD-02254,2025-07-02,Wednesday,15,Delivery,Habitual,Café,Espresso,2,1947.0,0.0,3893.0,20.6,3.6,1
ORD-00180,2025-07-02,Wednesday,17,Mostrador,Habitual,Café,Flat White,1,1553.0,0.0,1553.0,3.3,5.0,0
ORD-02538,2025-07-02,Wednesday,17,Takeaway,Habitual,Café,Latte,3,1784.0,0.05,5086.0,3.5,4.7,0
ORD-04716,2025-07-02,Wednesday,17,Takeaway,Nuevo,Desayuno,Combo desayuno,1,4101.0,0.05,3896.0,6.0,4.8,1
ORD-02597,2025-07-02,Wednesday,19,Mostrador,Nuevo,Bebidas frías,Limonada,1,2645.0,0.05,2513.0,9.2,5.0,0
ORD-00021,2025-07-02,Wednesday,20,Mostrador,Frecuente,Bebidas frías,Cold brew,2,2563.0,0.0,5125.0,6.4,4.8,0
ORD-04825,2025-07-02,Wednesday,20,Mostrador,Habitual,Café,Latte,2,1834.0,0.0,3667.0,4.9,4.2,1
ORD-04134,2025-07-03,Thursday,8,Mostrador,Habitual,Almuerzo,Ensalada,1,5294.0,0.0,5294.0,10.3,4.7,0
ORD-01091,2025-07-03,Thursday,10,Takeaway,Habitual,Desayuno,Avocado toast,1,4227.0,0.0,4227.0,11.9,5.0,1
ORD-03927,2025-07-03,Thursday,10,Mostrador,Habitual,Desayuno,Yogur + granola,2,4114.0,0.0,8229.0,8.3,4.2,0
ORD-04126,2025-07-03,Thursday,10,Mostrador,Nuevo,Café,Espresso,1,1951.0,0.0,1951.0,6.9,5.0,0
ORD-01379,2025-07-03,Thursday,11,Mostrador,Frecuente,Bebidas frías,Iced latte,2,2779.0,0.0,5557.0,6.3,4.9,1
ORD-03374,2025-07-03,Thursday,13,Delivery,Nuevo,Café,Flat White,2,1667.0,0.0,3333.0,23.0,4.3,1
ORD-04085,2025-07-03,Thursday,13,Takeaway,Frecuente,Café,Flat White,3,1681.0,0.0,5044.0,10.6,5.0,0
ORD-04340,2025-07-03,Thursday,13,Mostrador,Nuevo,Café,Americano,1,1734.0,0.0,1734.0,4.8,4.8,0
ORD-00667,2025-07-03,Thursday,14,Mostrador,Nuevo,Café,Latte,2,1712.0,0.1,3082.0,7.5,4.6,0
ORD-01008,2025-07-03,Thursday,14,Mostrador,Habitual,Café,Cortado,1,1720.0,0.0,1720.0,8.6,4.3,0
ORD-01737,2025-07-03,Thursday,15,Delivery,Habitual,Café,Espresso,1,1735.0,0.05,1648.0,19.5,3.9,0
ORD-04797,2025-07-03,Thursday,16,Mostrador,Habitual,Pastelería,Medialuna,1,1833.0,0.0,1833.0,6.2,5.0,0
ORD-04346,2025-07-03,Thursday,18,Mostrador,Nuevo,Desayuno,Yogur + granola,2,3880.0,0.0,7760.0,5.3,5.0,0
ORD-05434,2025-07-03,Thursday,18,Takeaway,Nuevo,Almuerzo,Bagel,1,5529.0,0.05,5253.0,4.7,5.0,1
ORD-01053,2025-07-03,Thursday,20,Takeaway,Habitual,Desayuno,Avocado toast,3,4610.0,0.1,12446.0,6.4,5.0,1
ORD-00629,2025-07-04,Friday,7,Mostrador,Frecuente,Café,Latte,1,1994.0,0.0,1994.0,4.5,4.1,0
ORD-04270,2025-07-04,Friday,7,Takeaway,Frecuente,Almuerzo,Bagel,3,5092.0,0.0,15277.0,6.2,4.1,0
ORD-00556,2025-07-04,Friday,10,Takeaway,Nuevo,Bebidas frías,Iced latte,1,2800.0,0.0,2800.0,9.7,3.4,0
ORD-00876,2025-07-04,Friday,10,Takeaway,Frecuente,Bebidas frías,Licuado,2,2862.0,0.0,5723.0,11.9,5.0,0
ORD-02251,2025-07-04,Friday,10,Mostrador,Nuevo,Pastelería,Cookie,1,1628.0,0.0,1628.0,10.9,4.6,0
ORD-03012,2025-07-04,Friday,10,Mostrador,Habitual,Desayuno,Yogur + granola,3,4415.0,0.0,13245.0,8.2,5.0,0
ORD-04140,2025-07-04,Friday,11,Mostrador,Nuevo,Desayuno,Combo desayuno,3,4314.0,0.0,12942.0,3.3,4.8,1
ORD-00115,2025-07-04,Friday,12,Mostrador,Nuevo,Café,Latte,2,1801.0,0.0,3601.0,6.1,4.6,0
ORD-02685,2025-07-04,Friday,12,Takeaway,Habitual,Almuerzo,Wrap,2,5165.0,0.0,10330.0,12.7,3.6,0
ORD-03129,2025-07-04,Friday,12,Takeaway,Habitual,Desayuno,Combo desayuno,3,4516.0,0.0,13548.0,13.2,4.5,1
ORD-04173,2025-07-04,Friday,12,Mostrador,Habitual,Almuerzo,Wrap,2,4902.0,0.0,9805.0,9.8,4.4,1
ORD-00159,2025-07-04,Friday,14,Mostrador,Nuevo,Almuerzo,Bagel,2,5375.0,0.0,10751.0,8.7,4.8,0
ORD-01767,2025-07-04,Friday,14,Delivery,Habitual,Bebidas frías,Iced latte,2,2920.0,0.0,5839.0,18.6,4.2,0
ORD-02350,2025-07-04,Friday,14,Takeaway,Frecuente,Pastelería,Cookie,1,1706.0,0.0,1706.0,11.5,4.1,1
ORD-05950,2025-07-04,Friday,14,Mostrador,Frecuente,Almuerzo,Bagel,1,5669.0,0.0,5669.0,7.1,4.9,0
ORD-00420,2025-07-04,Friday,15,Mostrador,Habitual,Desayuno,Combo desayuno,2,4388.0,0.0,8775.0,2.0,5.0,0
ORD-03377,2025-07-04,Friday,15,Takeaway,Nuevo,Almuerzo,Tostado,3,5296.0,0.0,15887.0,5.4,4.5,0
ORD-01152,2025-07-04,Friday,16,Mostrador,Frecuente,Almuerzo,Ensalada,2,5332.0,0.0,10663.0,9.4,4.7,1
ORD-02715,2025-07-04,Friday,16,Takeaway,Habitual,Pastelería,Cookie,3,1679.0,0.05,4786.0,8.7,4.7,0
ORD-06119,2025-07-04,Friday,17,Mostrador,Nuevo,Desayuno,Combo desayuno,2,4231.0,0.0,8461.0,4.1,4.3,0
ORD-03376,2025-07-04,Friday,19,Mostrador,Habitual,Café,Americano,1,1839.0,0.0,1839.0,2.9,5.0,0
ORD-06271,2025-07-04,Friday,19,Mostrador,Nuevo,Café,Americano,2,1719.0,0.05,3266.0,4.4,4.6,1
ORD-03762,2025-07-04,Friday,20,Mostrador,Frecuente,Bebidas frías,Iced latte,3,2752.0,0.0,8257.0,6.4,4.5,0
ORD-04962,2025-07-04,Friday,20,Takeaway,Habitual,Café,Espresso,1,1648.0,0.0,1648.0,12.2,4.9,0
ORD-05533,2025-07-04,Friday,20,Delivery,Frecuente,Desayuno,Combo desayuno,1,3694.0,0.0,3694.0,16.8,4.3,0
ORD-00897,2025-07-05,Saturday,8,Mostrador,Frecuente,Almuerzo,Wrap,1,4857.0,0.05,4614.0,8.8,4.8,0
ORD-01217,2025-07-05,Saturday,10,Mostrador,Nuevo,Café,Flat White,2,1753.0,0.05,3332.0,8.8,5.0,0
ORD-01618,2025-07-05,Saturday,11,Takeaway,Habitual,Café,Americano,1,1794.0,0.0,1794.0,6.4,4.9,0
ORD-02066,2025-07-05,Saturday,13,Takeaway,Frecuente,Almuerzo,Tostado,1,4640.0,0.05,4408.0,8.3,4.6,0
ORD-05515,2025-07-05,Saturday,13,Mostrador,Nuevo,Almuerzo,Tostado,1,4982.0,0.15,4235.0,8.8,4.6,0
ORD-06360,2025-07-05,Saturday,13,Delivery,Nuevo,Café,Cortado,1,1811.0,0.0,1811.0,24.9,3.5,0
ORD-00940,2025-07-05,Saturday,14,Delivery,Habitual,Café,Latte,2,1859.0,0.0,3718.0,21.0,4.4,0
ORD-01051,2025-07-05,Saturday,14,Mostrador,Nuevo,Café,Americano,1,1856.0,0.0,1856.0,12.1,3.8,0
ORD-01241,2025-07-05,Saturday,14,Takeaway,Habitual,Almuerzo,Tostado,2,5329.0,0.1,9593.0,9.8,4.0,0
ORD-02952,2025-07-05,Saturday,14,Takeaway,Nuevo,Desayuno,Yogur + granola,2,4253.0,0.0,8506.0,11.5,3.5,0
ORD-04169,2025-07-05,Saturday,14,Mostrador,Habitual,Café,Latte,2,1717.0,0.05,3262.0,4.7,4.4,0
ORD-01490,2025-07-05,Saturday,15,Mostrador,Habitual,Desayuno,Tostadas,2,4370.0,0.15,7429.0,8.6,4.4,0
ORD-05082,2025-07-05,Saturday,15,Mostrador,Frecuente,Café,Cortado,1,1861.0,0.0,1861.0,6.7,4.5,0
ORD-00445,2025-07-05,Saturday,16,Mostrador,Habitual,Bebidas frías,Licuado,1,2591.0,0.0,2591.0,4.1,4.5,1
ORD-04395,2025-07-05,Saturday,16,Mostrador,Nuevo,Almuerzo,Bagel,1,5323.0,0.0,5323.0,9.2,3.8,1
ORD-02901,2025-07-05,Saturday,17,Mostrador,Nuevo,Pastelería,Budín,3,1636.0,0.0,4909.0,2.4,5.0,0
ORD-03903,2025-07-05,Saturday,20,Mostrador,Habitual,Bebidas frías,Cold brew,1,2700.0,0.0,2700.0,4.9,4.6,0
ORD-04536,2025-07-05,Saturday,20,Mostrador,Nuevo,Pastelería,Medialuna,1,1456.0,0.0,1456.0,8.0,4.5,0
ORD-05413,2025-07-05,Saturday,20,Takeaway,Nuevo,Desayuno,Combo desayuno,1,3621.0,0.1,3259.0,8.2,4.7,0
ORD-02313,2025-07-06,Sunday,9,Takeaway,Habitual,Café,Cortado,2,1869.0,0.0,3738.0,9.7,5.0,0
ORD-04396,2025-07-06,Sunday,11,Takeaway,Nuevo,Café,Flat White,3,1443.0,0.0,4329.0,6.7,5.0,0
ORD-05442,2025-07-06,Sunday,12,Mostrador,Nuevo,Pastelería,Tostada dulce,1,1735.0,0.0,1735.0,8.0,5.0,0
ORD-03995,2025-07-06,Sunday,14,Mostrador,Nuevo,Almuerzo,Wrap,1,5093.0,0.05,4838.0,8.6,4.6,1
ORD-05080,2025-07-06,Sunday,14,Delivery,Nuevo,Pastelería,Tostada dulce,1,1618.0,0.0,1618.0,19.1,4.2,0
ORD-03940,2025-07-06,Sunday,15,Mostrador,Habitual,Pastelería,Cookie,1,1636.0,0.1,1472.0,5.4,3.9,0
ORD-05380,2025-07-06,Sunday,18,Mostrador,Habitual,Café,Cortado,2,1768.0,0.1,3183.0,2.8,5.0,0
ORD-02743,2025-07-06,Sunday,20,Mostrador,Habitual,Desayuno,Tostadas,1,4415.0,0.1,3974.0,7.9,5.0,0
ORD-02959,2025-07-07,Monday,8,Mostrador,Habitual,Café,Espresso,3,1893.0,0.0,5679.0,6.9,4.5,0
ORD-00344,2025-07-07,Monday,9,Takeaway,Nuevo,Café,Latte,2,1882.0,0.0,3764.0,12.1,5.0,0
ORD-00017,2025-07-07,Monday,11,Mostrador,Frecuente,Desayuno,Yogur + granola,1,3738.0,0.05,3551.0,5.0,5.0,0
ORD-01442,2025-07-07,Monday,11,Mostrador,Habitual,Café,Latte,3,1937.0,0.0,5810.0,5.2,4.4,1
ORD-05065,2025-07-07,Monday,11,Mostrador,Habitual,Almuerzo,Ensalada,3,5268.0,0.1,14224.0,10.2,5.0,1
ORD-01296,2025-07-07,Monday,12,Takeaway,Nuevo,Café,Cortado,2,1583.0,0.0,3166.0,10.7,4.8,0
ORD-01680,2025-07-07,Monday,12,Delivery,Nuevo,Almuerzo,Ensalada,1,5152.0,0.0,5152.0,19.4,3.7,0
ORD-04109,2025-07-07,Monday,12,Mostrador,Nuevo,Café,Americano,1,2030.0,0.15,1725.0,9.5,4.9,1
ORD-00608,2025-07-07,Monday,13,Takeaway,Habitual,Almuerzo,Bagel,2,5249.0,0.0,10498.0,11.5,4.7,0
ORD-03311,2025-07-07,Monday,13,Mostrador,Habitual,Café,Latte,1,1807.0,0.0,1807.0,4.5,4.9,0
ORD-05556,2025-07-07,Monday,14,Takeaway,Nuevo,Almuerzo,Wrap,1,4843.0,0.0,4843.0,9.0,5.0,0
ORD-02811,2025-07-07,Monday,15,Mostrador,Habitual,Pastelería,Budín,1,1683.0,0.0,1683.0,3.8,4.8,0
ORD-03657,2025-07-07,Monday,16,Mostrador,Frecuente,Desayuno,Avocado toast,1,4361.0,0.0,4361.0,6.8,4.5,0
ORD-03665,2025-07-07,Monday,16,Mostrador,Nuevo,Café,Flat White,1,2014.0,0.0,2014.0,4.7,4.8,0
ORD-01000,2025-07-07,Monday,17,Mostrador,Nuevo,Almuerzo,Bagel,1,5836.0,0.1,5253.0,4.0,5.0,0
ORD-06469,2025-07-07,Monday,18,Takeaway,Frecuente,Café,Flat White,1,1623.0,0.0,1623.0,2.0,4.6,0
ORD-05861,2025-07-07,Monday,20,Mostrador,Habitual,Pastelería,Tostada dulce,2,1419.0,0.0,2839.0,6.3,4.9,0
ORD-05459,2025-07-08,Tuesday,8,Mostrador,Nuevo,Café,Latte,2,2079.0,0.1,3742.0,6.3,5.0,0
ORD-01207,2025-07-08,Tuesday,10,Delivery,Habitual,Almuerzo,Tostado,1,4422.0,0.0,4422.0,19.9,4.2,0
ORD-01165,2025-07-08,Tuesday,12,Delivery,Habitual,Desayuno,Avocado toast,2,4188.0,0.0,8376.0,21.8,3.9,0
ORD-02264,2025-07-08,Tuesday,12,Mostrador,Habitual,Café,Americano,1,1691.0,0.0,1691.0,3.3,5.0,0
ORD-02876,2025-07-08,Tuesday,12,Takeaway,Habitual,Almuerzo,Wrap,1,6143.0,0.0,6143.0,8.4,5.0,0
ORD-03654,2025-07-08,Tuesday,12,Takeaway,Habitual,Café,Latte,1,1857.0,0.0,1857.0,18.3,4.8,1
ORD-00549,2025-07-08,Tuesday,13,Takeaway,Habitual,Pastelería,Croissant,1,1629.0,0.0,1629.0,9.9,4.5,0
ORD-01460,2025-07-08,Tuesday,13,Mostrador,Nuevo,Almuerzo,Bagel,1,5729.0,0.0,5729.0,6.3,4.8,0
ORD-03421,2025-07-08,Tuesday,13,Delivery,Habitual,Café,Americano,2,1944.0,0.0,3889.0,23.2,3.9,0
ORD-00717,2025-07-08,Tuesday,14,Mostrador,Nuevo,Pastelería,Tostada dulce,2,1529.0,0.0,3058.0,9.0,3.9,0
ORD-00803,2025-07-08,Tuesday,14,Delivery,Habitual,Almuerzo,Wrap,2,5294.0,0.0,10589.0,20.3,4.2,1
ORD-05441,2025-07-08,Tuesday,14,Mostrador,Nuevo,Café,Latte,1,1705.0,0.0,1705.0,9.3,4.5,0
ORD-01720,2025-07-08,Tuesday,15,Takeaway,Nuevo,Café,Cortado,2,1824.0,0.0,3647.0,11.5,4.8,0
ORD-04064,2025-07-08,Tuesday,15,Takeaway,Habitual,Pastelería,Cookie,1,1651.0,0.0,1651.0,5.6,4.5,0
ORD-04685,2025-07-08,Tuesday,15,Mostrador,Habitual,Pastelería,Croissant,1,1775.0,0.0,1775.0,9.3,4.1,1
ORD-01583,2025-07-08,Tuesday,16,Mostrador,Nuevo,Pastelería,Medialuna,1,1435.0,0.0,1435.0,6.4,4.7,0
ORD-01916,2025-07-08,Tuesday,16,Takeaway,Nuevo,Café,Americano,2,1722.0,0.1,3100.0,2.0,5.0,0
ORD-05825,2025-07-08,Tuesday,16,Mostrador,Habitual,Almuerzo,Tostado,1,5761.0,0.0,5761.0,2.0,5.0,1
ORD-05128,2025-07-08,Tuesday,18,Mostrador,Nuevo,Café,Americano,1,1839.0,0.05,1747.0,3.2,4.6,0
ORD-01686,2025-07-09,Wednesday,10,Mostrador,Frecuente,Pastelería,Medialuna,2,1788.0,0.0,3575.0,3.9,5.0,0
ORD-03244,2025-07-09,Wednesday,10,Mostrador,Nuevo,Café,Latte,1,1806.0,0.0,1806.0,9.1,4.1,0
ORD-04948,2025-07-09,Wednesday,11,Takeaway,Nuevo,Almuerzo,Tostado,1,5161.0,0.0,5161.0,9.3,4.4,1
ORD-05085,2025-07-09,Wednesday,11,Delivery,Frecuente,Bebidas frías,Limonada,2,2727.0,0.0,5454.0,18.3,3.9,1
ORD-01010,2025-07-09,Wednesday,12,Delivery,Nuevo,Desayuno,Tostadas,2,4424.0,0.0,8849.0,17.4,4.0,0
ORD-02714,2025-07-09,Wednesday,12,Mostrador,Habitual,Café,Latte,2,1753.0,0.0,3506.0,10.1,4.7,0
ORD-00701,2025-07-09,Wednesday,13,Mostrador,Nuevo,Bebidas frías,Licuado,1,2685.0,0.0,2685.0,9.1,4.2,0
ORD-05910,2025-07-09,Wednesday,13,Takeaway,Frecuente,Desayuno,Tostadas,1,4228.0,0.0,4228.0,14.2,4.9,0
ORD-03901,2025-07-09,Wednesday,14,Takeaway,Nuevo,Pastelería,Budín,2,1439.0,0.0,2879.0,11.9,4.2,0
ORD-06466,2025-07-09,Wednesday,14,Takeaway,Habitual,Desayuno,Combo desayuno,2,4245.0,0.0,8491.0,8.7,4.5,1
ORD-03809,2025-07-09,Wednesday,15,Delivery,Habitual,Desayuno,Yogur + granola,1,4204.0,0.15,3573.0,17.5,3.4,0
ORD-04000,2025-07-09,Wednesday,15,Mostrador,Frecuente,Pastelería,Medialuna,1,1531.0,0.0,1531.0,4.3,4.6,1
ORD-00366,2025-07-09,Wednesday,16,Mostrador,Habitual,Almuerzo,Wrap,2,5280.0,0.15,8976.0,3.3,5.0,0
ORD-01015,2025-07-09,Wednesday,16,Takeaway,Frecuente,Almuerzo,Ensalada,3,5541.0,0.1,14960.0,6.7,4.4,0
ORD-02133,2025-07-09,Wednesday,17,Takeaway,Habitual,Café,Americano,1,1717.0,0.0,1717.0,2.4,4.4,1
ORD-04222,2025-07-09,Wednesday,17,Mostrador,Habitual,Bebidas frías,Iced latte,1,2680.0,0.0,2680.0,6.2,4.4,1
ORD-04311,2025-07-09,Wednesday,19,Mostrador,Nuevo,Bebidas frías,Licuado,1,3153.0,0.0,3153.0,8.4,4.3,0
ORD-02950,2025-07-09,Wednesday,20,Mostrador,Frecuente,Pastelería,Croissant,1,1476.0,0.1,1328.0,4.9,4.4,0
ORD-00449,2025-07-10,Thursday,7,Takeaway,Habitual,Almuerzo,Ensalada,1,6047.0,0.0,6047.0,2.0,5.0,0
ORD-03337,2025-07-10,Thursday,7,Mostrador,Habitual,Café,Americano,1,1972.0,0.1,1775.0,4.1,5.0,0
ORD-00893,2025-07-10,Thursday,8,Takeaway,Nuevo,Desayuno,Combo desayuno,1,4587.0,0.1,4128.0,9.5,4.0,1
ORD-04032,2025-07-10,Thursday,9,Delivery,Nuevo,Desayuno,Tostadas,2,4489.0,0.1,8079.0,22.0,3.9,0
ORD-05270,2025-07-10,Thursday,9,Mostrador,Nuevo,Bebidas frías,Iced latte,2,2702.0,0.0,5405.0,9.0,5.0,1
ORD-00679,2025-07-10,Thursday,10,Mostrador,Habitual,Café,Americano,1,1732.0,0.0,1732.0,8.6,4.5,1
ORD-00712,2025-07-10,Thursday,10,Takeaway,Nuevo,Almuerzo,Wrap,1,6059.0,0.0,6059.0,14.6,3.8,0
ORD-02777,2025-07-10,Thursday,10,Takeaway,Habitual,Café,Espresso,1,1781.0,0.0,1781.0,8.7,5.0,0
ORD-05205,2025-07-10,Thursday,11,Takeaway,Habitual,Bebidas frías,Iced latte,1,2969.0,0.0,2969.0,7.9,5.0,0
ORD-02432,2025-07-10,Thursday,13,Takeaway,Habitual,Desayuno,Yogur + granola,1,4326.0,0.0,4326.0,11.2,4.6,0
ORD-03867,2025-07-10,Thursday,13,Mostrador,Frecuente,Pastelería,Tostada dulce,2,1758.0,0.0,3517.0,9.5,4.1,0
ORD-05659,2025-07-10,Thursday,13,Mostrador,Habitual,Desayuno,Combo desayuno,1,4011.0,0.1,3609.0,10.1,4.3,0
ORD-00296,2025-07-10,Thursday,14,Mostrador,Habitual,Pastelería,Medialuna,1,1656.0,0.0,1656.0,8.7,4.6,0
ORD-02732,2025-07-10,Thursday,14,Takeaway,Habitual,Desayuno,Combo desayuno,2,4046.0,0.1,7283.0,10.9,4.2,0
ORD-03957,2025-07-10,Thursday,14,Mostrador,Habitual,Bebidas frías,Licuado,1,2600.0,0.0,2600.0,6.7,4.6,0
ORD-04614,2025-07-10,Thursday,14,Mostrador,Habitual,Café,Latte,3,1746.0,0.05,4976.0,6.2,4.4,1
ORD-02477,2025-07-10,Thursday,15,Mostrador,Frecuente,Almuerzo,Tostado,1,4541.0,0.0,4541.0,5.1,4.5,0
ORD-03552,2025-07-10,Thursday,15,Delivery,Nuevo,Desayuno,Avocado toast,3,4058.0,0.0,12174.0,17.7,4.3,0
ORD-05633,2025-07-10,Thursday,15,Delivery,Nuevo,Almuerzo,Tostado,1,5238.0,0.0,5238.0,18.5,3.6,0
ORD-05677,2025-07-10,Thursday,16,Delivery,Habitual,Pastelería,Medialuna,1,1716.0,0.0,1716.0,18.5,4.0,0
ORD-01849,2025-07-10,Thursday,17,Takeaway,Frecuente,Almuerzo,Tostado,1,5440.0,0.0,5440.0,7.3,4.4,0
ORD-03392,2025-07-10,Thursday,17,Mostrador,Nuevo,Pastelería,Budín,3,1696.0,0.0,5088.0,2.0,5.0,0
ORD-04740,2025-07-10,Thursday,18,Mostrador,Habitual,Café,Latte,1,1722.0,0.0,1722.0,7.5,3.9,1
ORD-04512,2025-07-10,Thursday,19,Takeaway,Habitual,Bebidas frías,Iced latte,3,2417.0,0.0,7250.0,7.8,4.5,0
ORD-01800,2025-07-10,Thursday,20,Takeaway,Nuevo,Pastelería,Cookie,2,1617.0,0.0,3234.0,9.6,4.1,1
ORD-04992,2025-07-10,Thursday,20,Mostrador,Frecuente,Desayuno,Combo desayuno,1,4547.0,0.0,4547.0,9.5,4.7,0
ORD-01074,2025-07-11,Friday,8,Mostrador,Nuevo,Café,Americano,3,1877.0,0.0,5630.0,9.1,4.5,0
ORD-05724,2025-07-11,Friday,8,Delivery,Nuevo,Café,Flat White,1,1600.0,0.0,1600.0,24.1,3.6,0
ORD-05727,2025-07-11,Friday,8,Mostrador,Habitual,Café,Latte,1,1843.0,0.0,1843.0,11.9,4.1,0
ORD-01195,2025-07-11,Friday,9,Delivery,Nuevo,Almuerzo,Ensalada,1,4759.0,0.0,4759.0,19.1,3.5,0
ORD-05520,2025-07-11,Friday,9,Mostrador,Nuevo,Desayuno,Avocado toast,2,4287.0,0.1,7716.0,9.9,4.8,0
ORD-02029,2025-07-11,Friday,10,Mostrador,Nuevo,Café,Cortado,1,1803.0,0.05,1713.0,5.4,5.0,0
ORD-05435,2025-07-11,Friday,11,Delivery,Nuevo,Café,Espresso,2,1868.0,0.0,3736.0,17.3,4.0,0
ORD-00578,2025-07-11,Friday,12,Mostrador,Nuevo,Café,Americano,3,1758.0,0.0,5273.0,12.5,5.0,1
ORD-01665,2025-07-11,Friday,12,Delivery,Frecuente,Pastelería,Cookie,1,1455.0,0.0,1455.0,21.6,3.5,0
ORD-03937,2025-07-11,Friday,12,Mostrador,Habitual,Café,Espresso,2,1903.0,0.0,3807.0,9.0,4.7,1
ORD-04549,2025-07-11,Friday,13,Mostrador,Frecuente,Pastelería,Tostada dulce,3,1583.0,0.0,4750.0,8.1,4.5,0
ORD-01859,2025-07-11,Friday,14,Mostrador,Habitual,Desayuno,Tostadas,1,4236.0,0.0,4236.0,9.1,4.4,1
ORD-05915,2025-07-11,Friday,14,Mostrador,Frecuente,Café,Latte,1,1923.0,0.0,1923.0,6.3,4.6,0
ORD-03469,2025-07-11,Friday,15,Takeaway,Nuevo,Bebidas frías,Limonada,2,2748.0,0.0,5496.0,6.3,4.7,1
ORD-05517,2025-07-11,Friday,17,Mostrador,Habitual,Pastelería,Cookie,2,1376.0,0.0,2752.0,6.1,4.7,0
ORD-02489,2025-07-11,Friday,19,Delivery,Habitual,Café,Cortado,2,1920.0,0.0,3840.0,20.7,4.2,0
ORD-06409,2025-07-11,Friday,19,Delivery,Frecuente,Desayuno,Yogur + granola,2,4025.0,0.0,8050.0,15.8,4.3,0
ORD-01311,2025-07-11,Friday,20,Mostrador,Nuevo,Café,Flat White,2,2084.0,0.05,3960.0,5.1,4.7,0
ORD-03360,2025-07-12,Saturday,7,Mostrador,Habitual,Café,Espresso,1,1760.0,0.0,1760.0,4.3,4.4,0
ORD-01957,2025-07-12,Saturday,8,Mostrador,Nuevo,Almuerzo,Bagel,1,5162.0,0.0,5162.0,8.9,5.0,1
ORD-03738,2025-07-12,Saturday,8,Mostrador,Habitual,Desayuno,Tostadas,3,4246.0,0.0,12737.0,8.1,4.8,0
ORD-00011,2025-07-12,Saturday,9,Delivery,Nuevo,Café,Latte,1,1791.0,0.0,1791.0,23.5,3.7,1
ORD-03265,2025-07-12,Saturday,10,Mostrador,Habitual,Café,Espresso,1,1814.0,0.0,1814.0,6.1,4.8,0
ORD-03646,2025-07-12,Saturday,10,Delivery,Habitual,Almuerzo,Bagel,3,5419.0,0.05,15445.0,18.8,4.6,1
ORD-05593,2025-07-12,Saturday,10,Mostrador,Habitual,Desayuno,Avocado toast,1,4660.0,0.0,4660.0,11.8,4.2,1
ORD-03728,2025-07-12,Saturday,11,Takeaway,Habitual,Café,Latte,1,1785.0,0.0,1785.0,5.4,5.0,0
ORD-03773,2025-07-12,Saturday,12,Mostrador,Habitual,Café,Americano,2,1790.0,0.05,3401.0,10.6,4.2,0
ORD-05225,2025-07-12,Saturday,12,Mostrador,Nuevo,Desayuno,Avocado toast,1,4628.0,0.0,4628.0,6.9,4.6,1
ORD-06029,2025-07-12,Saturday,12,Takeaway,Habitual,Café,Flat White,2,1952.0,0.1,3513.0,12.0,4.2,0
ORD-04920,2025-07-12,Saturday,13,Mostrador,Habitual,Desayuno,Yogur + granola,1,4382.0,0.0,4382.0,4.2,5.0,1
ORD-02609,2025-07-12,Saturday,14,Delivery,Habitual,Café,Americano,1,2006.0,0.0,2006.0,20.8,3.0,0
ORD-04813,2025-07-12,Saturday,14,Delivery,Habitual,Pastelería,Medialuna,1,1681.0,0.0,1681.0,16.8,3.9,0
ORD-02518,2025-07-12,Saturday,15,Mostrador,Frecuente,Bebidas frías,Cold brew,2,2385.0,0.0,4770.0,2.7,4.2,1
ORD-05090,2025-07-12,Saturday,16,Mostrador,Nuevo,Café,Cortado,1,1732.0,0.0,1732.0,6.9,4.9,1
ORD-03539,2025-07-12,Saturday,17,Mostrador,Habitual,Almuerzo,Ensalada,1,5506.0,0.05,5231.0,3.6,4.8,1
ORD-04219,2025-07-12,Saturday,17,Mostrador,Habitual,Bebidas frías,Licuado,3,2987.0,0.0,8962.0,3.8,5.0,1
ORD-04836,2025-07-12,Saturday,17,Mostrador,Habitual,Pastelería,Croissant,1,1448.0,0.0,1448.0,10.5,4.1,1
ORD-00997,2025-07-12,Saturday,18,Mostrador,Nuevo,Café,Latte,2,1451.0,0.15,2467.0,2.0,5.0,1
ORD-04370,2025-07-12,Saturday,18,Mostrador,Habitual,Pastelería,Tostada dulce,1,1479.0,0.0,1479.0,3.9,4.5,0
ORD-05067,2025-07-12,Saturday,19,Takeaway,Frecuente,Café,Flat White,1,1947.0,0.1,1753.0,8.2,5.0,0
ORD-05559,2025-07-12,Saturday,19,Takeaway,Habitual,Desayuno,Combo desayuno,1,4870.0,0.05,4627.0,3.1,5.0,1
ORD-01392,2025-07-13,Sunday,7,Mostrador,Habitual,Bebidas frías,Cold brew,3,2625.0,0.05,7482.0,5.3,4.5,1
ORD-01902,2025-07-13,Sunday,9,Mostrador,Frecuente,Café,Latte,3,1669.0,0.05,4757.0,11.0,4.6,0
ORD-01164,2025-07-13,Sunday,10,Takeaway,Habitual,Café,Espresso,1,1603.0,0.0,1603.0,8.5,4.3,1
ORD-01991,2025-07-13,Sunday,10,Mostrador,Nuevo,Pastelería,Cookie,2,1464.0,0.0,2927.0,15.9,4.0,0
ORD-01147,2025-07-13,Sunday,11,Mostrador,Frecuente,Café,Americano,1,1665.0,0.15,1415.0,3.2,5.0,0
ORD-01501,2025-07-13,Sunday,11,Mostrador,Nuevo,Pastelería,Tostada dulce,1,1506.0,0.0,1506.0,6.4,4.8,0
ORD-02048,2025-07-13,Sunday,11,Mostrador,Habitual,Pastelería,Medialuna,2,1596.0,0.0,3193.0,5.1,5.0,1
ORD-00507,2025-07-13,Sunday,12,Delivery,Frecuente,Café,Americano,3,2017.0,0.0,6052.0,20.5,4.0,0
ORD-01920,2025-07-13,Sunday,12,Takeaway,Habitual,Almuerzo,Wrap,2,4694.0,0.0,9387.0,12.5,4.2,0
ORD-03478,2025-07-13,Sunday,12,Mostrador,Habitual,Café,Espresso,3,1936.0,0.05,5517.0,7.7,4.8,0
ORD-04152,2025-07-13,Sunday,12,Takeaway,Habitual,Desayuno,Avocado toast,1,4317.0,0.0,4317.0,12.1,4.4,0
ORD-02411,2025-07-13,Sunday,13,Mostrador,Nuevo,Desayuno,Combo desayuno,1,4725.0,0.15,4016.0,10.9,4.8,0
ORD-02949,2025-07-13,Sunday,14,Takeaway,Frecuente,Almuerzo,Ensalada,1,5478.0,0.0,5478.0,13.9,5.0,0
ORD-05758,2025-07-13,Sunday,14,Takeaway,Habitual,Bebidas frías,Limonada,2,3190.0,0.0,6379.0,11.0,3.9,1
ORD-06143,2025-07-13,Sunday,14,Mostrador,Habitual,Desayuno,Avocado toast,2,4831.0,0.0,9662.0,9.4,4.0,0
ORD-00488,2025-07-13,Sunday,16,Mostrador,Habitual,Bebidas frías,Limonada,2,3115.0,0.05,5918.0,6.3,5.0,0
ORD-00995,2025-07-13,Sunday,16,Takeaway,Nuevo,Almuerzo,Tostado,1,5558.0,0.0,5558.0,7.3,4.4,1
ORD-01299,2025-07-13,Sunday,16,Mostrador,Frecuente,Desayuno,Yogur + granola,1,4232.0,0.0,4232.0,4.3,4.5,0
ORD-02539,2025-07-13,Sunday,17,Delivery,Habitual,Bebidas frías,Limonada,3,2953.0,0.1,7972.0,17.9,3.9,0
ORD-04058,2025-07-13,Sunday,17,Mostrador,Nuevo,Café,Cortado,1,1631.0,0.0,1631.0,6.4,4.7,0
ORD-05476,2025-07-13,Sunday,19,Mostrador,Nuevo,Café,Americano,1,1739.0,0.05,1652.0,4.5,4.9,1
ORD-03044,2025-07-13,Sunday,20,Mostrador,Nuevo,Café,Latte,1,1845.0,0.0,1845.0,6.3,5.0,0
ORD-01553,2025-07-14,Monday,8,Delivery,Habitual,Pastelería,Budín,2,1588.0,0.0,3176.0,23.2,3.3,0
ORD-00747,2025-07-14,Monday,9,Mostrador,Nuevo,Bebidas frías,Limonada,1,2850.0,0.0,2850.0,12.9,4.5,0
ORD-03017,2025-07-14,Monday,9,Mostrador,Habitual,Bebidas frías,Cold brew,3,2533.0,0.0,7598.0,5.2,4.3,0
ORD-03496,2025-07-14,Monday,9,Delivery,Habitual,Desayuno,Tostadas,1,3707.0,0.05,3521.0,21.5,3.1,0
ORD-02310,2025-07-14,Monday,10,Mostrador,Habitual,Almuerzo,Bagel,1,5389.0,0.0,5389.0,7.6,4.2,1
ORD-04819,2025-07-14,Monday,10,Mostrador,Habitual,Café,Cortado,1,1944.0,0.0,1944.0,9.9,4.6,0
ORD-05404,2025-07-14,Monday,10,Mostrador,Nuevo,Almuerzo,Tostado,2,4589.0,0.05,8719.0,9.3,4.5,1
ORD-05505,2025-07-14,Monday,10,Mostrador,Habitual,Desayuno,Avocado toast,1,4009.0,0.0,4009.0,7.5,4.9,0
ORD-05826,2025-07-14,Monday,10,Mostrador,Nuevo,Pastelería,Croissant,1,1725.0,0.0,1725.0,11.4,4.6,0
ORD-06015,2025-07-14,Monday,10,Mostrador,Frecuente,Desayuno,Yogur + granola,1,4130.0,0.0,4130.0,10.7,4.0,0
ORD-01341,2025-07-14,Monday,11,Mostrador,Nuevo,Almuerzo,Tostado,1,5264.0,0.0,5264.0,6.6,5.0,0
ORD-05018,2025-07-14,Monday,11,Mostrador,Nuevo,Café,Cortado,3,1739.0,0.0,5218.0,5.8,5.0,0
ORD-00351,2025-07-14,Monday,12,Delivery,Frecuente,Café,Latte,1,1797.0,0.0,1797.0,22.0,3.8,0
ORD-02593,2025-07-14,Monday,12,Mostrador,Habitual,Pastelería,Budín,2,1452.0,0.0,2905.0,8.3,4.4,0
ORD-03897,2025-07-14,Monday,12,Takeaway,Nuevo,Desayuno,Combo desayuno,2,3957.0,0.0,7915.0,11.2,3.7,0
ORD-04502,2025-07-14,Monday,12,Mostrador,Nuevo,Bebidas frías,Licuado,1,3017.0,0.0,3017.0,11.1,4.3,1
ORD-04272,2025-07-14,Monday,13,Mostrador,Nuevo,Café,Americano,2,1915.0,0.0,3830.0,10.1,4.8,0
ORD-04224,2025-07-14,Monday,14,Mostrador,Habitual,Bebidas frías,Cold brew,1,2510.0,0.0,2510.0,10.4,4.1,0
ORD-00656,2025-07-14,Monday,15,Mostrador,Habitual,Café,Espresso,1,1984.0,0.0,1984.0,4.4,4.9,1
ORD-01725,2025-07-14,Monday,15,Mostrador,Habitual,Bebidas frías,Limonada,1,2736.0,0.0,2736.0,8.2,4.7,1
ORD-02607,2025-07-14,Monday,15,Delivery,Nuevo,Desayuno,Yogur + granola,1,4130.0,0.05,3924.0,18.6,3.5,0
ORD-03777,2025-07-14,Monday,15,Takeaway,Habitual,Pastelería,Budín,1,1591.0,0.05,1512.0,4.4,4.7,0
ORD-01335,2025-07-14,Monday,16,Mostrador,Frecuente,Café,Espresso,1,1888.0,0.0,1888.0,4.3,5.0,1
ORD-05485,2025-07-14,Monday,17,Mostrador,Nuevo,Bebidas frías,Limonada,3,2796.0,0.05,7969.0,5.3,5.0,0
ORD-05597,2025-07-14,Monday,17,Mostrador,Frecuente,Café,Espresso,1,1797.0,0.0,1797.0,6.3,4.5,1
ORD-01669,2025-07-14,Monday,19,Takeaway,Nuevo,Desayuno,Tostadas,1,4553.0,0.15,3870.0,9.4,4.4,0
ORD-01958,2025-07-14,Monday,19,Mostrador,Nuevo,Bebidas frías,Cold brew,1,2973.0,0.05,2824.0,5.5,4.4,0
ORD-05709,2025-07-15,Tuesday,7,Mostrador,Habitual,Café,Latte,1,1780.0,0.0,1780.0,4.9,5.0,1
ORD-02766,2025-07-15,Tuesday,8,Takeaway,Nuevo,Pastelería,Tostada dulce,2,1594.0,0.0,3188.0,14.5,4.6,0
ORD-00606,2025-07-15,Tuesday,11,Takeaway,Nuevo,Pastelería,Croissant,1,1602.0,0.0,1602.0,5.8,4.2,0
ORD-04097,2025-07-15,Tuesday,12,Takeaway,Frecuente,Desayuno,Tostadas,1,4370.0,0.0,4370.0,10.1,4.0,0
ORD-00648,2025-07-15,Tuesday,13,Mostrador,Frecuente,Bebidas frías,Cold brew,1,2741.0,0.0,2741.0,10.5,4.8,0
ORD-00561,2025-07-15,Tuesday,15,Mostrador,Nuevo,Bebidas frías,Limonada,1,3013.0,0.0,3013.0,4.0,5.0,0
ORD-01901,2025-07-15,Tuesday,15,Mostrador,Nuevo,Almuerzo,Bagel,1,5374.0,0.0,5374.0,3.6,4.6,0
ORD-01922,2025-07-15,Tuesday,15,Takeaway,Habitual,Almuerzo,Bagel,2,5175.0,0.0,10350.0,4.6,4.8,1
ORD-02666,2025-07-15,Tuesday,15,Delivery,Nuevo,Café,Flat White,1,1702.0,0.0,1702.0,18.4,4.2,0
ORD-01636,2025-07-15,Tuesday,18,Mostrador,Habitual,Pastelería,Budín,1,1568.0,0.0,1568.0,3.1,5.0,1
ORD-02794,2025-07-15,Tuesday,20,Mostrador,Nuevo,Pastelería,Cookie,3,1703.0,0.0,5109.0,5.1,4.5,1
ORD-04888,2025-07-16,Wednesday,8,Mostrador,Habitual,Bebidas frías,Licuado,3,2520.0,0.0,7561.0,9.7,4.5,0
ORD-05581,2025-07-16,Wednesday,8,Takeaway,Frecuente,Café,Espresso,1,1644.0,0.0,1644.0,11.4,4.4,0
ORD-05895,2025-07-16,Wednesday,8,Takeaway,Habitual,Bebidas frías,Cold brew,2,2805.0,0.0,5610.0,11.1,5.0,1
ORD-06171,2025-07-16,Wednesday,8,Mostrador,Habitual,Desayuno,Yogur + granola,3,4121.0,0.0,12364.0,9.1,5.0,1
ORD-04523,2025-07-16,Wednesday,9,Delivery,Frecuente,Almuerzo,Ensalada,1,5759.0,0.05,5471.0,26.6,2.5,1
ORD-04480,2025-07-16,Wednesday,10,Mostrador,Frecuente,Pastelería,Medialuna,2,1483.0,0.0,2966.0,7.5,5.0,0
ORD-04828,2025-07-16,Wednesday,11,Mostrador,Habitual,Café,Americano,1,1675.0,0.0,1675.0,8.2,5.0,0
ORD-03679,2025-07-16,Wednesday,12,Mostrador,Frecuente,Desayuno,Yogur + granola,1,4315.0,0.0,4315.0,7.8,4.8,0
ORD-03111,2025-07-16,Wednesday,13,Mostrador,Nuevo,Almuerzo,Ensalada,2,4540.0,0.0,9081.0,7.1,4.3,0
ORD-04821,2025-07-16,Wednesday,13,Delivery,Nuevo,Bebidas frías,Iced latte,1,2929.0,0.1,2636.0,27.9,3.1,0
ORD-02139,2025-07-16,Wednesday,14,Takeaway,Habitual,Almuerzo,Bagel,1,5426.0,0.0,5426.0,10.5,3.9,0
ORD-02351,2025-07-16,Wednesday,14,Mostrador,Frecuente,Bebidas frías,Limonada,1,2348.0,0.0,2348.0,9.4,4.7,1
ORD-04912,2025-07-16,Wednesday,14,Mostrador,Habitual,Pastelería,Medialuna,1,1501.0,0.05,1426.0,6.0,4.6,1
ORD-06147,2025-07-16,Wednesday,14,Mostrador,Habitual,Almuerzo,Tostado,2,5086.0,0.0,10173.0,9.5,5.0,1
ORD-01140,2025-07-16,Wednesday,15,Mostrador,Habitual,Bebidas frías,Cold brew,1,2418.0,0.0,2418.0,5.8,5.0,0
ORD-02896,2025-07-16,Wednesday,15,Delivery,Nuevo,Bebidas frías,Licuado,1,2685.0,0.05,2550.0,15.2,3.8,1
ORD-00931,2025-07-16,Wednesday,16,Mostrador,Habitual,Almuerzo,Ensalada,1,5460.0,0.0,5460.0,7.0,4.6,1
ORD-03299,2025-07-16,Wednesday,16,Delivery,Habitual,Desayuno,Tostadas,2,4164.0,0.0,8328.0,21.5,3.2,0
ORD-03467,2025-07-16,Wednesday,16,Delivery,Nuevo,Almuerzo,Tostado,2,5334.0,0.0,10669.0,17.4,4.5,0
ORD-05759,2025-07-16,Wednesday,16,Mostrador,Habitual,Pastelería,Croissant,1,1556.0,0.0,1556.0,2.0,5.0,0
ORD-06443,2025-07-16,Wednesday,16,Delivery,Nuevo,Desayuno,Avocado toast,1,4304.0,0.0,4304.0,15.6,4.8,1
ORD-05061,2025-07-16,Wednesday,18,Delivery,Nuevo,Bebidas frías,Limonada,3,2646.0,0.0,7938.0,15.8,3.9,0
ORD-05576,2025-07-16,Wednesday,18,Mostrador,Nuevo,Café,Latte,1,1677.0,0.15,1425.0,2.7,4.8,0
ORD-06401,2025-07-16,Wednesday,18,Mostrador,Habitual,Almuerzo,Tostado,1,5323.0,0.05,5057.0,4.2,5.0,0
ORD-02336,2025-07-16,Wednesday,19,Takeaway,Nuevo,Café,Flat White,3,1561.0,0.1,4215.0,5.4,4.2,0
ORD-05317,2025-07-16,Wednesday,19,Takeaway,Nuevo,Desayuno,Combo desayuno,1,4358.0,0.0,4358.0,10.4,4.5,0
ORD-03345,2025-07-16,Wednesday,20,Mostrador,Habitual,Desayuno,Tostadas,2,4374.0,0.0,8749.0,3.7,4.8,1
ORD-04023,2025-07-17,Thursday,7,Takeaway,Habitual,Café,Espresso,2,1664.0,0.0,3328.0,7.9,4.1,0
ORD-00289,2025-07-17,Thursday,10,Mostrador,Nuevo,Pastelería,Croissant,1,1766.0,0.0,1766.0,12.1,4.7,0
ORD-06265,2025-07-17,Thursday,10,Mostrador,Habitual,Pastelería,Cookie,1,1604.0,0.0,1604.0,8.8,4.1,0
ORD-03979,2025-07-17,Thursday,11,Mostrador,Habitual,Café,Cortado,3,2109.0,0.0,6328.0,6.5,4.2,1
ORD-06254,2025-07-17,Thursday,11,Mostrador,Nuevo,Almuerzo,Bagel,1,4415.0,0.05,4194.0,2.0,5.0,0
ORD-01380,2025-07-17,Thursday,12,Takeaway,Frecuente,Almuerzo,Wrap,2,5365.0,0.0,10730.0,12.7,4.1,1
ORD-03341,2025-07-17,Thursday,12,Mostrador,Nuevo,Café,Espresso,2,1640.0,0.0,3281.0,8.8,4.6,0
ORD-06337,2025-07-17,Thursday,12,Mostrador,Habitual,Almuerzo,Wrap,2,4971.0,0.0,9942.0,7.6,5.0,1
ORD-00539,2025-07-17,Thursday,13,Mostrador,Habitual,Almuerzo,Tostado,1,5569.0,0.1,5012.0,8.1,5.0,0
ORD-02924,2025-07-17,Thursday,13,Takeaway,Nuevo,Café,Espresso,1,1702.0,0.0,1702.0,12.3,4.6,0
ORD-03637,2025-07-17,Thursday,13,Mostrador,Nuevo,Café,Latte,2,1814.0,0.0,3628.0,8.2,4.7,0
ORD-00877,2025-07-17,Thursday,14,Mostrador,Habitual,Café,Flat White,1,1742.0,0.0,1742.0,11.6,4.4,0
ORD-00927,2025-07-17,Thursday,15,Mostrador,Habitual,Desayuno,Tostadas,2,3753.0,0.0,7506.0,7.6,4.6,0
ORD-01848,2025-07-17,Thursday,15,Mostrador,Habitual,Desayuno,Combo desayuno,2,3683.0,0.0,7365.0,9.1,5.0,0
ORD-01259,2025-07-17,Thursday,16,Mostrador,Frecuente,Almuerzo,Bagel,2,5074.0,0.0,10149.0,6.6,5.0,0
ORD-04031,2025-07-17,Thursday,16,Mostrador,Habitual,Café,Flat White,1,1890.0,0.0,1890.0,8.3,4.8,0
ORD-02118,2025-07-17,Thursday,17,Takeaway,Habitual,Desayuno,Tostadas,2,3977.0,0.0,7953.0,3.6,5.0,1
ORD-02821,2025-07-17,Thursday,19,Takeaway,Frecuente,Pastelería,Tostada dulce,3,1850.0,0.0,5551.0,7.5,4.8,0
ORD-00917,2025-07-18,Friday,7,Mostrador,Habitual,Café,Americano,1,1843.0,0.0,1843.0,10.1,4.9,0
ORD-02137,2025-07-18,Friday,9,Delivery,Habitual,Bebidas frías,Licuado,1,2473.0,0.0,2473.0,22.4,4.1,0
ORD-05932,2025-07-18,Friday,9,Mostrador,Habitual,Desayuno,Tostadas,3,3821.0,0.0,11462.0,13.1,4.4,0
ORD-02154,2025-07-18,Friday,10,Mostrador,Habitual,Café,Cortado,3,1775.0,0.0,5324.0,5.1,4.4,1
ORD-00295,2025-07-18,Friday,12,Mostrador,Habitual,Bebidas frías,Cold brew,2,3008.0,0.0,6016.0,14.2,4.1,1
ORD-00305,2025-07-18,Friday,12,Takeaway,Habitual,Almuerzo,Bagel,1,4694.0,0.0,4694.0,10.7,4.8,0
ORD-00807,2025-07-18,Friday,12,Mostrador,Nuevo,Almuerzo,Tostado,1,5585.0,0.1,5026.0,8.9,3.9,0
ORD-05395,2025-07-18,Friday,12,Mostrador,Habitual,Café,Espresso,2,1912.0,0.0,3824.0,5.5,4.6,0
ORD-00789,2025-07-18,Friday,13,Mostrador,Nuevo,Café,Cortado,2,1794.0,0.1,3228.0,10.2,3.9,1
ORD-05789,2025-07-18,Friday,13,Takeaway,Habitual,Pastelería,Medialuna,1,1680.0,0.05,1596.0,9.8,4.1,0
ORD-03941,2025-07-18,Friday,14,Mostrador,Nuevo,Café,Cortado,1,1831.0,0.0,1831.0,7.4,4.1,0
ORD-04487,2025-07-18,Friday,16,Delivery,Frecuente,Almuerzo,Bagel,1,5492.0,0.0,5492.0,14.0,5.0,0
ORD-02836,2025-07-18,Friday,17,Mostrador,Nuevo,Pastelería,Croissant,1,1625.0,0.15,1381.0,4.9,4.8,0
ORD-05150,2025-07-18,Friday,17,Takeaway,Nuevo,Café,Espresso,1,1560.0,0.0,1560.0,6.6,4.6,0
ORD-05685,2025-07-18,Friday,17,Mostrador,Nuevo,Café,Cortado,1,1721.0,0.05,1635.0,7.9,4.4,0
ORD-02775,2025-07-18,Friday,18,Takeaway,Nuevo,Almuerzo,Tostado,1,5262.0,0.0,5262.0,5.4,5.0,0
ORD-04703,2025-07-18,Friday,18,Mostrador,Nuevo,Bebidas frías,Limonada,1,2903.0,0.0,2903.0,12.3,4.9,0
ORD-05102,2025-07-18,Friday,18,Takeaway,Nuevo,Desayuno,Yogur + granola,1,4096.0,0.05,3891.0,4.1,5.0,0
ORD-05267,2025-07-18,Friday,19,Mostrador,Frecuente,Almuerzo,Ensalada,1,5790.0,0.05,5501.0,4.1,4.5,1
ORD-03861,2025-07-18,Friday,20,Delivery,Habitual,Bebidas frías,Limonada,3,2500.0,0.0,7501.0,15.6,4.1,0
ORD-00057,2025-07-19,Saturday,8,Takeaway,Nuevo,Pastelería,Medialuna,3,1537.0,0.05,4380.0,12.1,4.9,1
ORD-03477,2025-07-19,Saturday,8,Takeaway,Habitual,Desayuno,Yogur + granola,3,3590.0,0.0,10769.0,13.3,4.5,0
ORD-03758,2025-07-19,Saturday,8,Takeaway,Nuevo,Desayuno,Yogur + granola,1,4039.0,0.0,4039.0,9.4,4.2,0
ORD-02834,2025-07-19,Saturday,9,Takeaway,Habitual,Café,Espresso,1,1813.0,0.0,1813.0,5.5,4.4,0
ORD-00029,2025-07-19,Saturday,12,Takeaway,Nuevo,Almuerzo,Ensalada,2,5315.0,0.0,10630.0,12.0,4.7,0
ORD-04129,2025-07-19,Saturday,13,Takeaway,Nuevo,Desayuno,Tostadas,1,4411.0,0.0,4411.0,9.8,5.0,1
ORD-05665,2025-07-19,Saturday,13,Mostrador,Nuevo,Café,Americano,1,1809.0,0.0,1809.0,6.4,5.0,1
ORD-06178,2025-07-19,Saturday,13,Takeaway,Habitual,Bebidas frías,Cold brew,1,2855.0,0.05,2712.0,11.2,4.3,0
ORD-04096,2025-07-19,Saturday,14,Mostrador,Frecuente,Bebidas frías,Iced latte,1,2726.0,0.0,2726.0,11.1,3.5,1
ORD-02343,2025-07-19,Saturday,15,Mostrador,Frecuente,Pastelería,Croissant,1,1680.0,0.0,1680.0,5.9,5.0,1
ORD-03632,2025-07-19,Saturday,15,Mostrador,Habitual,Café,Americano,1,1619.0,0.0,1619.0,2.0,4.7,1
ORD-00983,2025-07-19,Saturday,16,Takeaway,Nuevo,Almuerzo,Bagel,1,4744.0,0.0,4744.0,6.2,4.9,0
ORD-00331,2025-07-19,Saturday,17,Mostrador,Nuevo,Almuerzo,Ensalada,3,5438.0,0.0,16314.0,6.0,4.3,0
ORD-02119,2025-07-19,Saturday,17,Mostrador,Nuevo,Café,Cortado,1,1804.0,0.1,1623.0,9.5,4.7,0
ORD-00229,2025-07-19,Saturday,19,Mostrador,Nuevo,Almuerzo,Wrap,2,5392.0,0.05,10244.0,4.1,4.6,1
ORD-01323,2025-07-20,Sunday,10,Delivery,Habitual,Desayuno,Combo desayuno,3,4304.0,0.0,12913.0,20.9,3.8,0
ORD-05111,2025-07-20,Sunday,10,Mostrador,Nuevo,Café,Cortado,1,1787.0,0.05,1697.0,10.2,4.6,0
ORD-01577,2025-07-20,Sunday,11,Takeaway,Frecuente,Café,Espresso,1,1629.0,0.0,1629.0,8.4,5.0,0
ORD-03823,2025-07-20,Sunday,12,Delivery,Nuevo,Pastelería,Cookie,2,1547.0,0.0,3093.0,25.1,3.4,0
ORD-04708,2025-07-20,Sunday,12,Mostrador,Nuevo,Pastelería,Cookie,2,1534.0,0.0,3067.0,9.3,5.0,0
ORD-03066,2025-07-20,Sunday,14,Mostrador,Nuevo,Café,Cortado,2,1668.0,0.0,3335.0,10.2,4.8,0
ORD-05988,2025-07-20,Sunday,16,Delivery,Habitual,Café,Flat White,2,2000.0,0.05,3801.0,14.6,4.1,0
ORD-00879,2025-07-20,Sunday,17,Delivery,Nuevo,Pastelería,Cookie,1,1723.0,0.0,1723.0,13.4,4.2,0
ORD-00992,2025-07-20,Sunday,17,Takeaway,Nuevo,Desayuno,Combo desayuno,2,4770.0,0.0,9541.0,6.7,5.0,0
ORD-03914,2025-07-20,Sunday,17,Mostrador,Nuevo,Almuerzo,Ensalada,1,3778.0,0.1,3400.0,5.9,5.0,1
ORD-05770,2025-07-20,Sunday,17,Takeaway,Frecuente,Pastelería,Croissant,1,1442.0,0.1,1298.0,3.6,4.7,0
ORD-05976,2025-07-20,Sunday,17,Mostrador,Frecuente,Café,Flat White,1,1775.0,0.05,1686.0,7.9,4.6,1
ORD-05766,2025-07-20,Sunday,18,Mostrador,Nuevo,Pastelería,Cookie,1,1636.0,0.0,1636.0,2.0,4.7,1
ORD-05038,2025-07-20,Sunday,19,Delivery,Nuevo,Desayuno,Yogur + granola,3,4543.0,0.05,12948.0,15.0,3.7,0
ORD-05101,2025-07-20,Sunday,19,Takeaway,Nuevo,Café,Flat White,1,1884.0,0.1,1696.0,9.4,5.0,0
ORD-03828,2025-07-20,Sunday,20,Delivery,Nuevo,Desayuno,Tostadas,2,4063.0,0.0,8126.0,14.1,4.1,0
ORD-04449,2025-07-21,Monday,9,Delivery,Frecuente,Bebidas frías,Licuado,3,2605.0,0.1,7035.0,22.3,3.7,0
ORD-00762,2025-07-21,Monday,10,Takeaway,Nuevo,Café,Espresso,1,1723.0,0.0,1723.0,11.7,5.0,0
ORD-01222,2025-07-21,Monday,12,Delivery,Frecuente,Café,Latte,1,1895.0,0.0,1895.0,20.6,4.6,1
ORD-01840,2025-07-21,Monday,12,Mostrador,Nuevo,Pastelería,Cookie,3,1731.0,0.0,5193.0,12.1,3.6,0
ORD-00655,2025-07-21,Monday,13,Mostrador,Frecuente,Café,Flat White,3,1874.0,0.0,5623.0,7.1,3.9,1
ORD-01497,2025-07-21,Monday,13,Mostrador,Nuevo,Bebidas frías,Limonada,1,2842.0,0.05,2700.0,9.9,4.7,0
ORD-02404,2025-07-21,Monday,13,Mostrador,Habitual,Café,Americano,2,1629.0,0.0,3259.0,6.5,5.0,0
ORD-04994,2025-07-21,Monday,13,Mostrador,Nuevo,Pastelería,Croissant,2,1457.0,0.0,2915.0,8.7,4.5,0
ORD-01625,2025-07-21,Monday,14,Mostrador,Habitual,Café,Espresso,2,2003.0,0.0,4007.0,7.8,4.4,1
ORD-01997,2025-07-21,Monday,14,Mostrador,Frecuente,Almuerzo,Ensalada,3,5220.0,0.0,15660.0,10.0,3.9,0
ORD-02252,2025-07-21,Monday,14,Mostrador,Nuevo,Almuerzo,Bagel,1,4999.0,0.1,4499.0,8.1,4.6,1
ORD-04353,2025-07-21,Monday,14,Delivery,Habitual,Café,Americano,3,1820.0,0.1,4915.0,24.3,3.4,0
ORD-05469,2025-07-21,Monday,14,Mostrador,Habitual,Pastelería,Budín,1,1553.0,0.05,1475.0,5.8,4.6,0
ORD-02335,2025-07-21,Monday,16,Delivery,Nuevo,Pastelería,Croissant,1,1468.0,0.0,1468.0,18.4,3.9,1
ORD-03146,2025-07-21,Monday,17,Takeaway,Nuevo,Almuerzo,Wrap,1,4964.0,0.0,4964.0,2.2,4.7,0
ORD-05466,2025-07-22,Tuesday,7,Mostrador,Nuevo,Pastelería,Medialuna,1,1599.0,0.0,1599.0,4.8,5.0,0
ORD-06386,2025-07-22,Tuesday,7,Takeaway,Habitual,Café,Latte,2,1694.0,0.1,3049.0,2.0,5.0,1
ORD-00034,2025-07-22,Tuesday,9,Mostrador,Habitual,Pastelería,Tostada dulce,1,1706.0,0.0,1706.0,9.6,5.0,0
ORD-00330,2025-07-22,Tuesday,9,Takeaway,Habitual,Café,Cortado,2,1825.0,0.05,3468.0,8.9,4.7,0
ORD-02586,2025-07-22,Tuesday,9,Mostrador,Nuevo,Almuerzo,Wrap,1,5222.0,0.0,5222.0,7.3,4.0,0
ORD-06394,2025-07-22,Tuesday,9,Delivery,Habitual,Bebidas frías,Cold brew,1,2824.0,0.0,2824.0,25.2,4.0,1
ORD-00456,2025-07-22,Tuesday,10,Mostrador,Frecuente,Pastelería,Cookie,1,1594.0,0.0,1594.0,6.4,5.0,1
ORD-05843,2025-07-22,Tuesday,10,Mostrador,Habitual,Almuerzo,Tostado,3,5343.0,0.0,16028.0,11.5,4.5,0
ORD-01258,2025-07-22,Tuesday,11,Takeaway,Nuevo,Café,Latte,1,1934.0,0.1,1740.0,7.7,4.9,0
ORD-04677,2025-07-22,Tuesday,11,Mostrador,Frecuente,Pastelería,Croissant,2,1415.0,0.0,2830.0,7.7,5.0,1
ORD-01365,2025-07-22,Tuesday,12,Takeaway,Nuevo,Pastelería,Budín,1,1504.0,0.0,1504.0,7.3,3.9,1
ORD-03598,2025-07-22,Tuesday,13,Takeaway,Habitual,Desayuno,Combo desayuno,2,3892.0,0.05,7395.0,19.7,3.8,1
ORD-00755,2025-07-22,Tuesday,14,Takeaway,Habitual,Pastelería,Tostada dulce,1,1612.0,0.1,1451.0,7.8,5.0,0
ORD-01084,2025-07-22,Tuesday,14,Takeaway,Habitual,Almuerzo,Wrap,3,5650.0,0.0,16949.0,9.0,4.4,1
ORD-01938,2025-07-22,Tuesday,14,Mostrador,Nuevo,Desayuno,Avocado toast,1,3955.0,0.0,3955.0,7.6,4.8,0
ORD-00113,2025-07-22,Tuesday,15,Mostrador,Nuevo,Bebidas frías,Cold brew,1,2717.0,0.0,2717.0,5.9,4.9,0
ORD-03786,2025-07-22,Tuesday,15,Mostrador,Frecuente,Pastelería,Cookie,1,1563.0,0.0,1563.0,6.8,5.0,0
ORD-04197,2025-07-22,Tuesday,15,Takeaway,Frecuente,Café,Flat White,1,2056.0,0.0,2056.0,5.5,4.8,0
ORD-04923,2025-07-22,Tuesday,15,Mostrador,Frecuente,Café,Latte,2,1860.0,0.0,3720.0,8.5,4.4,1
ORD-04800,2025-07-22,Tuesday,16,Mostrador,Habitual,Café,Latte,1,1654.0,0.0,1654.0,9.3,4.5,1
ORD-04814,2025-07-22,Tuesday,16,Takeaway,Nuevo,Desayuno,Tostadas,2,4194.0,0.05,7968.0,7.0,4.8,1
ORD-05555,2025-07-22,Tuesday,17,Mostrador,Habitual,Café,Cortado,1,1830.0,0.1,1647.0,4.6,4.8,0
ORD-00132,2025-07-22,Tuesday,18,Mostrador,Nuevo,Café,Flat White,1,1794.0,0.0,1794.0,3.2,5.0,0
ORD-00308,2025-07-22,Tuesday,19,Mostrador,Habitual,Desayuno,Combo desayuno,2,4001.0,0.0,8002.0,2.7,5.0,1
ORD-01664,2025-07-22,Tuesday,19,Mostrador,Frecuente,Bebidas frías,Cold brew,2,2695.0,0.0,5389.0,7.3,4.3,1
ORD-02031,2025-07-22,Tuesday,20,Mostrador,Habitual,Café,Cortado,3,1583.0,0.05,4513.0,7.0,4.7,0
ORD-03176,2025-07-23,Wednesday,7,Mostrador,Habitual,Café,Flat White,1,1595.0,0.05,1515.0,8.6,5.0,0
ORD-00158,2025-07-23,Wednesday,11,Takeaway,Habitual,Pastelería,Budín,1,1590.0,0.1,1431.0,4.3,5.0,1
ORD-01003,2025-07-23,Wednesday,11,Takeaway,Nuevo,Bebidas frías,Licuado,1,2669.0,0.0,2669.0,12.0,3.8,0
ORD-04371,2025-07-23,Wednesday,12,Mostrador,Habitual,Pastelería,Croissant,1,1515.0,0.05,1439.0,6.9,5.0,0
ORD-01565,2025-07-23,Wednesday,13,Mostrador,Nuevo,Almuerzo,Wrap,2,5140.0,0.05,9765.0,5.4,4.9,0
ORD-06492,2025-07-23,Wednesday,13,Delivery,Habitual,Pastelería,Medialuna,1,1588.0,0.0,1588.0,18.4,4.3,1
ORD-04554,2025-07-23,Wednesday,14,Mostrador,Nuevo,Almuerzo,Bagel,2,5729.0,0.0,11457.0,9.0,4.7,1
ORD-05419,2025-07-23,Wednesday,15,Mostrador,Habitual,Café,Americano,2,1489.0,0.1,2681.0,4.6,5.0,0
ORD-03661,2025-07-23,Wednesday,16,Takeaway,Habitual,Café,Cortado,1,1811.0,0.0,1811.0,5.6,4.8,0
ORD-05144,2025-07-23,Wednesday,16,Takeaway,Habitual,Café,Espresso,1,1522.0,0.0,1522.0,11.9,4.6,1
ORD-05736,2025-07-23,Wednesday,16,Takeaway,Nuevo,Café,Espresso,1,1828.0,0.0,1828.0,11.8,5.0,0
ORD-05440,2025-07-23,Wednesday,17,Mostrador,Frecuente,Pastelería,Croissant,1,1610.0,0.0,1610.0,5.7,4.4,1
ORD-01129,2025-07-23,Wednesday,18,Mostrador,Habitual,Almuerzo,Tostado,1,5683.0,0.0,5683.0,7.7,5.0,0
ORD-05237,2025-07-23,Wednesday,19,Delivery,Habitual,Almuerzo,Bagel,2,4669.0,0.0,9339.0,14.7,4.5,0
ORD-05632,2025-07-23,Wednesday,19,Mostrador,Habitual,Pastelería,Budín,1,1675.0,0.0,1675.0,4.6,3.8,0
ORD-03611,2025-07-24,Thursday,11,Mostrador,Nuevo,Café,Espresso,1,2301.0,0.0,2301.0,7.1,4.6,0
ORD-06347,2025-07-24,Thursday,11,Mostrador,Habitual,Café,Espresso,1,1844.0,0.1,1659.0,11.9,4.1,1
ORD-01387,2025-07-24,Thursday,12,Delivery,Frecuente,Café,Americano,1,1693.0,0.0,1693.0,17.7,3.5,1
ORD-04787,2025-07-24,Thursday,13,Mostrador,Nuevo,Desayuno,Avocado toast,2,4094.0,0.0,8189.0,11.6,5.0,0
ORD-00134,2025-07-24,Thursday,14,Mostrador,Nuevo,Café,Americano,1,1637.0,0.0,1637.0,2.0,4.3,0
ORD-01975,2025-07-24,Thursday,14,Mostrador,Habitual,Pastelería,Medialuna,2,1746.0,0.0,3492.0,8.2,4.8,1
ORD-03760,2025-07-24,Thursday,14,Takeaway,Nuevo,Café,Americano,1,1940.0,0.0,1940.0,11.6,3.9,0
ORD-05409,2025-07-24,Thursday,14,Takeaway,Nuevo,Desayuno,Yogur + granola,1,3992.0,0.05,3792.0,9.7,4.9,0
ORD-05254,2025-07-24,Thursday,15,Takeaway,Nuevo,Almuerzo,Ensalada,1,5598.0,0.0,5598.0,9.6,4.8,1
ORD-04615,2025-07-24,Thursday,16,Mostrador,Habitual,Café,Latte,2,1885.0,0.0,3771.0,4.5,4.9,1
ORD-03843,2025-07-24,Thursday,18,Takeaway,Nuevo,Pastelería,Cookie,1,1531.0,0.0,1531.0,6.2,4.6,1
ORD-01412,2025-07-24,Thursday,19,Takeaway,Frecuente,Café,Latte,3,1948.0,0.0,5845.0,7.1,4.3,0
ORD-02426,2025-07-24,Thursday,19,Mostrador,Frecuente,Café,Cortado,1,1717.0,0.0,1717.0,2.0,4.9,1
ORD-02436,2025-07-25,Friday,7,Mostrador,Nuevo,Café,Flat White,2,1875.0,0.05,3562.0,10.5,3.5,0
ORD-05044,2025-07-25,Friday,7,Takeaway,Nuevo,Café,Latte,1,1739.0,0.1,1565.0,7.4,4.5,1
ORD-04163,2025-07-25,Friday,9,Delivery,Habitual,Pastelería,Croissant,3,1642.0,0.0,4926.0,18.4,4.0,0
ORD-06275,2025-07-25,Friday,9,Delivery,Habitual,Almuerzo,Ensalada,1,5409.0,0.0,5409.0,27.7,3.2,0
ORD-03448,2025-07-25,Friday,10,Takeaway,Nuevo,Café,Flat White,1,1795.0,0.05,1705.0,10.7,4.6,0
ORD-06484,2025-07-25,Friday,10,Mostrador,Habitual,Pastelería,Croissant,3,1756.0,0.05,5004.0,9.1,5.0,1
ORD-02062,2025-07-25,Friday,11,Mostrador,Habitual,Café,Cortado,2,1843.0,0.0,3686.0,2.8,5.0,0
ORD-02604,2025-07-25,Friday,11,Takeaway,Habitual,Almuerzo,Bagel,2,5279.0,0.1,9503.0,4.8,3.8,0
ORD-03033,2025-07-25,Friday,13,Takeaway,Nuevo,Almuerzo,Ensalada,1,5244.0,0.0,5244.0,8.0,4.4,0
ORD-03215,2025-07-25,Friday,14,Mostrador,Frecuente,Café,Espresso,2,1815.0,0.0,3631.0,5.0,5.0,0
ORD-03259,2025-07-25,Friday,15,Takeaway,Nuevo,Café,Flat White,2,1635.0,0.15,2780.0,6.0,4.4,0
ORD-04384,2025-07-25,Friday,15,Mostrador,Habitual,Bebidas frías,Iced latte,2,3207.0,0.05,6093.0,9.0,3.6,0
ORD-05331,2025-07-25,Friday,15,Mostrador,Habitual,Pastelería,Tostada dulce,1,1494.0,0.0,1494.0,3.0,4.6,0
ORD-01434,2025-07-25,Friday,16,Delivery,Habitual,Bebidas frías,Cold brew,2,2732.0,0.0,5463.0,16.3,4.8,1
ORD-02883,2025-07-25,Friday,16,Delivery,Nuevo,Almuerzo,Tostado,1,5235.0,0.05,4973.0,21.9,4.7,0
ORD-04530,2025-07-25,Friday,16,Mostrador,Frecuente,Almuerzo,Tostado,1,5103.0,0.0,5103.0,4.9,5.0,0
ORD-05866,2025-07-25,Friday,18,Takeaway,Nuevo,Café,Flat White,2,1937.0,0.0,3875.0,7.9,3.5,0
ORD-02634,2025-07-25,Friday,20,Mostrador,Habitual,Desayuno,Yogur + granola,1,3654.0,0.1,3289.0,5.4,4.6,1
ORD-05799,2025-07-25,Friday,20,Takeaway,Habitual,Almuerzo,Wrap,2,5771.0,0.0,11541.0,5.3,3.8,0
ORD-05990,2025-07-25,Friday,20,Mostrador,Frecuente,Café,Latte,1,1931.0,0.0,1931.0,4.5,5.0,1
ORD-05327,2025-07-26,Saturday,7,Mostrador,Habitual,Pastelería,Cookie,2,1403.0,0.0,2805.0,3.5,5.0,0
ORD-04195,2025-07-26,Saturday,8,Mostrador,Nuevo,Café,Americano,2,1689.0,0.0,3378.0,6.0,4.9,0
ORD-01672,2025-07-26,Saturday,10,Mostrador,Habitual,Bebidas frías,Iced latte,1,2769.0,0.0,2769.0,8.5,4.2,0
ORD-00131,2025-07-26,Saturday,12,Mostrador,Nuevo,Bebidas frías,Limonada,1,2526.0,0.0,2526.0,8.6,5.0,1
ORD-00980,2025-07-26,Saturday,12,Delivery,Habitual,Almuerzo,Wrap,1,4001.0,0.15,3401.0,23.7,3.4,0
ORD-01029,2025-07-26,Saturday,12,Takeaway,Frecuente,Café,Espresso,2,1888.0,0.0,3776.0,8.9,4.4,0
ORD-01189,2025-07-26,Saturday,12,Mostrador,Nuevo,Café,Latte,3,2109.0,0.0,6327.0,10.1,5.0,0
ORD-00126,2025-07-26,Saturday,13,Mostrador,Nuevo,Almuerzo,Wrap,1,5004.0,0.0,5004.0,12.3,4.8,0
ORD-02402,2025-07-26,Saturday,13,Delivery,Habitual,Almuerzo,Tostado,2,5502.0,0.0,11004.0,21.2,4.4,1
ORD-02688,2025-07-26,Saturday,13,Mostrador,Nuevo,Bebidas frías,Iced latte,3,2621.0,0.05,7470.0,8.4,5.0,0
ORD-05316,2025-07-26,Saturday,13,Takeaway,Nuevo,Desayuno,Combo desayuno,1,4183.0,0.05,3974.0,10.0,4.2,0
ORD-06397,2025-07-26,Saturday,13,Mostrador,Frecuente,Almuerzo,Tostado,2,5339.0,0.0,10678.0,7.7,4.4,0
ORD-00079,2025-07-26,Saturday,14,Mostrador,Frecuente,Café,Cortado,2,1900.0,0.0,3800.0,8.5,4.5,0
ORD-05519,2025-07-26,Saturday,14,Mostrador,Nuevo,Bebidas frías,Cold brew,1,2569.0,0.0,2569.0,12.9,4.4,0
ORD-00706,2025-07-26,Saturday,15,Takeaway,Nuevo,Café,Cortado,1,1722.0,0.05,1636.0,10.0,4.6,0
ORD-02656,2025-07-26,Saturday,18,Takeaway,Frecuente,Almuerzo,Tostado,2,5396.0,0.1,9712.0,6.8,4.6,0
ORD-05343,2025-07-26,Saturday,18,Mostrador,Frecuente,Café,Espresso,3,1808.0,0.1,4882.0,9.0,5.0,0
ORD-04352,2025-07-26,Saturday,20,Mostrador,Nuevo,Bebidas frías,Licuado,1,2741.0,0.05,2604.0,8.6,5.0,0
ORD-02798,2025-07-27,Sunday,9,Mostrador,Nuevo,Café,Latte,2,1818.0,0.0,3636.0,14.1,3.7,0
ORD-05199,2025-07-27,Sunday,9,Takeaway,Habitual,Almuerzo,Wrap,1,6901.0,0.0,6901.0,10.5,3.8,1
ORD-02647,2025-07-27,Sunday,10,Mostrador,Habitual,Almuerzo,Bagel,3,4750.0,0.0,14249.0,11.6,4.5,1
ORD-02892,2025-07-27,Sunday,10,Mostrador,Habitual,Bebidas frías,Iced latte,3,2650.0,0.0,7951.0,10.7,4.3,0
ORD-03144,2025-07-27,Sunday,10,Mostrador,Nuevo,Pastelería,Budín,1,1352.0,0.1,1217.0,9.4,3.9,0
ORD-06399,2025-07-27,Sunday,11,Mostrador,Habitual,Café,Americano,1,2017.0,0.1,1815.0,2.0,5.0,1
ORD-00116,2025-07-27,Sunday,12,Mostrador,Nuevo,Café,Espresso,1,1886.0,0.05,1792.0,8.9,3.7,0
ORD-03594,2025-07-27,Sunday,12,Mostrador,Frecuente,Desayuno,Tostadas,2,3958.0,0.0,7915.0,13.3,4.0,0
ORD-00437,2025-07-27,Sunday,13,Mostrador,Nuevo,Bebidas frías,Iced latte,1,2986.0,0.1,2687.0,6.3,4.7,0
ORD-03891,2025-07-27,Sunday,13,Mostrador,Habitual,Café,Espresso,1,2071.0,0.0,2071.0,8.8,5.0,0
ORD-04678,2025-07-27,Sunday,13,Mostrador,Habitual,Desayuno,Tostadas,1,3807.0,0.0,3807.0,7.2,4.1,0
ORD-05509,2025-07-27,Sunday,13,Mostrador,Habitual,Pastelería,Medialuna,1,1354.0,0.15,1151.0,10.3,4.7,0
ORD-05820,2025-07-27,Sunday,13,Mostrador,Frecuente,Café,Cortado,1,1822.0,0.0,1822.0,10.7,5.0,0
ORD-05785,2025-07-27,Sunday,14,Takeaway,Nuevo,Pastelería,Budín,1,1440.0,0.0,1440.0,10.2,5.0,1
ORD-02580,2025-07-27,Sunday,17,Mostrador,Nuevo,Pastelería,Cookie,1,1309.0,0.0,1309.0,6.3,4.8,0
ORD-01544,2025-07-27,Sunday,20,Mostrador,Habitual,Café,Flat White,1,1805.0,0.05,1714.0,4.5,4.4,1
ORD-02857,2025-07-27,Sunday,20,Takeaway,Nuevo,Desayuno,Avocado toast,1,4210.0,0.0,4210.0,9.4,4.6,1
ORD-03926,2025-07-28,Monday,7,Delivery,Frecuente,Bebidas frías,Cold brew,1,2635.0,0.0,2635.0,20.1,4.5,0
ORD-05250,2025-07-28,Monday,7,Delivery,Habitual,Desayuno,Tostadas,1,4405.0,0.15,3745.0,16.5,4.2,0
ORD-06273,2025-07-28,Monday,8,Delivery,Habitual,Desayuno,Tostadas,1,4356.0,0.0,4356.0,24.4,4.2,1
ORD-05615,2025-07-28,Monday,9,Takeaway,Frecuente,Almuerzo,Ensalada,1,4646.0,0.05,4413.0,14.9,4.2,0
ORD-00978,2025-07-28,Monday,10,Takeaway,Nuevo,Desayuno,Combo desayuno,1,4019.0,0.0,4019.0,9.8,5.0,0
ORD-01455,2025-07-28,Monday,10,Mostrador,Nuevo,Almuerzo,Tostado,2,5557.0,0.0,11113.0,12.8,5.0,0
ORD-01728,2025-07-28,Monday,11,Delivery,Nuevo,Bebidas frías,Licuado,1,2911.0,0.0,2911.0,15.5,4.7,0
ORD-04892,2025-07-28,Monday,12,Takeaway,Nuevo,Bebidas frías,Iced latte,2,3238.0,0.0,6475.0,9.7,4.1,0
ORD-02303,2025-07-28,Monday,13,Mostrador,Nuevo,Café,Cortado,2,1944.0,0.0,3887.0,10.9,3.7,0
ORD-04186,2025-07-28,Monday,13,Mostrador,Habitual,Pastelería,Budín,1,1550.0,0.05,1472.0,8.6,4.7,0
ORD-02199,2025-07-28,Monday,14,Mostrador,Nuevo,Pastelería,Croissant,1,1569.0,0.05,1490.0,8.4,4.5,1
ORD-00288,2025-07-28,Monday,15,Takeaway,Frecuente,Bebidas frías,Iced latte,1,2522.0,0.1,2270.0,7.1,3.3,0
ORD-04721,2025-07-28,Monday,15,Mostrador,Habitual,Bebidas frías,Licuado,3,2559.0,0.0,7677.0,4.9,4.7,1
ORD-00922,2025-07-28,Monday,16,Takeaway,Nuevo,Almuerzo,Ensalada,1,5071.0,0.0,5071.0,10.7,4.8,0
ORD-01759,2025-07-28,Monday,16,Delivery,Habitual,Café,Espresso,1,1836.0,0.0,1836.0,19.3,4.3,0
ORD-03684,2025-07-28,Monday,16,Takeaway,Nuevo,Café,Americano,2,1753.0,0.0,3506.0,8.2,4.4,1
ORD-04767,2025-07-28,Monday,17,Takeaway,Frecuente,Pastelería,Budín,1,1558.0,0.0,1558.0,10.1,4.8,0
ORD-00570,2025-07-28,Monday,18,Mostrador,Nuevo,Desayuno,Yogur + granola,1,3883.0,0.0,3883.0,6.0,4.5,0
ORD-03236,2025-07-28,Monday,18,Takeaway,Habitual,Bebidas frías,Iced latte,1,2925.0,0.0,2925.0,2.8,5.0,1
ORD-00708,2025-07-28,Monday,19,Mostrador,Frecuente,Pastelería,Croissant,3,1404.0,0.0,4211.0,3.9,4.7,0
ORD-06048,2025-07-28,Monday,19,Takeaway,Nuevo,Bebidas frías,Limonada,2,3034.0,0.0,6069.0,6.5,5.0,0
ORD-03235,2025-07-28,Monday,20,Mostrador,Habitual,Café,Espresso,1,2051.0,0.0,2051.0,2.9,4.7,0
ORD-02737,2025-07-29,Tuesday,8,Mostrador,Frecuente,Café,Espresso,1,1610.0,0.05,1530.0,9.2,4.6,0
ORD-01631,2025-07-29,Tuesday,10,Takeaway,Habitual,Pastelería,Cookie,1,1627.0,0.0,1627.0,9.1,3.9,0
ORD-03883,2025-07-29,Tuesday,10,Delivery,Nuevo,Almuerzo,Bagel,1,5623.0,0.0,5623.0,17.8,4.9,0
ORD-01344,2025-07-29,Tuesday,11,Mostrador,Habitual,Desayuno,Tostadas,1,4199.0,0.05,3989.0,2.8,4.5,0
ORD-05286,2025-07-29,Tuesday,11,Mostrador,Nuevo,Café,Americano,2,1847.0,0.05,3510.0,4.2,4.0,0
ORD-05338,2025-07-29,Tuesday,13,Takeaway,Habitual,Café,Flat White,1,1606.0,0.0,1606.0,12.5,3.6,0
ORD-05480,2025-07-29,Tuesday,13,Takeaway,Nuevo,Pastelería,Budín,1,1604.0,0.0,1604.0,9.4,3.9,1
ORD-00129,2025-07-29,Tuesday,14,Mostrador,Habitual,Café,Cortado,1,1672.0,0.0,1672.0,8.4,4.8,1
ORD-04757,2025-07-29,Tuesday,14,Takeaway,Habitual,Café,Cortado,1,1575.0,0.0,1575.0,10.9,4.9,1
ORD-05938,2025-07-29,Tuesday,15,Mostrador,Habitual,Pastelería,Medialuna,3,1330.0,0.0,3991.0,8.4,4.4,0
ORD-04977,2025-07-29,Tuesday,16,Mostrador,Nuevo,Pastelería,Tostada dulce,1,1722.0,0.0,1722.0,5.4,5.0,1
ORD-04658,2025-07-29,Tuesday,17,Takeaway,Habitual,Bebidas frías,Licuado,3,3041.0,0.0,9122.0,10.9,5.0,1
ORD-01897,2025-07-29,Tuesday,18,Takeaway,Habitual,Almuerzo,Ensalada,1,5368.0,0.0,5368.0,8.2,5.0,0
ORD-03763,2025-07-30,Wednesday,7,Takeaway,Frecuente,Pastelería,Tostada dulce,1,1551.0,0.1,1396.0,7.9,4.7,0
ORD-06079,2025-07-30,Wednesday,8,Takeaway,Nuevo,Almuerzo,Tostado,1,5461.0,0.0,5461.0,12.9,3.8,0
ORD-02530,2025-07-30,Wednesday,9,Takeaway,Nuevo,Café,Cortado,2,1850.0,0.0,3701.0,12.1,4.6,0
ORD-01627,2025-07-30,Wednesday,11,Delivery,Nuevo,Café,Americano,1,1850.0,0.0,1850.0,19.4,4.1,0
ORD-01765,2025-07-30,Wednesday,11,Mostrador,Habitual,Café,Cortado,1,1766.0,0.0,1766.0,6.1,5.0,1
ORD-00535,2025-07-30,Wednesday,14,Mostrador,Nuevo,Pastelería,Croissant,2,1712.0,0.1,3081.0,6.4,3.8,1
ORD-02561,2025-07-30,Wednesday,14,Delivery,Nuevo,Almuerzo,Tostado,1,5343.0,0.0,5343.0,22.1,4.3,0
ORD-05863,2025-07-30,Wednesday,14,Mostrador,Nuevo,Café,Latte,2,1895.0,0.0,3789.0,12.2,4.4,1
ORD-00930,2025-07-30,Wednesday,19,Mostrador,Frecuente,Café,Flat White,2,1667.0,0.0,3334.0,2.0,5.0,0
ORD-06379,2025-07-30,Wednesday,19,Mostrador,Nuevo,Pastelería,Cookie,3,1487.0,0.05,4239.0,3.4,5.0,0
ORD-02247,2025-07-30,Wednesday,20,Mostrador,Frecuente,Café,Cortado,1,1526.0,0.0,1526.0,5.6,5.0,0
ORD-04662,2025-07-31,Thursday,10,Mostrador,Nuevo,Almuerzo,Ensalada,1,4963.0,0.0,4963.0,8.2,4.5,0
ORD-05592,2025-07-31,Thursday,10,Delivery,Frecuente,Bebidas frías,Iced latte,1,2569.0,0.0,2569.0,17.6,4.3,0
ORD-03137,2025-07-31,Thursday,12,Mostrador,Habitual,Desayuno,Combo desayuno,2,4364.0,0.0,8728.0,9.9,5.0,0
ORD-03542,2025-07-31,Thursday,12,Mostrador,Nuevo,Desayuno,Tostadas,1,4804.0,0.0,4804.0,10.9,4.1,0
ORD-06213,2025-07-31,Thursday,12,Takeaway,Habitual,Pastelería,Tostada dulce,2,1503.0,0.0,3007.0,7.1,5.0,0
ORD-04365,2025-07-31,Thursday,13,Mostrador,Nuevo,Café,Latte,3,1777.0,0.0,5331.0,10.0,4.5,0
ORD-00677,2025-07-31,Thursday,14,Mostrador,Habitual,Bebidas frías,Iced latte,2,3085.0,0.0,6169.0,4.5,5.0,1
ORD-02626,2025-07-31,Thursday,14,Mostrador,Habitual,Desayuno,Avocado toast,2,4312.0,0.15,7330.0,5.1,4.7,0
ORD-02719,2025-07-31,Thursday,15,Mostrador,Habitual,Desayuno,Yogur + granola,1,3882.0,0.0,3882.0,3.2,4.0,0
ORD-03512,2025-07-31,Thursday,15,Mostrador,Frecuente,Desayuno,Combo desayuno,1,4032.0,0.0,4032.0,6.2,5.0,0
ORD-00597,2025-07-31,Thursday,16,Mostrador,Frecuente,Café,Flat White,2,1933.0,0.0,3867.0,2.9,5.0,1
ORD-05577,2025-07-31,Thursday,16,Mostrador,Habitual,Café,Cortado,2,1743.0,0.1,3138.0,5.7,4.6,0
ORD-03227,2025-07-31,Thursday,17,Takeaway,Habitual,Almuerzo,Ensalada,1,5073.0,0.05,4819.0,6.4,5.0,1
ORD-02679,2025-07-31,Thursday,18,Delivery,Nuevo,Almuerzo,Wrap,2,4935.0,0.0,9870.0,21.2,4.0,1
ORD-06395,2025-07-31,Thursday,18,Takeaway,Nuevo,Pastelería,Tostada dulce,3,1615.0,0.0,4845.0,10.8,4.5,0
ORD-00228,2025-07-31,Thursday,19,Takeaway,Nuevo,Pastelería,Medialuna,2,1520.0,0.0,3040.0,4.6,4.4,0
ORD-02123,2025-08-01,Friday,8,Takeaway,Nuevo,Bebidas frías,Limonada,1,2793.0,0.15,2374.0,16.4,4.6,0
ORD-02729,2025-08-01,Friday,10,Delivery,Habitual,Café,Americano,1,2097.0,0.0,2097.0,22.8,3.4,1
ORD-03802,2025-08-01,Friday,11,Takeaway,Nuevo,Desayuno,Combo desayuno,2,3716.0,0.05,7061.0,7.2,4.7,0
ORD-04898,2025-08-01,Friday,11,Takeaway,Habitual,Pastelería,Medialuna,1,1789.0,0.0,1789.0,3.3,5.0,0
ORD-00424,2025-08-01,Friday,12,Mostrador,Habitual,Pastelería,Medialuna,1,1454.0,0.0,1454.0,8.4,4.8,0
ORD-01161,2025-08-01,Friday,13,Takeaway,Habitual,Almuerzo,Wrap,2,5783.0,0.0,11566.0,13.1,4.5,1
ORD-01760,2025-08-01,Friday,13,Mostrador,Habitual,Café,Americano,1,1622.0,0.1,1460.0,10.0,4.9,1
ORD-03722,2025-08-01,Friday,13,Takeaway,Frecuente,Almuerzo,Tostado,2,5894.0,0.0,11789.0,10.7,5.0,0
ORD-05350,2025-08-01,Friday,13,Mostrador,Nuevo,Bebidas frías,Limonada,1,2976.0,0.0,2976.0,11.3,4.4,1
ORD-02753,2025-08-01,Friday,15,Mostrador,Nuevo,Bebidas frías,Iced latte,1,2816.0,0.1,2535.0,2.0,4.8,0
ORD-03075,2025-08-01,Friday,15,Takeaway,Nuevo,Bebidas frías,Cold brew,1,2310.0,0.0,2310.0,3.7,4.6,0
ORD-03378,2025-08-01,Friday,15,Takeaway,Nuevo,Bebidas frías,Iced latte,3,2672.0,0.1,7213.0,6.9,4.5,1
ORD-05363,2025-08-01,Friday,15,Delivery,Nuevo,Desayuno,Avocado toast,1,4333.0,0.0,4333.0,17.6,4.3,0
ORD-00266,2025-08-01,Friday,16,Mostrador,Nuevo,Desayuno,Avocado toast,2,4068.0,0.0,8135.0,5.3,4.2,0
ORD-03751,2025-08-01,Friday,16,Takeaway,Habitual,Almuerzo,Tostado,1,5159.0,0.0,5159.0,8.3,4.7,0
ORD-05368,2025-08-01,Friday,16,Delivery,Nuevo,Pastelería,Croissant,1,1598.0,0.0,1598.0,15.9,4.2,1
ORD-06037,2025-08-01,Friday,18,Delivery,Frecuente,Almuerzo,Tostado,1,5149.0,0.05,4891.0,19.4,4.3,0
ORD-00242,2025-08-02,Saturday,7,Mostrador,Habitual,Café,Espresso,3,1778.0,0.0,5335.0,7.4,5.0,0
ORD-04435,2025-08-02,Saturday,7,Delivery,Nuevo,Café,Latte,1,1944.0,0.0,1944.0,18.6,3.7,0
ORD-04376,2025-08-02,Saturday,8,Delivery,Habitual,Café,Cortado,1,1867.0,0.05,1774.0,21.5,3.7,0
ORD-04900,2025-08-02,Saturday,9,Takeaway,Habitual,Café,Americano,2,1781.0,0.0,3562.0,10.0,4.2,0
ORD-02190,2025-08-02,Saturday,10,Takeaway,Frecuente,Café,Americano,1,1740.0,0.05,1653.0,10.2,4.4,1
ORD-05247,2025-08-02,Saturday,10,Takeaway,Frecuente,Desayuno,Tostadas,2,4102.0,0.05,7793.0,10.1,4.7,0
ORD-01791,2025-08-02,Saturday,11,Takeaway,Frecuente,Café,Cortado,1,1629.0,0.0,1629.0,3.9,5.0,0
ORD-01858,2025-08-02,Saturday,12,Mostrador,Frecuente,Pastelería,Medialuna,3,1458.0,0.0,4373.0,8.7,4.8,1
ORD-05072,2025-08-02,Saturday,14,Takeaway,Nuevo,Pastelería,Budín,1,1700.0,0.0,1700.0,7.5,5.0,0
ORD-01415,2025-08-02,Saturday,15,Takeaway,Nuevo,Café,Espresso,2,1833.0,0.0,3665.0,4.8,4.9,1
ORD-01628,2025-08-02,Saturday,16,Mostrador,Nuevo,Bebidas frías,Limonada,1,2735.0,0.15,2325.0,3.6,4.5,0
ORD-02464,2025-08-02,Saturday,16,Delivery,Habitual,Desayuno,Yogur + granola,1,4192.0,0.05,3982.0,16.8,4.5,0
ORD-02037,2025-08-02,Saturday,17,Takeaway,Nuevo,Pastelería,Medialuna,3,1532.0,0.0,4595.0,9.3,4.6,0
ORD-02548,2025-08-02,Saturday,19,Mostrador,Habitual,Pastelería,Cookie,1,1307.0,0.0,1307.0,3.5,4.6,0
ORD-04866,2025-08-02,Saturday,19,Mostrador,Habitual,Café,Americano,2,1696.0,0.0,3393.0,3.9,4.8,0
ORD-01423,2025-08-03,Sunday,8,Takeaway,Habitual,Pastelería,Croissant,1,1522.0,0.05,1446.0,7.6,3.9,1
ORD-04508,2025-08-03,Sunday,8,Mostrador,Frecuente,Desayuno,Avocado toast,1,4075.0,0.0,4075.0,11.7,4.1,0
ORD-00985,2025-08-03,Sunday,9,Mostrador,Habitual,Pastelería,Cookie,2,1466.0,0.05,2785.0,6.5,4.1,0
ORD-05692,2025-08-03,Sunday,10,Delivery,Nuevo,Desayuno,Tostadas,3,4183.0,0.0,12548.0,19.3,4.1,1
ORD-00966,2025-08-03,Sunday,11,Mostrador,Nuevo,Pastelería,Tostada dulce,3,1660.0,0.0,4980.0,2.0,4.5,1
ORD-04874,2025-08-03,Sunday,11,Takeaway,Nuevo,Pastelería,Medialuna,3,1929.0,0.0,5786.0,9.0,4.7,1
ORD-00260,2025-08-03,Sunday,12,Mostrador,Frecuente,Café,Flat White,1,1695.0,0.0,1695.0,7.2,4.4,0
ORD-00786,2025-08-03,Sunday,13,Mostrador,Habitual,Almuerzo,Ensalada,3,6052.0,0.0,18155.0,10.2,5.0,0
ORD-01833,2025-08-03,Sunday,13,Mostrador,Frecuente,Bebidas frías,Limonada,1,2983.0,0.0,2983.0,7.2,4.6,0
ORD-03667,2025-08-03,Sunday,13,Delivery,Nuevo,Café,Flat White,1,1526.0,0.05,1449.0,24.1,3.6,0
ORD-03673,2025-08-03,Sunday,13,Delivery,Habitual,Almuerzo,Tostado,3,5913.0,0.0,17738.0,20.9,3.8,0
ORD-04463,2025-08-03,Sunday,13,Mostrador,Habitual,Pastelería,Tostada dulce,1,1475.0,0.0,1475.0,7.6,4.9,0
ORD-05527,2025-08-03,Sunday,13,Mostrador,Nuevo,Café,Espresso,1,1735.0,0.0,1735.0,9.0,4.8,1
ORD-05263,2025-08-03,Sunday,14,Takeaway,Nuevo,Bebidas frías,Limonada,1,3163.0,0.05,3005.0,12.8,3.6,1
ORD-01118,2025-08-03,Sunday,15,Mostrador,Habitual,Café,Espresso,3,1968.0,0.1,5313.0,4.7,4.6,0
ORD-01156,2025-08-03,Sunday,15,Mostrador,Habitual,Desayuno,Tostadas,2,4477.0,0.0,8953.0,9.3,4.1,0
ORD-02345,2025-08-03,Sunday,15,Mostrador,Habitual,Café,Latte,1,1616.0,0.0,1616.0,5.5,4.8,1
ORD-04585,2025-08-03,Sunday,15,Mostrador,Frecuente,Café,Latte,2,1600.0,0.1,2880.0,3.5,5.0,0
ORD-05856,2025-08-03,Sunday,16,Mostrador,Habitual,Almuerzo,Wrap,2,5615.0,0.0,11229.0,2.0,4.3,0
ORD-02947,2025-08-03,Sunday,17,Takeaway,Habitual,Café,Espresso,1,1872.0,0.0,1872.0,4.8,4.5,0
ORD-05695,2025-08-03,Sunday,17,Delivery,Frecuente,Café,Flat White,1,1789.0,0.0,1789.0,18.8,4.0,0
ORD-02235,2025-08-03,Sunday,18,Mostrador,Nuevo,Almuerzo,Wrap,1,5371.0,0.05,5103.0,3.6,5.0,0
ORD-04412,2025-08-03,Sunday,20,Takeaway,Frecuente,Café,Cortado,1,1858.0,0.0,1858.0,7.3,4.9,1
ORD-01318,2025-08-04,Monday,8,Mostrador,Habitual,Pastelería,Croissant,3,1648.0,0.0,4943.0,9.3,4.0,0
ORD-00698,2025-08-04,Monday,9,Mostrador,Nuevo,Pastelería,Croissant,1,1609.0,0.0,1609.0,8.8,4.9,0
ORD-01546,2025-08-04,Monday,11,Delivery,Habitual,Pastelería,Cookie,1,1728.0,0.1,1555.0,13.3,5.0,0
ORD-04457,2025-08-04,Monday,11,Takeaway,Habitual,Desayuno,Tostadas,2,4552.0,0.0,9103.0,8.1,5.0,1
ORD-04547,2025-08-04,Monday,11,Mostrador,Habitual,Almuerzo,Wrap,3,4906.0,0.0,14719.0,4.5,4.7,0
ORD-02065,2025-08-04,Monday,12,Mostrador,Nuevo,Café,Latte,1,1714.0,0.1,1542.0,14.1,4.8,0
ORD-03969,2025-08-04,Monday,12,Takeaway,Nuevo,Almuerzo,Wrap,2,4703.0,0.0,9407.0,9.8,5.0,0
ORD-04938,2025-08-04,Monday,13,Takeaway,Frecuente,Almuerzo,Tostado,1,4946.0,0.0,4946.0,14.4,4.4,0
ORD-05852,2025-08-04,Monday,14,Mostrador,Nuevo,Café,Flat White,1,1769.0,0.15,1503.0,9.1,4.6,0
ORD-05531,2025-08-04,Monday,15,Takeaway,Habitual,Pastelería,Budín,3,1577.0,0.0,4731.0,9.4,4.8,0
ORD-02560,2025-08-04,Monday,16,Mostrador,Nuevo,Desayuno,Avocado toast,2,4678.0,0.0,9355.0,4.9,4.2,0
ORD-06428,2025-08-04,Monday,16,Takeaway,Nuevo,Pastelería,Medialuna,1,1474.0,0.0,1474.0,7.9,5.0,0
ORD-00270,2025-08-04,Monday,17,Takeaway,Nuevo,Desayuno,Tostadas,1,4528.0,0.0,4528.0,4.7,4.2,0
ORD-00548,2025-08-04,Monday,17,Mostrador,Nuevo,Pastelería,Croissant,3,1621.0,0.0,4863.0,8.2,4.2,0
ORD-06014,2025-08-04,Monday,18,Mostrador,Nuevo,Almuerzo,Tostado,3,5026.0,0.0,15078.0,6.3,5.0,0
ORD-00981,2025-08-04,Monday,20,Mostrador,Nuevo,Café,Americano,2,1746.0,0.0,3492.0,4.6,5.0,0
ORD-01396,2025-08-04,Monday,20,Takeaway,Nuevo,Café,Flat White,1,1697.0,0.0,1697.0,6.8,4.9,0
ORD-02676,2025-08-05,Tuesday,10,Mostrador,Nuevo,Café,Cortado,1,2096.0,0.1,1887.0,6.9,4.3,0
ORD-02966,2025-08-05,Tuesday,10,Mostrador,Habitual,Bebidas frías,Iced latte,1,2888.0,0.0,2888.0,10.7,4.5,1
ORD-06045,2025-08-05,Tuesday,10,Mostrador,Nuevo,Café,Espresso,1,2052.0,0.0,2052.0,6.5,4.6,0
ORD-05815,2025-08-05,Tuesday,11,Mostrador,Nuevo,Almuerzo,Wrap,2,5181.0,0.0,10362.0,4.6,4.9,0
ORD-04060,2025-08-05,Tuesday,13,Delivery,Nuevo,Café,Latte,3,1900.0,0.0,5699.0,21.7,4.0,0
ORD-04782,2025-08-05,Tuesday,13,Mostrador,Nuevo,Almuerzo,Ensalada,3,6093.0,0.1,16452.0,6.2,4.8,0
ORD-05862,2025-08-05,Tuesday,13,Mostrador,Nuevo,Almuerzo,Ensalada,1,5391.0,0.0,5391.0,11.0,4.8,0
ORD-05928,2025-08-05,Tuesday,14,Mostrador,Habitual,Café,Cortado,2,1610.0,0.0,3220.0,7.4,4.4,0
ORD-00520,2025-08-05,Tuesday,15,Mostrador,Habitual,Café,Espresso,1,1669.0,0.0,1669.0,2.0,3.5,0
ORD-00688,2025-08-05,Tuesday,15,Delivery,Nuevo,Desayuno,Avocado toast,2,4290.0,0.05,8151.0,17.7,3.8,0
ORD-00915,2025-08-05,Tuesday,15,Mostrador,Habitual,Almuerzo,Tostado,2,5442.0,0.15,9252.0,6.6,4.5,1
ORD-01608,2025-08-05,Tuesday,15,Delivery,Habitual,Desayuno,Avocado toast,2,4051.0,0.0,8103.0,18.8,4.5,1
ORD-03955,2025-08-05,Tuesday,15,Mostrador,Habitual,Desayuno,Yogur + granola,2,4356.0,0.0,8713.0,7.2,5.0,0
ORD-04928,2025-08-05,Tuesday,15,Takeaway,Nuevo,Almuerzo,Ensalada,2,5131.0,0.0,10263.0,8.0,4.8,0
ORD-03825,2025-08-05,Tuesday,17,Mostrador,Habitual,Café,Cortado,1,1558.0,0.1,1402.0,5.9,5.0,0
ORD-05471,2025-08-05,Tuesday,17,Mostrador,Habitual,Bebidas frías,Limonada,1,2681.0,0.0,2681.0,8.4,4.4,0
ORD-06004,2025-08-05,Tuesday,17,Mostrador,Habitual,Almuerzo,Tostado,2,5325.0,0.0,10650.0,11.8,3.9,1
ORD-04936,2025-08-05,Tuesday,19,Delivery,Habitual,Café,Cortado,2,1600.0,0.0,3201.0,12.9,4.3,0
ORD-00455,2025-08-06,Wednesday,8,Takeaway,Habitual,Pastelería,Tostada dulce,3,1679.0,0.0,5038.0,5.7,4.6,0
ORD-05636,2025-08-06,Wednesday,10,Takeaway,Habitual,Café,Latte,2,1828.0,0.05,3474.0,9.3,4.3,0
ORD-01644,2025-08-06,Wednesday,12,Mostrador,Habitual,Café,Espresso,2,1809.0,0.0,3618.0,9.4,4.1,0
ORD-01350,2025-08-06,Wednesday,13,Mostrador,Frecuente,Pastelería,Tostada dulce,2,1497.0,0.1,2694.0,9.9,4.4,0
ORD-06227,2025-08-06,Wednesday,14,Mostrador,Nuevo,Desayuno,Tostadas,2,4161.0,0.05,7906.0,6.4,4.7,0
ORD-04802,2025-08-06,Wednesday,16,Mostrador,Frecuente,Café,Latte,2,1760.0,0.0,3521.0,3.5,5.0,1
ORD-00468,2025-08-06,Wednesday,17,Mostrador,Nuevo,Café,Cortado,3,1844.0,0.0,5531.0,3.9,5.0,0
ORD-01654,2025-08-06,Wednesday,18,Mostrador,Habitual,Café,Flat White,2,1699.0,0.0,3398.0,2.0,5.0,0
ORD-04790,2025-08-06,Wednesday,18,Takeaway,Habitual,Pastelería,Croissant,2,1593.0,0.0,3187.0,7.0,5.0,0
ORD-05608,2025-08-06,Wednesday,20,Mostrador,Nuevo,Café,Americano,3,1781.0,0.1,4808.0,4.8,4.8,0
ORD-06283,2025-08-06,Wednesday,20,Mostrador,Habitual,Almuerzo,Tostado,2,5328.0,0.0,10657.0,4.4,4.3,0
ORD-03019,2025-08-07,Thursday,8,Takeaway,Habitual,Desayuno,Combo desayuno,1,3921.0,0.0,3921.0,7.2,4.3,0
ORD-00531,2025-08-07,Thursday,9,Takeaway,Habitual,Desayuno,Combo desayuno,2,4584.0,0.0,9169.0,15.2,4.8,1
ORD-06122,2025-08-07,Thursday,9,Delivery,Habitual,Café,Americano,3,1793.0,0.1,4841.0,21.0,4.1,1
ORD-06304,2025-08-07,Thursday,9,Takeaway,Habitual,Almuerzo,Tostado,2,5297.0,0.0,10594.0,11.6,4.1,0
ORD-00394,2025-08-07,Thursday,10,Mostrador,Habitual,Desayuno,Avocado toast,3,4090.0,0.05,11657.0,11.4,4.3,0
ORD-00720,2025-08-07,Thursday,10,Mostrador,Frecuente,Desayuno,Tostadas,2,4162.0,0.0,8324.0,9.2,4.3,0
ORD-01188,2025-08-07,Thursday,11,Takeaway,Frecuente,Pastelería,Croissant,2,1570.0,0.0,3139.0,5.2,4.8,0
ORD-04618,2025-08-07,Thursday,11,Delivery,Nuevo,Café,Americano,1,1767.0,0.0,1767.0,15.7,3.8,0
ORD-03415,2025-08-07,Thursday,12,Mostrador,Habitual,Café,Espresso,2,1673.0,0.0,3347.0,12.9,4.5,0
ORD-03838,2025-08-07,Thursday,12,Takeaway,Nuevo,Café,Flat White,2,1938.0,0.0,3875.0,11.9,4.1,1
ORD-00665,2025-08-07,Thursday,13,Mostrador,Habitual,Almuerzo,Bagel,1,4797.0,0.0,4797.0,12.7,4.3,0
ORD-04390,2025-08-07,Thursday,13,Takeaway,Habitual,Desayuno,Avocado toast,3,3710.0,0.0,11130.0,10.7,5.0,0
ORD-02973,2025-08-07,Thursday,14,Mostrador,Nuevo,Pastelería,Croissant,1,1540.0,0.0,1540.0,10.6,4.1,0
ORD-03007,2025-08-07,Thursday,15,Mostrador,Habitual,Café,Americano,1,1893.0,0.0,1893.0,2.3,5.0,0
ORD-02445,2025-08-07,Thursday,16,Mostrador,Habitual,Pastelería,Budín,1,1600.0,0.0,1600.0,9.2,5.0,1
ORD-02614,2025-08-07,Thursday,16,Takeaway,Nuevo,Almuerzo,Tostado,1,5017.0,0.0,5017.0,8.4,4.2,0
ORD-04265,2025-08-07,Thursday,16,Takeaway,Nuevo,Bebidas frías,Licuado,1,3016.0,0.0,3016.0,8.9,4.6,0
ORD-04541,2025-08-07,Thursday,16,Delivery,Nuevo,Desayuno,Yogur + granola,1,4019.0,0.0,4019.0,23.1,4.1,0
ORD-05013,2025-08-07,Thursday,17,Mostrador,Nuevo,Café,Flat White,2,1609.0,0.0,3218.0,3.5,4.3,0
ORD-02024,2025-08-07,Thursday,18,Takeaway,Nuevo,Pastelería,Cookie,1,1591.0,0.0,1591.0,8.5,5.0,0
ORD-01505,2025-08-07,Thursday,19,Mostrador,Habitual,Pastelería,Medialuna,2,1485.0,0.0,2970.0,8.2,4.8,0
ORD-03648,2025-08-08,Friday,7,Mostrador,Nuevo,Desayuno,Avocado toast,3,4179.0,0.1,11283.0,8.4,5.0,0
ORD-06330,2025-08-08,Friday,9,Mostrador,Habitual,Almuerzo,Ensalada,1,5439.0,0.0,5439.0,5.2,4.3,0
ORD-02414,2025-08-08,Friday,10,Takeaway,Nuevo,Desayuno,Avocado toast,1,4196.0,0.05,3986.0,8.1,4.4,0
ORD-05551,2025-08-08,Friday,10,Mostrador,Habitual,Desayuno,Yogur + granola,2,4087.0,0.0,8174.0,9.1,4.5,0
ORD-03347,2025-08-08,Friday,11,Mostrador,Habitual,Pastelería,Budín,1,1661.0,0.1,1495.0,3.4,4.6,1
ORD-05171,2025-08-08,Friday,12,Mostrador,Nuevo,Bebidas frías,Licuado,1,2601.0,0.0,2601.0,9.4,4.5,0
ORD-04078,2025-08-08,Friday,13,Takeaway,Habitual,Desayuno,Avocado toast,3,4052.0,0.0,12155.0,10.2,4.8,0
ORD-03423,2025-08-08,Friday,14,Takeaway,Nuevo,Bebidas frías,Limonada,3,2940.0,0.0,8820.0,12.5,3.6,0
ORD-01048,2025-08-08,Friday,15,Mostrador,Nuevo,Pastelería,Croissant,2,1485.0,0.1,2672.0,5.8,4.7,0
ORD-00967,2025-08-08,Friday,16,Mostrador,Frecuente,Café,Latte,2,1848.0,0.0,3696.0,7.7,4.8,0
ORD-01764,2025-08-08,Friday,16,Mostrador,Nuevo,Café,Cortado,1,1700.0,0.0,1700.0,5.1,5.0,0
ORD-04756,2025-08-08,Friday,16,Takeaway,Frecuente,Café,Flat White,1,1766.0,0.15,1501.0,9.9,4.5,1
ORD-03303,2025-08-08,Friday,18,Mostrador,Habitual,Desayuno,Combo desayuno,2,4022.0,0.0,8043.0,5.2,4.8,1
ORD-04310,2025-08-08,Friday,18,Mostrador,Habitual,Café,Americano,1,1800.0,0.0,1800.0,4.2,4.6,0
ORD-01580,2025-08-08,Friday,19,Delivery,Frecuente,Pastelería,Croissant,1,1718.0,0.0,1718.0,13.9,5.0,1
ORD-06058,2025-08-08,Friday,19,Mostrador,Nuevo,Bebidas frías,Licuado,1,2452.0,0.05,2330.0,4.8,5.0,0
ORD-01525,2025-08-09,Saturday,7,Mostrador,Habitual,Almuerzo,Wrap,2,5194.0,0.05,9869.0,4.1,4.7,0
ORD-02213,2025-08-09,Saturday,9,Takeaway,Nuevo,Café,Cortado,1,1998.0,0.05,1898.0,14.5,4.0,0
ORD-05981,2025-08-09,Saturday,9,Mostrador,Nuevo,Almuerzo,Bagel,1,5064.0,0.0,5064.0,12.3,4.0,0
ORD-06340,2025-08-09,Saturday,10,Mostrador,Nuevo,Pastelería,Cookie,3,1685.0,0.0,5054.0,5.0,4.2,1
ORD-01873,2025-08-09,Saturday,13,Mostrador,Nuevo,Pastelería,Budín,1,1560.0,0.0,1560.0,8.3,4.7,0
ORD-05130,2025-08-09,Saturday,13,Takeaway,Nuevo,Bebidas frías,Iced latte,1,2789.0,0.0,2789.0,8.8,4.1,0
ORD-00137,2025-08-09,Saturday,14,Takeaway,Habitual,Café,Cortado,2,1961.0,0.0,3922.0,17.3,4.1,1
ORD-00494,2025-08-09,Saturday,14,Mostrador,Nuevo,Desayuno,Tostadas,1,4556.0,0.0,4556.0,9.5,4.2,1
ORD-01568,2025-08-09,Saturday,14,Mostrador,Nuevo,Café,Cortado,2,1646.0,0.0,3293.0,11.1,4.8,0
ORD-04233,2025-08-09,Saturday,14,Takeaway,Habitual,Café,Espresso,3,1524.0,0.0,4572.0,10.3,4.1,0
ORD-05849,2025-08-09,Saturday,14,Takeaway,Frecuente,Bebidas frías,Limonada,1,3084.0,0.0,3084.0,14.1,3.9,0
ORD-04259,2025-08-09,Saturday,15,Delivery,Nuevo,Almuerzo,Ensalada,2,5378.0,0.0,10756.0,18.1,3.3,0
ORD-03449,2025-08-09,Saturday,16,Mostrador,Nuevo,Café,Flat White,3,1715.0,0.1,4630.0,4.7,4.0,0
ORD-00625,2025-08-09,Saturday,20,Takeaway,Habitual,Almuerzo,Ensalada,2,4261.0,0.05,8097.0,4.5,4.1,1
ORD-03876,2025-08-09,Saturday,20,Takeaway,Nuevo,Bebidas frías,Limonada,1,2887.0,0.05,2743.0,2.5,4.7,0
ORD-00193,2025-08-10,Sunday,8,Takeaway,Habitual,Café,Espresso,3,1758.0,0.0,5275.0,12.5,4.0,0
ORD-01952,2025-08-10,Sunday,10,Takeaway,Nuevo,Café,Latte,2,1625.0,0.0,3250.0,12.4,3.9,0
ORD-04914,2025-08-10,Sunday,11,Mostrador,Frecuente,Café,Latte,2,1938.0,0.0,3875.0,5.6,5.0,1
ORD-05609,2025-08-10,Sunday,11,Takeaway,Frecuente,Pastelería,Croissant,3,1468.0,0.0,4405.0,8.6,3.9,1
ORD-06383,2025-08-10,Sunday,11,Mostrador,Habitual,Café,Cortado,2,1838.0,0.05,3491.0,2.3,4.7,0
ORD-01181,2025-08-10,Sunday,12,Mostrador,Habitual,Café,Cortado,3,1920.0,0.15,4895.0,8.9,3.9,0
ORD-00490,2025-08-10,Sunday,13,Mostrador,Habitual,Almuerzo,Bagel,1,4913.0,0.0,4913.0,10.1,5.0,0
ORD-03436,2025-08-10,Sunday,13,Mostrador,Habitual,Café,Espresso,2,1809.0,0.0,3619.0,10.5,5.0,0
ORD-03810,2025-08-10,Sunday,13,Takeaway,Nuevo,Bebidas frías,Licuado,1,3000.0,0.0,3000.0,10.7,4.7,1
ORD-02183,2025-08-10,Sunday,15,Mostrador,Frecuente,Desayuno,Avocado toast,2,4452.0,0.0,8905.0,2.0,4.6,0
ORD-02692,2025-08-10,Sunday,15,Takeaway,Nuevo,Café,Espresso,2,1840.0,0.0,3679.0,6.5,4.4,0
ORD-04210,2025-08-10,Sunday,15,Mostrador,Frecuente,Bebidas frías,Licuado,1,3007.0,0.1,2706.0,7.4,4.1,0
ORD-06109,2025-08-10,Sunday,15,Takeaway,Habitual,Desayuno,Combo desayuno,3,4122.0,0.0,12366.0,3.0,5.0,1
ORD-03170,2025-08-10,Sunday,16,Takeaway,Habitual,Almuerzo,Wrap,3,4696.0,0.05,13384.0,4.4,4.3,0
ORD-04589,2025-08-10,Sunday,16,Mostrador,Nuevo,Bebidas frías,Cold brew,1,2861.0,0.0,2861.0,6.5,4.3,1
ORD-05335,2025-08-10,Sunday,18,Mostrador,Habitual,Café,Espresso,2,1584.0,0.0,3167.0,5.6,4.4,0
ORD-00850,2025-08-10,Sunday,19,Delivery,Frecuente,Bebidas frías,Iced latte,1,2464.0,0.0,2464.0,14.6,3.3,0
ORD-05968,2025-08-10,Sunday,20,Takeaway,Habitual,Pastelería,Medialuna,1,1389.0,0.0,1389.0,3.7,5.0,0
ORD-03613,2025-08-11,Monday,9,Mostrador,Habitual,Bebidas frías,Limonada,2,3086.0,0.0,6172.0,6.2,5.0,0
ORD-03225,2025-08-11,Monday,10,Mostrador,Habitual,Café,Latte,1,1664.0,0.05,1581.0,9.8,3.6,0
ORD-06158,2025-08-11,Monday,10,Mostrador,Habitual,Almuerzo,Bagel,1,5771.0,0.0,5771.0,6.6,5.0,1
ORD-06435,2025-08-11,Monday,10,Mostrador,Frecuente,Desayuno,Tostadas,1,3979.0,0.1,3581.0,10.4,5.0,1
ORD-01305,2025-08-11,Monday,11,Mostrador,Nuevo,Café,Flat White,1,1608.0,0.0,1608.0,2.3,5.0,1
ORD-04586,2025-08-11,Monday,12,Mostrador,Nuevo,Almuerzo,Wrap,2,4924.0,0.0,9848.0,10.2,4.8,0
ORD-03602,2025-08-11,Monday,13,Delivery,Frecuente,Almuerzo,Tostado,1,5078.0,0.0,5078.0,18.7,4.4,0
ORD-05645,2025-08-11,Monday,13,Mostrador,Nuevo,Bebidas frías,Limonada,1,2522.0,0.0,2522.0,9.0,4.4,0
ORD-05980,2025-08-11,Monday,13,Delivery,Habitual,Bebidas frías,Limonada,2,2759.0,0.0,5517.0,22.4,4.3,0
ORD-01662,2025-08-11,Monday,14,Mostrador,Nuevo,Almuerzo,Tostado,2,5867.0,0.1,10560.0,9.6,3.8,0
ORD-02144,2025-08-11,Monday,14,Takeaway,Frecuente,Bebidas frías,Cold brew,3,2940.0,0.0,8819.0,10.1,4.7,1
ORD-03864,2025-08-11,Monday,14,Takeaway,Frecuente,Pastelería,Tostada dulce,1,1771.0,0.1,1594.0,11.1,4.7,0
ORD-05605,2025-08-11,Monday,14,Mostrador,Nuevo,Café,Espresso,1,1632.0,0.1,1469.0,6.6,5.0,0
ORD-05788,2025-08-11,Monday,14,Mostrador,Habitual,Bebidas frías,Iced latte,1,2567.0,0.0,2567.0,10.1,5.0,0
ORD-01758,2025-08-11,Monday,15,Mostrador,Nuevo,Pastelería,Cookie,1,1547.0,0.0,1547.0,2.0,5.0,1
ORD-02124,2025-08-11,Monday,15,Mostrador,Frecuente,Pastelería,Croissant,2,1498.0,0.0,2995.0,4.0,4.5,1
ORD-04980,2025-08-11,Monday,15,Mostrador,Habitual,Café,Espresso,2,1796.0,0.1,3232.0,3.4,5.0,1
ORD-06156,2025-08-11,Monday,15,Mostrador,Nuevo,Almuerzo,Wrap,2,5511.0,0.0,11021.0,2.0,5.0,1
ORD-03425,2025-08-11,Monday,16,Mostrador,Habitual,Almuerzo,Tostado,1,4890.0,0.0,4890.0,6.3,4.6,0
ORD-02494,2025-08-11,Monday,18,Takeaway,Nuevo,Bebidas frías,Cold brew,1,2673.0,0.0,2673.0,6.3,5.0,0
ORD-03895,2025-08-11,Monday,18,Mostrador,Nuevo,Café,Americano,1,1886.0,0.0,1886.0,4.6,4.5,0
ORD-04351,2025-08-11,Monday,20,Mostrador,Frecuente,Desayuno,Avocado toast,2,4339.0,0.15,7376.0,9.5,4.8,0
ORD-00767,2025-08-12,Tuesday,11,Mostrador,Nuevo,Almuerzo,Ensalada,2,5422.0,0.1,9759.0,7.6,4.5,0
ORD-05821,2025-08-12,Tuesday,11,Mostrador,Nuevo,Pastelería,Tostada dulce,1,1714.0,0.0,1714.0,5.7,4.9,0
ORD-05959,2025-08-12,Tuesday,11,Mostrador,Habitual,Café,Americano,2,1751.0,0.05,3328.0,5.7,4.7,1
ORD-00896,2025-08-12,Tuesday,12,Mostrador,Habitual,Bebidas frías,Limonada,2,2740.0,0.0,5481.0,10.6,5.0,1
ORD-04228,2025-08-12,Tuesday,12,Delivery,Frecuente,Desayuno,Yogur + granola,1,4223.0,0.0,4223.0,23.8,3.6,1
ORD-02971,2025-08-12,Tuesday,13,Mostrador,Habitual,Café,Latte,1,2112.0,0.05,2007.0,8.1,5.0,0
ORD-04455,2025-08-12,Tuesday,13,Delivery,Habitual,Desayuno,Combo desayuno,2,4582.0,0.0,9164.0,21.3,3.4,1
ORD-04544,2025-08-12,Tuesday,13,Delivery,Nuevo,Almuerzo,Ensalada,2,4791.0,0.0,9582.0,24.0,4.0,0
ORD-04801,2025-08-12,Tuesday,13,Mostrador,Habitual,Desayuno,Combo desayuno,3,4409.0,0.0,13228.0,6.1,4.9,0
ORD-05679,2025-08-12,Tuesday,13,Mostrador,Nuevo,Pastelería,Budín,2,1909.0,0.0,3818.0,12.5,4.1,0
ORD-05962,2025-08-12,Tuesday,13,Mostrador,Nuevo,Almuerzo,Ensalada,1,5082.0,0.0,5082.0,11.3,4.2,1
ORD-00269,2025-08-12,Tuesday,14,Mostrador,Frecuente,Pastelería,Cookie,1,1671.0,0.0,1671.0,8.8,5.0,1
ORD-06497,2025-08-12,Tuesday,15,Mostrador,Habitual,Pastelería,Croissant,1,1730.0,0.0,1730.0,5.0,4.0,1
ORD-00956,2025-08-12,Tuesday,16,Mostrador,Habitual,Bebidas frías,Cold brew,2,2848.0,0.0,5695.0,3.3,5.0,0
ORD-03124,2025-08-12,Tuesday,16,Takeaway,Frecuente,Almuerzo,Bagel,1,5181.0,0.0,5181.0,4.6,4.9,1
ORD-05525,2025-08-12,Tuesday,16,Takeaway,Habitual,Pastelería,Croissant,1,1496.0,0.05,1422.0,4.1,5.0,0
ORD-02864,2025-08-12,Tuesday,20,Takeaway,Nuevo,Pastelería,Budín,2,1661.0,0.05,3156.0,9.3,4.5,0
ORD-03920,2025-08-13,Wednesday,7,Takeaway,Habitual,Pastelería,Medialuna,1,1663.0,0.0,1663.0,4.4,5.0,0
ORD-05342,2025-08-13,Wednesday,8,Takeaway,Nuevo,Pastelería,Cookie,1,1410.0,0.0,1410.0,9.3,4.7,1
ORD-00953,2025-08-13,Wednesday,9,Mostrador,Nuevo,Desayuno,Combo desayuno,3,4334.0,0.0,13001.0,9.4,4.2,0
ORD-06110,2025-08-13,Wednesday,9,Delivery,Frecuente,Desayuno,Yogur + granola,2,3667.0,0.0,7333.0,20.6,4.0,1
ORD-03177,2025-08-13,Wednesday,10,Takeaway,Habitual,Almuerzo,Wrap,1,4762.0,0.0,4762.0,9.8,4.8,0
ORD-04038,2025-08-13,Wednesday,10,Mostrador,Nuevo,Almuerzo,Wrap,1,4113.0,0.1,3702.0,6.9,4.7,1
ORD-05275,2025-08-13,Wednesday,10,Takeaway,Habitual,Almuerzo,Bagel,3,5311.0,0.0,15934.0,11.7,5.0,0
ORD-05123,2025-08-13,Wednesday,11,Delivery,Habitual,Almuerzo,Ensalada,2,6010.0,0.0,12021.0,20.6,3.3,1
ORD-00323,2025-08-13,Wednesday,12,Mostrador,Frecuente,Almuerzo,Ensalada,1,4921.0,0.0,4921.0,10.4,4.3,0
ORD-00601,2025-08-13,Wednesday,13,Mostrador,Nuevo,Almuerzo,Bagel,1,4799.0,0.15,4079.0,4.9,5.0,0
ORD-00900,2025-08-13,Wednesday,13,Mostrador,Frecuente,Café,Latte,3,1829.0,0.05,5212.0,4.6,4.9,0
ORD-01829,2025-08-13,Wednesday,13,Takeaway,Nuevo,Café,Espresso,2,1803.0,0.0,3606.0,10.2,4.3,1
ORD-03922,2025-08-13,Wednesday,14,Delivery,Nuevo,Bebidas frías,Licuado,1,3019.0,0.0,3019.0,26.4,4.4,0
ORD-02027,2025-08-13,Wednesday,15,Mostrador,Nuevo,Café,Flat White,2,1836.0,0.0,3672.0,5.7,4.5,0
ORD-05097,2025-08-13,Wednesday,15,Mostrador,Frecuente,Desayuno,Tostadas,3,4787.0,0.0,14362.0,4.3,5.0,0
ORD-04639,2025-08-13,Wednesday,16,Mostrador,Frecuente,Pastelería,Tostada dulce,1,1504.0,0.0,1504.0,2.9,5.0,0
ORD-03331,2025-08-13,Wednesday,17,Mostrador,Habitual,Café,Flat White,2,2070.0,0.0,4140.0,8.8,5.0,1
ORD-03417,2025-08-13,Wednesday,17,Mostrador,Frecuente,Bebidas frías,Iced latte,2,2889.0,0.1,5201.0,7.2,4.6,0
ORD-00672,2025-08-13,Wednesday,18,Mostrador,Nuevo,Almuerzo,Ensalada,1,5858.0,0.0,5858.0,4.3,4.6,0
ORD-01135,2025-08-13,Wednesday,18,Delivery,Nuevo,Café,Latte,1,1625.0,0.0,1625.0,20.4,4.5,0
ORD-05214,2025-08-13,Wednesday,18,Delivery,Frecuente,Bebidas frías,Cold brew,1,2700.0,0.0,2700.0,17.1,4.0,0
ORD-00702,2025-08-13,Wednesday,20,Delivery,Habitual,Almuerzo,Tostado,1,4691.0,0.0,4691.0,18.7,4.0,1
ORD-04621,2025-08-14,Thursday,8,Takeaway,Nuevo,Café,Cortado,1,1772.0,0.05,1684.0,7.9,4.6,0
ORD-05063,2025-08-14,Thursday,8,Delivery,Habitual,Bebidas frías,Cold brew,3,2600.0,0.15,6631.0,21.5,3.1,0
ORD-04595,2025-08-14,Thursday,9,Mostrador,Habitual,Pastelería,Budín,3,1515.0,0.0,4544.0,8.4,5.0,1
ORD-02726,2025-08-14,Thursday,11,Takeaway,Frecuente,Café,Espresso,3,1573.0,0.05,4484.0,5.8,4.6,0
ORD-03609,2025-08-14,Thursday,11,Mostrador,Nuevo,Bebidas frías,Licuado,1,2703.0,0.0,2703.0,3.6,4.7,0
ORD-03970,2025-08-14,Thursday,11,Mostrador,Habitual,Bebidas frías,Cold brew,1,2374.0,0.05,2255.0,7.5,4.4,0
ORD-02904,2025-08-14,Thursday,12,Takeaway,Habitual,Desayuno,Yogur + granola,2,4012.0,0.15,6821.0,7.4,5.0,0
ORD-05786,2025-08-14,Thursday,12,Mostrador,Nuevo,Pastelería,Medialuna,1,1617.0,0.0,1617.0,8.0,4.8,0
ORD-00987,2025-08-14,Thursday,13,Mostrador,Habitual,Almuerzo,Ensalada,1,5374.0,0.0,5374.0,12.0,4.4,1
ORD-01554,2025-08-14,Thursday,14,Takeaway,Frecuente,Almuerzo,Bagel,1,5313.0,0.0,5313.0,11.8,4.5,1
ORD-01846,2025-08-14,Thursday,14,Mostrador,Frecuente,Café,Cortado,1,1717.0,0.1,1545.0,3.8,5.0,0
ORD-05122,2025-08-14,Thursday,14,Delivery,Nuevo,Desayuno,Combo desayuno,1,4592.0,0.0,4592.0,26.4,3.8,0
ORD-06114,2025-08-14,Thursday,14,Delivery,Nuevo,Almuerzo,Bagel,3,4790.0,0.0,14371.0,20.2,4.4,0
ORD-06197,2025-08-14,Thursday,14,Mostrador,Habitual,Café,Espresso,1,1576.0,0.0,1576.0,7.0,4.3,0
ORD-02629,2025-08-14,Thursday,16,Takeaway,Frecuente,Pastelería,Budín,2,1699.0,0.0,3397.0,13.5,4.4,1
ORD-02927,2025-08-14,Thursday,16,Mostrador,Habitual,Almuerzo,Tostado,1,5212.0,0.0,5212.0,5.2,5.0,1
ORD-06074,2025-08-14,Thursday,16,Takeaway,Nuevo,Café,Espresso,3,1530.0,0.1,4132.0,6.0,4.2,0
ORD-02393,2025-08-14,Thursday,17,Delivery,Frecuente,Almuerzo,Tostado,2,4646.0,0.0,9291.0,17.9,4.2,0
ORD-02825,2025-08-14,Thursday,17,Takeaway,Frecuente,Café,Cortado,1,1515.0,0.0,1515.0,7.1,4.6,0
ORD-03344,2025-08-14,Thursday,17,Takeaway,Nuevo,Café,Espresso,3,1770.0,0.0,5310.0,7.7,5.0,0
ORD-01885,2025-08-14,Thursday,18,Mostrador,Habitual,Bebidas frías,Iced latte,1,2798.0,0.05,2658.0,4.3,4.7,0
ORD-01200,2025-08-15,Friday,7,Mostrador,Nuevo,Pastelería,Cookie,2,1583.0,0.0,3165.0,9.1,5.0,0
ORD-01661,2025-08-15,Friday,10,Mostrador,Habitual,Almuerzo,Tostado,2,5263.0,0.1,9473.0,6.2,4.3,1
ORD-02226,2025-08-15,Friday,10,Mostrador,Nuevo,Café,Espresso,1,1672.0,0.0,1672.0,11.9,4.6,0
ORD-05152,2025-08-15,Friday,10,Mostrador,Habitual,Desayuno,Yogur + granola,2,4071.0,0.0,8141.0,9.0,4.3,0
ORD-00675,2025-08-15,Friday,11,Takeaway,Habitual,Almuerzo,Wrap,1,5558.0,0.05,5280.0,8.7,4.2,0
ORD-05742,2025-08-15,Friday,11,Mostrador,Nuevo,Café,Americano,2,1900.0,0.0,3799.0,4.8,4.8,0
ORD-06001,2025-08-15,Friday,11,Mostrador,Frecuente,Desayuno,Yogur + granola,1,4308.0,0.1,3877.0,2.0,4.5,1
ORD-02417,2025-08-15,Friday,12,Mostrador,Nuevo,Café,Flat White,3,1723.0,0.0,5170.0,13.2,4.8,0
ORD-03875,2025-08-15,Friday,12,Mostrador,Habitual,Almuerzo,Ensalada,3,5879.0,0.0,17636.0,6.1,4.8,1
ORD-05062,2025-08-15,Friday,12,Mostrador,Nuevo,Bebidas frías,Iced latte,3,3380.0,0.0,10140.0,9.8,4.9,0
ORD-01290,2025-08-15,Friday,13,Takeaway,Nuevo,Almuerzo,Ensalada,3,5564.0,0.1,15023.0,11.7,4.7,0
ORD-03367,2025-08-15,Friday,13,Mostrador,Nuevo,Bebidas frías,Iced latte,2,2928.0,0.05,5564.0,10.5,4.1,0
ORD-02508,2025-08-15,Friday,14,Mostrador,Frecuente,Café,Americano,3,1821.0,0.0,5464.0,9.9,4.3,1
ORD-02917,2025-08-15,Friday,15,Mostrador,Nuevo,Almuerzo,Wrap,1,5539.0,0.0,5539.0,8.3,4.7,0
ORD-03640,2025-08-15,Friday,15,Delivery,Frecuente,Café,Cortado,1,1753.0,0.0,1753.0,18.5,4.0,0
ORD-04903,2025-08-15,Friday,15,Mostrador,Habitual,Almuerzo,Wrap,2,4975.0,0.0,9951.0,6.3,5.0,1
ORD-01540,2025-08-15,Friday,16,Mostrador,Frecuente,Café,Flat White,3,1627.0,0.0,4880.0,4.7,4.6,0
ORD-01638,2025-08-15,Friday,16,Takeaway,Habitual,Almuerzo,Tostado,1,5456.0,0.0,5456.0,7.2,4.9,0
ORD-00343,2025-08-15,Friday,17,Mostrador,Nuevo,Café,Latte,2,1744.0,0.05,3314.0,2.7,5.0,0
ORD-01397,2025-08-15,Friday,19,Mostrador,Nuevo,Pastelería,Croissant,2,1569.0,0.15,2667.0,3.9,4.6,0
ORD-03600,2025-08-15,Friday,20,Takeaway,Habitual,Almuerzo,Bagel,2,5428.0,0.0,10855.0,2.0,5.0,0
ORD-00825,2025-08-16,Saturday,8,Takeaway,Habitual,Pastelería,Croissant,3,1646.0,0.1,4444.0,3.9,4.5,0
ORD-05701,2025-08-16,Saturday,12,Mostrador,Nuevo,Café,Latte,2,1671.0,0.0,3341.0,7.0,4.0,1
ORD-01211,2025-08-16,Saturday,13,Mostrador,Habitual,Almuerzo,Ensalada,1,5873.0,0.0,5873.0,5.6,4.5,1
ORD-03604,2025-08-16,Saturday,13,Takeaway,Habitual,Almuerzo,Tostado,2,5687.0,0.05,10805.0,8.1,4.5,0
ORD-05798,2025-08-16,Saturday,13,Mostrador,Nuevo,Café,Flat White,1,1798.0,0.0,1798.0,11.4,5.0,1
ORD-06257,2025-08-16,Saturday,15,Takeaway,Habitual,Pastelería,Croissant,1,1491.0,0.1,1342.0,2.4,5.0,0
ORD-03121,2025-08-16,Saturday,18,Delivery,Nuevo,Desayuno,Yogur + granola,3,3904.0,0.0,11713.0,15.1,4.7,1
ORD-01982,2025-08-16,Saturday,19,Mostrador,Nuevo,Café,Espresso,1,1933.0,0.0,1933.0,3.5,5.0,0
ORD-01755,2025-08-17,Sunday,8,Delivery,Nuevo,Bebidas frías,Licuado,1,3483.0,0.05,3309.0,21.7,4.0,0
ORD-02829,2025-08-17,Sunday,9,Mostrador,Nuevo,Café,Americano,2,1948.0,0.1,3506.0,7.3,4.5,0
ORD-00996,2025-08-17,Sunday,12,Mostrador,Nuevo,Café,Espresso,3,1769.0,0.0,5308.0,10.9,4.6,0
ORD-02898,2025-08-17,Sunday,12,Mostrador,Nuevo,Almuerzo,Tostado,1,4901.0,0.1,4411.0,12.5,4.1,0
ORD-04910,2025-08-17,Sunday,12,Mostrador,Habitual,Café,Cortado,1,1683.0,0.1,1514.0,11.4,4.4,1
ORD-05048,2025-08-17,Sunday,12,Mostrador,Nuevo,Café,Flat White,1,2060.0,0.05,1957.0,13.0,4.8,0
ORD-06421,2025-08-17,Sunday,12,Takeaway,Frecuente,Café,Flat White,2,1907.0,0.0,3813.0,10.4,4.7,1
ORD-02359,2025-08-17,Sunday,13,Mostrador,Nuevo,Bebidas frías,Cold brew,1,2778.0,0.0,2778.0,4.8,5.0,0
ORD-02721,2025-08-17,Sunday,13,Takeaway,Nuevo,Pastelería,Medialuna,3,1756.0,0.0,5267.0,8.5,4.2,0
ORD-02907,2025-08-17,Sunday,13,Mostrador,Habitual,Desayuno,Tostadas,1,4680.0,0.0,4680.0,5.4,5.0,1
ORD-03819,2025-08-17,Sunday,13,Mostrador,Frecuente,Pastelería,Tostada dulce,2,1459.0,0.05,2772.0,2.0,4.9,1
ORD-00240,2025-08-17,Sunday,14,Mostrador,Habitual,Pastelería,Croissant,1,1687.0,0.05,1603.0,7.2,4.6,0
ORD-03692,2025-08-17,Sunday,14,Mostrador,Habitual,Almuerzo,Wrap,3,5791.0,0.0,17372.0,6.6,4.2,0
ORD-04496,2025-08-17,Sunday,15,Takeaway,Habitual,Bebidas frías,Iced latte,1,2702.0,0.0,2702.0,5.9,4.4,0
ORD-05594,2025-08-17,Sunday,15,Mostrador,Nuevo,Desayuno,Avocado toast,1,3736.0,0.05,3549.0,7.2,3.9,0
ORD-02128,2025-08-17,Sunday,16,Mostrador,Habitual,Pastelería,Cookie,3,1371.0,0.0,4112.0,5.3,4.2,0
ORD-03026,2025-08-17,Sunday,16,Mostrador,Nuevo,Café,Cortado,3,1707.0,0.0,5120.0,6.2,4.9,0
ORD-05003,2025-08-17,Sunday,16,Mostrador,Frecuente,Almuerzo,Ensalada,1,5226.0,0.0,5226.0,5.2,5.0,1
ORD-02179,2025-08-17,Sunday,19,Takeaway,Nuevo,Pastelería,Croissant,1,1793.0,0.0,1793.0,9.1,4.3,1
ORD-06361,2025-08-17,Sunday,19,Takeaway,Nuevo,Desayuno,Avocado toast,1,4937.0,0.1,4444.0,4.5,5.0,1
ORD-00245,2025-08-18,Monday,10,Mostrador,Habitual,Café,Americano,1,1878.0,0.0,1878.0,9.4,5.0,0
ORD-00599,2025-08-18,Monday,11,Mostrador,Nuevo,Café,Flat White,1,1606.0,0.0,1606.0,4.2,5.0,1
ORD-01171,2025-08-18,Monday,12,Mostrador,Habitual,Desayuno,Avocado toast,2,3433.0,0.0,6865.0,7.1,4.8,0
ORD-03171,2025-08-18,Monday,12,Mostrador,Nuevo,Bebidas frías,Cold brew,1,2432.0,0.0,2432.0,6.7,4.4,0
ORD-00085,2025-08-18,Monday,13,Takeaway,Frecuente,Almuerzo,Bagel,1,5074.0,0.1,4567.0,10.6,4.6,0
ORD-03117,2025-08-18,Monday,13,Mostrador,Frecuente,Café,Americano,3,1818.0,0.0,5453.0,11.3,3.6,0
ORD-03009,2025-08-18,Monday,14,Mostrador,Habitual,Bebidas frías,Cold brew,1,2883.0,0.05,2739.0,9.8,4.9,0
ORD-04542,2025-08-18,Monday,14,Mostrador,Habitual,Desayuno,Combo desayuno,2,3874.0,0.15,6585.0,11.5,4.7,0
ORD-03185,2025-08-18,Monday,15,Delivery,Habitual,Bebidas frías,Iced latte,2,3066.0,0.0,6132.0,18.4,4.4,0
ORD-01753,2025-08-18,Monday,17,Mostrador,Nuevo,Bebidas frías,Cold brew,2,2901.0,0.0,5802.0,2.8,4.8,0
ORD-00880,2025-08-18,Monday,19,Takeaway,Habitual,Café,Espresso,1,1853.0,0.0,1853.0,6.9,4.3,0
ORD-02231,2025-08-19,Tuesday,7,Mostrador,Habitual,Desayuno,Yogur + granola,1,4035.0,0.0,4035.0,2.0,4.3,0
ORD-02996,2025-08-19,Tuesday,9,Mostrador,Habitual,Café,Espresso,2,1806.0,0.0,3612.0,9.0,4.3,1
ORD-02158,2025-08-19,Tuesday,10,Takeaway,Nuevo,Pastelería,Cookie,2,1561.0,0.0,3121.0,14.5,3.8,0
ORD-05268,2025-08-19,Tuesday,10,Delivery,Habitual,Almuerzo,Tostado,2,5592.0,0.0,11184.0,21.8,3.2,1
ORD-00192,2025-08-19,Tuesday,11,Mostrador,Habitual,Bebidas frías,Iced latte,2,2282.0,0.1,4108.0,2.0,5.0,0
ORD-01111,2025-08-19,Tuesday,11,Mostrador,Nuevo,Bebidas frías,Licuado,1,2532.0,0.0,2532.0,2.0,5.0,0
ORD-01172,2025-08-19,Tuesday,11,Takeaway,Habitual,Desayuno,Avocado toast,2,3855.0,0.0,7710.0,6.1,5.0,0
ORD-02010,2025-08-19,Tuesday,11,Takeaway,Nuevo,Almuerzo,Wrap,1,5358.0,0.0,5358.0,8.4,4.4,0
ORD-00040,2025-08-19,Tuesday,13,Delivery,Habitual,Pastelería,Croissant,1,1784.0,0.0,1784.0,27.2,3.8,1
ORD-04063,2025-08-19,Tuesday,13,Takeaway,Frecuente,Pastelería,Tostada dulce,3,1578.0,0.0,4735.0,9.6,4.3,0
ORD-06232,2025-08-19,Tuesday,13,Mostrador,Habitual,Pastelería,Tostada dulce,3,1521.0,0.05,4335.0,11.9,3.9,0
ORD-03546,2025-08-19,Tuesday,14,Mostrador,Nuevo,Café,Espresso,1,1793.0,0.0,1793.0,13.4,4.6,0
ORD-03317,2025-08-19,Tuesday,15,Takeaway,Habitual,Bebidas frías,Cold brew,1,2637.0,0.0,2637.0,5.1,5.0,1
ORD-03865,2025-08-19,Tuesday,17,Delivery,Habitual,Almuerzo,Wrap,1,5304.0,0.1,4773.0,17.0,3.8,0
ORD-04858,2025-08-19,Tuesday,18,Mostrador,Nuevo,Pastelería,Cookie,2,1531.0,0.0,3062.0,6.1,4.6,1
ORD-04086,2025-08-19,Tuesday,19,Takeaway,Frecuente,Desayuno,Combo desayuno,2,4355.0,0.1,7840.0,15.3,4.2,0
ORD-05060,2025-08-19,Tuesday,20,Mostrador,Frecuente,Café,Cortado,1,1785.0,0.0,1785.0,6.0,4.6,0
ORD-00958,2025-08-20,Wednesday,8,Mostrador,Frecuente,Café,Espresso,2,1451.0,0.0,2902.0,5.9,4.3,1
ORD-00743,2025-08-20,Wednesday,9,Delivery,Habitual,Desayuno,Tostadas,1,4600.0,0.0,4600.0,22.4,3.2,0
ORD-02568,2025-08-20,Wednesday,11,Mostrador,Nuevo,Café,Flat White,1,1929.0,0.0,1929.0,6.1,4.8,0
ORD-01467,2025-08-20,Wednesday,12,Delivery,Nuevo,Pastelería,Tostada dulce,2,1584.0,0.1,2851.0,23.5,3.8,1
ORD-03492,2025-08-20,Wednesday,13,Mostrador,Habitual,Almuerzo,Wrap,1,4378.0,0.0,4378.0,11.0,4.2,1
ORD-01196,2025-08-20,Wednesday,14,Delivery,Nuevo,Pastelería,Tostada dulce,1,1679.0,0.0,1679.0,17.7,3.9,0
ORD-01370,2025-08-20,Wednesday,14,Takeaway,Nuevo,Café,Cortado,1,1695.0,0.05,1610.0,7.1,4.6,0
ORD-00458,2025-08-20,Wednesday,15,Mostrador,Habitual,Pastelería,Medialuna,1,1640.0,0.0,1640.0,2.0,5.0,0
ORD-04619,2025-08-20,Wednesday,15,Delivery,Frecuente,Café,Flat White,1,1584.0,0.0,1584.0,23.3,4.6,0
ORD-06080,2025-08-20,Wednesday,15,Mostrador,Habitual,Pastelería,Croissant,1,1731.0,0.05,1644.0,6.7,4.3,1
ORD-02185,2025-08-20,Wednesday,16,Delivery,Frecuente,Almuerzo,Wrap,1,5799.0,0.1,5219.0,17.0,5.0,1
ORD-00341,2025-08-20,Wednesday,17,Takeaway,Habitual,Bebidas frías,Licuado,2,2617.0,0.0,5234.0,10.1,5.0,0
ORD-00475,2025-08-20,Wednesday,17,Takeaway,Nuevo,Almuerzo,Tostado,2,5104.0,0.0,10208.0,7.4,4.1,0
ORD-01417,2025-08-20,Wednesday,17,Mostrador,Nuevo,Pastelería,Cookie,1,1559.0,0.0,1559.0,3.8,4.4,0
ORD-00658,2025-08-20,Wednesday,18,Takeaway,Habitual,Bebidas frías,Cold brew,2,2561.0,0.15,4354.0,9.5,4.0,1
ORD-02758,2025-08-20,Wednesday,18,Mostrador,Frecuente,Desayuno,Tostadas,3,4298.0,0.0,12894.0,7.4,4.7,0
ORD-00130,2025-08-20,Wednesday,20,Mostrador,Frecuente,Pastelería,Tostada dulce,1,1596.0,0.0,1596.0,4.1,5.0,0
ORD-02992,2025-08-21,Thursday,10,Mostrador,Frecuente,Almuerzo,Wrap,1,5185.0,0.0,5185.0,7.5,3.9,1
ORD-01128,2025-08-21,Thursday,11,Mostrador,Nuevo,Almuerzo,Wrap,1,4917.0,0.0,4917.0,11.3,4.8,0
ORD-01585,2025-08-21,Thursday,12,Mostrador,Habitual,Desayuno,Yogur + granola,1,4801.0,0.0,4801.0,10.7,4.3,0
ORD-05566,2025-08-21,Thursday,12,Mostrador,Habitual,Bebidas frías,Limonada,2,2704.0,0.0,5408.0,8.3,4.5,1
ORD-00673,2025-08-21,Thursday,13,Mostrador,Nuevo,Almuerzo,Tostado,1,5144.0,0.0,5144.0,5.9,5.0,0
ORD-00782,2025-08-21,Thursday,13,Mostrador,Nuevo,Café,Cortado,3,1995.0,0.0,5986.0,9.6,3.6,1
ORD-02970,2025-08-21,Thursday,13,Mostrador,Frecuente,Café,Latte,1,1627.0,0.05,1546.0,10.7,4.7,1
ORD-03925,2025-08-21,Thursday,13,Mostrador,Nuevo,Desayuno,Tostadas,3,4236.0,0.15,10802.0,14.2,3.9,1
ORD-00920,2025-08-21,Thursday,14,Mostrador,Habitual,Café,Espresso,2,1947.0,0.05,3699.0,7.4,5.0,1
ORD-01337,2025-08-21,Thursday,14,Takeaway,Nuevo,Almuerzo,Bagel,1,5281.0,0.0,5281.0,6.5,4.9,0
ORD-02689,2025-08-21,Thursday,15,Mostrador,Frecuente,Café,Americano,2,1904.0,0.0,3808.0,6.2,5.0,0
ORD-01985,2025-08-21,Thursday,16,Takeaway,Frecuente,Desayuno,Avocado toast,3,4154.0,0.0,12461.0,3.4,5.0,0
ORD-03764,2025-08-21,Thursday,16,Mostrador,Frecuente,Pastelería,Tostada dulce,1,1465.0,0.05,1392.0,2.0,4.3,0
ORD-00099,2025-08-21,Thursday,17,Mostrador,Nuevo,Bebidas frías,Iced latte,1,2782.0,0.0,2782.0,5.9,4.4,0
ORD-03757,2025-08-21,Thursday,17,Mostrador,Nuevo,Desayuno,Tostadas,1,3631.0,0.0,3631.0,2.0,5.0,0
ORD-01235,2025-08-21,Thursday,18,Takeaway,Nuevo,Bebidas frías,Iced latte,2,2837.0,0.05,5391.0,2.0,5.0,0
ORD-03301,2025-08-21,Thursday,18,Mostrador,Nuevo,Almuerzo,Wrap,1,4328.0,0.0,4328.0,5.3,5.0,0
ORD-05183,2025-08-21,Thursday,18,Takeaway,Habitual,Café,Cortado,1,1742.0,0.0,1742.0,11.1,5.0,1
ORD-03408,2025-08-21,Thursday,20,Mostrador,Frecuente,Café,Americano,1,1837.0,0.0,1837.0,7.4,5.0,0
ORD-05145,2025-08-22,Friday,8,Mostrador,Habitual,Pastelería,Croissant,1,1616.0,0.0,1616.0,7.7,3.8,0
ORD-02437,2025-08-22,Friday,9,Mostrador,Nuevo,Café,Latte,1,1685.0,0.0,1685.0,11.5,5.0,0
ORD-03550,2025-08-22,Friday,10,Takeaway,Habitual,Café,Cortado,1,1668.0,0.0,1668.0,7.6,5.0,0
ORD-00616,2025-08-22,Friday,12,Mostrador,Nuevo,Pastelería,Budín,2,1564.0,0.0,3128.0,3.7,5.0,1
ORD-01994,2025-08-22,Friday,12,Mostrador,Frecuente,Pastelería,Cookie,2,1420.0,0.05,2698.0,10.5,4.4,1
ORD-03502,2025-08-22,Friday,12,Mostrador,Nuevo,Almuerzo,Wrap,2,5020.0,0.0,10040.0,8.9,5.0,0
ORD-05064,2025-08-22,Friday,12,Mostrador,Habitual,Café,Espresso,1,1658.0,0.0,1658.0,7.5,4.8,0
ORD-06059,2025-08-22,Friday,12,Mostrador,Nuevo,Bebidas frías,Licuado,2,2809.0,0.05,5337.0,8.1,4.5,0
ORD-03324,2025-08-22,Friday,15,Mostrador,Habitual,Desayuno,Avocado toast,1,4531.0,0.05,4305.0,8.0,4.3,0
ORD-03730,2025-08-22,Friday,16,Delivery,Nuevo,Café,Espresso,1,1718.0,0.05,1632.0,17.9,3.0,0
ORD-06003,2025-08-22,Friday,16,Mostrador,Habitual,Desayuno,Avocado toast,1,5015.0,0.0,5015.0,2.0,5.0,0
ORD-01068,2025-08-22,Friday,17,Takeaway,Nuevo,Café,Cortado,1,1865.0,0.0,1865.0,4.1,4.8,0
ORD-03721,2025-08-22,Friday,17,Takeaway,Nuevo,Bebidas frías,Licuado,1,2783.0,0.1,2505.0,7.1,5.0,0
ORD-05613,2025-08-22,Friday,18,Takeaway,Nuevo,Pastelería,Cookie,2,1762.0,0.0,3525.0,10.4,3.8,0
ORD-06210,2025-08-22,Friday,20,Mostrador,Habitual,Bebidas frías,Iced latte,3,2566.0,0.0,7698.0,7.4,4.7,0
ORD-06292,2025-08-22,Friday,20,Mostrador,Frecuente,Almuerzo,Bagel,2,5847.0,0.0,11694.0,5.1,4.3,1
ORD-03118,2025-08-23,Saturday,11,Takeaway,Frecuente,Bebidas frías,Licuado,2,2837.0,0.0,5673.0,9.2,5.0,0
ORD-00600,2025-08-23,Saturday,12,Takeaway,Habitual,Pastelería,Cookie,1,1202.0,0.1,1082.0,12.4,4.4,0
ORD-05020,2025-08-23,Saturday,13,Mostrador,Habitual,Café,Latte,1,1940.0,0.1,1746.0,10.5,5.0,0
ORD-03266,2025-08-23,Saturday,14,Mostrador,Habitual,Café,Flat White,2,1769.0,0.0,3538.0,13.1,4.4,0
ORD-06096,2025-08-23,Saturday,15,Mostrador,Nuevo,Almuerzo,Bagel,2,5697.0,0.0,11395.0,2.5,4.8,1
ORD-00569,2025-08-23,Saturday,16,Delivery,Habitual,Bebidas frías,Limonada,3,2726.0,0.0,8177.0,16.9,4.1,0
ORD-05672,2025-08-23,Saturday,16,Mostrador,Nuevo,Café,Espresso,1,1787.0,0.1,1609.0,5.7,5.0,0
ORD-03147,2025-08-23,Saturday,17,Mostrador,Habitual,Pastelería,Cookie,3,1379.0,0.0,4137.0,2.0,4.5,0
ORD-03696,2025-08-23,Saturday,17,Mostrador,Nuevo,Desayuno,Yogur + granola,2,4459.0,0.0,8919.0,2.0,4.7,0
ORD-05106,2025-08-23,Saturday,17,Takeaway,Habitual,Café,Cortado,2,1877.0,0.0,3754.0,7.4,5.0,1
ORD-05420,2025-08-23,Saturday,18,Takeaway,Frecuente,Pastelería,Tostada dulce,2,1591.0,0.0,3182.0,9.2,4.8,0
ORD-03647,2025-08-23,Saturday,19,Mostrador,Habitual,Desayuno,Avocado toast,1,4201.0,0.0,4201.0,6.9,3.6,0
ORD-04995,2025-08-23,Saturday,19,Delivery,Habitual,Desayuno,Yogur + granola,1,3767.0,0.0,3767.0,18.1,2.8,0
ORD-04906,2025-08-23,Saturday,20,Mostrador,Frecuente,Café,Cortado,1,1667.0,0.0,1667.0,7.8,4.7,0
ORD-03577,2025-08-24,Sunday,7,Delivery,Habitual,Bebidas frías,Limonada,1,2628.0,0.0,2628.0,19.1,4.0,0
ORD-03977,2025-08-24,Sunday,7,Mostrador,Nuevo,Almuerzo,Tostado,1,4898.0,0.0,4898.0,4.3,5.0,0
ORD-01715,2025-08-24,Sunday,11,Delivery,Habitual,Pastelería,Cookie,2,1503.0,0.0,3007.0,18.8,3.4,0
ORD-06216,2025-08-24,Sunday,11,Takeaway,Habitual,Almuerzo,Tostado,1,5202.0,0.05,4942.0,5.9,4.9,0
ORD-03675,2025-08-24,Sunday,12,Mostrador,Habitual,Café,Cortado,1,1419.0,0.0,1419.0,8.2,4.1,0
ORD-01717,2025-08-24,Sunday,13,Mostrador,Habitual,Bebidas frías,Iced latte,1,2890.0,0.0,2890.0,10.5,4.7,0
ORD-02184,2025-08-24,Sunday,13,Takeaway,Habitual,Desayuno,Avocado toast,2,4066.0,0.0,8131.0,12.1,4.2,0
ORD-03862,2025-08-24,Sunday,15,Mostrador,Habitual,Pastelería,Budín,2,1681.0,0.05,3194.0,5.6,5.0,0
ORD-00026,2025-08-24,Sunday,17,Mostrador,Frecuente,Café,Espresso,2,1957.0,0.0,3913.0,2.3,5.0,1
ORD-02448,2025-08-24,Sunday,19,Mostrador,Habitual,Desayuno,Yogur + granola,2,4182.0,0.05,7946.0,5.2,5.0,0
ORD-05787,2025-08-24,Sunday,19,Mostrador,Habitual,Desayuno,Tostadas,1,4090.0,0.0,4090.0,2.0,5.0,0
ORD-01130,2025-08-25,Monday,7,Takeaway,Nuevo,Pastelería,Tostada dulce,2,1762.0,0.0,3524.0,3.4,5.0,0
ORD-02361,2025-08-25,Monday,8,Mostrador,Habitual,Desayuno,Avocado toast,2,4060.0,0.0,8119.0,13.2,3.7,0
ORD-04560,2025-08-25,Monday,8,Mostrador,Nuevo,Café,Americano,3,2011.0,0.1,5429.0,12.0,3.9,0
ORD-04991,2025-08-25,Monday,8,Takeaway,Nuevo,Café,Espresso,1,1909.0,0.0,1909.0,11.7,4.6,0
ORD-02986,2025-08-25,Monday,9,Delivery,Nuevo,Café,Latte,1,1886.0,0.1,1697.0,24.2,3.8,0
ORD-05554,2025-08-25,Monday,11,Mostrador,Habitual,Café,Espresso,1,1959.0,0.0,1959.0,5.9,5.0,0
ORD-06106,2025-08-25,Monday,12,Delivery,Nuevo,Café,Espresso,1,1867.0,0.0,1867.0,22.0,3.7,0
ORD-06390,2025-08-25,Monday,12,Delivery,Nuevo,Almuerzo,Wrap,3,4966.0,0.0,14899.0,19.8,4.1,0
ORD-02015,2025-08-25,Monday,13,Delivery,Nuevo,Pastelería,Cookie,2,1621.0,0.0,3241.0,21.6,4.4,0
ORD-00934,2025-08-25,Monday,14,Takeaway,Nuevo,Café,Latte,2,1596.0,0.0,3193.0,9.6,4.9,0
ORD-02072,2025-08-25,Monday,15,Mostrador,Habitual,Desayuno,Yogur + granola,1,4141.0,0.05,3934.0,5.9,5.0,0
ORD-00984,2025-08-25,Monday,17,Delivery,Nuevo,Almuerzo,Ensalada,1,5773.0,0.05,5485.0,13.6,4.4,0
ORD-05812,2025-08-25,Monday,19,Delivery,Nuevo,Café,Cortado,2,1901.0,0.05,3612.0,21.3,4.3,0
ORD-06458,2025-08-25,Monday,19,Mostrador,Frecuente,Café,Espresso,2,1804.0,0.0,3609.0,3.9,5.0,1
ORD-01887,2025-08-26,Tuesday,8,Takeaway,Frecuente,Café,Espresso,1,1661.0,0.0,1661.0,10.2,4.3,1
ORD-06408,2025-08-26,Tuesday,8,Delivery,Habitual,Café,Latte,1,1752.0,0.05,1664.0,19.2,2.8,1
ORD-00824,2025-08-26,Tuesday,10,Mostrador,Nuevo,Café,Latte,1,1702.0,0.1,1532.0,12.2,4.8,0
ORD-01255,2025-08-26,Tuesday,10,Takeaway,Habitual,Pastelería,Croissant,1,1594.0,0.0,1594.0,11.8,4.0,0
ORD-02754,2025-08-26,Tuesday,10,Delivery,Habitual,Café,Latte,1,1744.0,0.05,1656.0,25.0,3.0,0
ORD-00771,2025-08-26,Tuesday,11,Delivery,Habitual,Desayuno,Avocado toast,2,3978.0,0.0,7957.0,12.9,4.6,1
ORD-02481,2025-08-26,Tuesday,12,Mostrador,Habitual,Bebidas frías,Cold brew,1,2467.0,0.0,2467.0,6.4,5.0,1
ORD-04042,2025-08-26,Tuesday,12,Delivery,Habitual,Desayuno,Combo desayuno,2,4516.0,0.05,8580.0,21.9,4.0,0
ORD-05674,2025-08-26,Tuesday,12,Mostrador,Nuevo,Bebidas frías,Limonada,2,3338.0,0.0,6675.0,7.4,4.5,0
ORD-05944,2025-08-26,Tuesday,12,Takeaway,Habitual,Café,Espresso,3,2091.0,0.0,6273.0,15.3,4.5,1
ORD-02905,2025-08-26,Tuesday,13,Mostrador,Nuevo,Bebidas frías,Licuado,2,2842.0,0.0,5685.0,16.3,4.8,1
ORD-05899,2025-08-26,Tuesday,13,Takeaway,Habitual,Desayuno,Yogur + granola,1,3942.0,0.1,3548.0,11.5,4.4,0
ORD-06241,2025-08-26,Tuesday,13,Mostrador,Nuevo,Almuerzo,Bagel,1,5791.0,0.0,5791.0,10.6,4.3,0
ORD-00502,2025-08-26,Tuesday,14,Delivery,Frecuente,Pastelería,Tostada dulce,1,1446.0,0.0,1446.0,23.7,3.9,0
ORD-01089,2025-08-26,Tuesday,14,Mostrador,Habitual,Desayuno,Avocado toast,1,3620.0,0.1,3258.0,9.8,3.7,1
ORD-01205,2025-08-26,Tuesday,14,Delivery,Frecuente,Café,Americano,1,1724.0,0.05,1638.0,21.6,4.6,1
ORD-06135,2025-08-26,Tuesday,14,Takeaway,Frecuente,Bebidas frías,Cold brew,1,2757.0,0.0,2757.0,12.5,4.1,0
ORD-00244,2025-08-26,Tuesday,15,Mostrador,Habitual,Desayuno,Yogur + granola,1,3964.0,0.05,3766.0,8.2,5.0,0
ORD-05735,2025-08-26,Tuesday,15,Mostrador,Habitual,Café,Latte,1,1803.0,0.05,1712.0,2.0,5.0,1
ORD-01221,2025-08-26,Tuesday,19,Mostrador,Nuevo,Bebidas frías,Cold brew,3,2989.0,0.0,8968.0,2.8,5.0,0
ORD-04008,2025-08-26,Tuesday,19,Mostrador,Nuevo,Pastelería,Croissant,1,1776.0,0.0,1776.0,2.1,4.6,0
ORD-03589,2025-08-26,Tuesday,20,Takeaway,Frecuente,Pastelería,Budín,1,1765.0,0.0,1765.0,8.4,4.5,0
ORD-04679,2025-08-27,Wednesday,7,Mostrador,Frecuente,Pastelería,Budín,3,1697.0,0.0,5091.0,6.2,4.9,0
ORD-01224,2025-08-27,Wednesday,8,Mostrador,Nuevo,Desayuno,Combo desayuno,2,4517.0,0.05,8581.0,12.3,4.9,1
ORD-03273,2025-08-27,Wednesday,8,Takeaway,Habitual,Café,Flat White,1,1997.0,0.0,1997.0,11.0,4.7,0
ORD-00986,2025-08-27,Wednesday,10,Mostrador,Nuevo,Café,Cortado,1,1931.0,0.0,1931.0,11.4,5.0,0
ORD-01812,2025-08-27,Wednesday,10,Mostrador,Habitual,Café,Americano,2,1663.0,0.0,3327.0,5.8,4.4,1
ORD-05361,2025-08-27,Wednesday,10,Mostrador,Nuevo,Café,Cortado,3,1995.0,0.05,5685.0,8.9,4.9,1
ORD-01398,2025-08-27,Wednesday,11,Mostrador,Frecuente,Café,Cortado,1,1739.0,0.0,1739.0,2.1,5.0,0
ORD-00003,2025-08-27,Wednesday,12,Mostrador,Frecuente,Pastelería,Cookie,2,1889.0,0.0,3779.0,7.1,4.7,1
ORD-01723,2025-08-27,Wednesday,12,Mostrador,Nuevo,Café,Espresso,3,1894.0,0.0,5683.0,12.1,5.0,0
ORD-02380,2025-08-27,Wednesday,12,Delivery,Habitual,Almuerzo,Ensalada,1,4648.0,0.05,4416.0,18.5,3.7,0
ORD-01438,2025-08-27,Wednesday,13,Mostrador,Habitual,Café,Cortado,3,1533.0,0.0,4598.0,4.6,4.7,0
ORD-02258,2025-08-27,Wednesday,13,Delivery,Nuevo,Café,Cortado,3,1571.0,0.0,4714.0,20.9,3.7,0
ORD-02551,2025-08-27,Wednesday,13,Mostrador,Nuevo,Café,Espresso,2,1746.0,0.0,3491.0,4.7,5.0,0
ORD-02930,2025-08-27,Wednesday,13,Mostrador,Frecuente,Café,Flat White,3,2078.0,0.1,5610.0,10.4,4.1,1
ORD-05954,2025-08-27,Wednesday,13,Takeaway,Habitual,Desayuno,Avocado toast,3,3914.0,0.0,11741.0,10.6,5.0,0
ORD-04460,2025-08-27,Wednesday,15,Mostrador,Habitual,Desayuno,Combo desayuno,1,4545.0,0.0,4545.0,7.8,3.8,0
ORD-00652,2025-08-27,Wednesday,17,Mostrador,Nuevo,Café,Espresso,1,1629.0,0.05,1548.0,10.1,4.6,0
ORD-05186,2025-08-27,Wednesday,17,Mostrador,Nuevo,Almuerzo,Tostado,2,4960.0,0.0,9921.0,4.0,5.0,1
ORD-00123,2025-08-27,Wednesday,18,Takeaway,Habitual,Bebidas frías,Iced latte,2,2977.0,0.0,5955.0,7.9,5.0,0
ORD-02324,2025-08-27,Wednesday,18,Mostrador,Habitual,Desayuno,Combo desayuno,1,4568.0,0.0,4568.0,5.7,4.8,1
ORD-04181,2025-08-27,Wednesday,18,Takeaway,Nuevo,Café,Espresso,1,1878.0,0.0,1878.0,10.6,4.3,0
ORD-05522,2025-08-27,Wednesday,20,Takeaway,Nuevo,Pastelería,Tostada dulce,2,1664.0,0.0,3329.0,6.3,4.8,0
ORD-05923,2025-08-28,Thursday,7,Takeaway,Habitual,Bebidas frías,Cold brew,2,2713.0,0.05,5154.0,10.7,4.3,0
ORD-02619,2025-08-28,Thursday,10,Mostrador,Nuevo,Café,Latte,3,1633.0,0.05,4655.0,11.9,4.2,0
ORD-05553,2025-08-28,Thursday,10,Takeaway,Frecuente,Almuerzo,Wrap,1,5548.0,0.05,5271.0,13.0,4.5,1
ORD-02396,2025-08-28,Thursday,11,Mostrador,Habitual,Pastelería,Croissant,1,1780.0,0.05,1691.0,5.5,4.4,0
ORD-03794,2025-08-28,Thursday,11,Mostrador,Nuevo,Café,Americano,1,1997.0,0.0,1997.0,8.9,4.5,0
ORD-04464,2025-08-28,Thursday,11,Mostrador,Habitual,Almuerzo,Wrap,3,5377.0,0.1,14519.0,2.0,4.7,0
ORD-05994,2025-08-28,Thursday,11,Takeaway,Nuevo,Café,Espresso,1,1524.0,0.0,1524.0,6.2,5.0,0
ORD-05879,2025-08-28,Thursday,12,Takeaway,Habitual,Desayuno,Yogur + granola,1,4357.0,0.0,4357.0,9.8,4.6,0
ORD-04437,2025-08-28,Thursday,14,Mostrador,Nuevo,Bebidas frías,Cold brew,1,2654.0,0.0,2654.0,8.8,4.7,0
ORD-04902,2025-08-28,Thursday,14,Mostrador,Nuevo,Bebidas frías,Limonada,1,2549.0,0.1,2295.0,8.6,4.9,1
ORD-01693,2025-08-28,Thursday,15,Mostrador,Habitual,Café,Espresso,2,1939.0,0.05,3684.0,7.1,4.5,0
ORD-03963,2025-08-28,Thursday,15,Delivery,Habitual,Café,Latte,3,1889.0,0.0,5666.0,17.4,4.9,1
ORD-05138,2025-08-28,Thursday,15,Takeaway,Frecuente,Almuerzo,Bagel,1,4793.0,0.0,4793.0,7.0,4.8,0
ORD-01277,2025-08-28,Thursday,16,Mostrador,Nuevo,Bebidas frías,Iced latte,2,2978.0,0.0,5956.0,2.9,5.0,1
ORD-04302,2025-08-28,Thursday,16,Takeaway,Habitual,Pastelería,Cookie,1,1693.0,0.1,1524.0,5.0,5.0,1
ORD-06013,2025-08-28,Thursday,16,Mostrador,Habitual,Almuerzo,Wrap,2,4522.0,0.0,9045.0,4.5,5.0,0
ORD-06228,2025-08-28,Thursday,16,Delivery,Habitual,Pastelería,Budín,1,1733.0,0.0,1733.0,13.3,4.2,0
ORD-00842,2025-08-28,Thursday,17,Takeaway,Habitual,Bebidas frías,Cold brew,1,2356.0,0.0,2356.0,11.4,4.0,1
ORD-02086,2025-08-28,Thursday,17,Delivery,Nuevo,Pastelería,Budín,1,1607.0,0.15,1366.0,21.9,3.3,1
ORD-02195,2025-08-28,Thursday,20,Mostrador,Habitual,Almuerzo,Bagel,2,5541.0,0.05,10528.0,8.4,4.5,0
ORD-02050,2025-08-29,Friday,9,Mostrador,Nuevo,Café,Americano,3,1835.0,0.0,5506.0,10.1,4.3,0
ORD-01597,2025-08-29,Friday,10,Takeaway,Habitual,Bebidas frías,Cold brew,1,2890.0,0.0,2890.0,8.7,4.7,1
ORD-03834,2025-08-29,Friday,11,Takeaway,Frecuente,Café,Flat White,2,1741.0,0.0,3483.0,4.2,4.7,0
ORD-06481,2025-08-29,Friday,12,Mostrador,Habitual,Café,Espresso,2,1545.0,0.1,2782.0,6.2,5.0,1
ORD-05143,2025-08-29,Friday,13,Mostrador,Habitual,Café,Cortado,1,1733.0,0.0,1733.0,7.6,4.7,0
ORD-06153,2025-08-29,Friday,14,Takeaway,Habitual,Desayuno,Yogur + granola,1,3684.0,0.1,3316.0,13.1,4.2,0
ORD-06166,2025-08-29,Friday,14,Mostrador,Habitual,Almuerzo,Ensalada,1,5075.0,0.1,4568.0,5.7,4.6,0
ORD-00730,2025-08-29,Friday,15,Delivery,Habitual,Bebidas frías,Limonada,2,2702.0,0.15,4594.0,20.4,2.9,0
ORD-02584,2025-08-29,Friday,15,Mostrador,Nuevo,Desayuno,Avocado toast,1,4083.0,0.05,3879.0,4.3,4.4,0
ORD-04321,2025-08-29,Friday,15,Takeaway,Habitual,Pastelería,Tostada dulce,1,1711.0,0.0,1711.0,6.2,4.0,0
ORD-05015,2025-08-29,Friday,15,Mostrador,Frecuente,Pastelería,Budín,3,1582.0,0.0,4745.0,6.7,5.0,0
ORD-00316,2025-08-29,Friday,17,Delivery,Habitual,Desayuno,Avocado toast,3,3516.0,0.15,8967.0,17.3,3.8,0
ORD-01981,2025-08-29,Friday,17,Delivery,Frecuente,Café,Espresso,2,1539.0,0.0,3078.0,15.0,4.2,0
ORD-02023,2025-08-29,Friday,17,Mostrador,Habitual,Café,Cortado,1,1934.0,0.0,1934.0,6.3,4.2,0
ORD-02897,2025-08-29,Friday,17,Mostrador,Nuevo,Almuerzo,Bagel,1,5564.0,0.05,5286.0,7.2,5.0,0
ORD-03409,2025-08-29,Friday,17,Delivery,Frecuente,Pastelería,Tostada dulce,1,1735.0,0.0,1735.0,16.1,4.0,1
ORD-02022,2025-08-29,Friday,18,Mostrador,Frecuente,Bebidas frías,Iced latte,2,3007.0,0.0,6015.0,2.0,5.0,0
ORD-03438,2025-08-29,Friday,18,Mostrador,Habitual,Pastelería,Budín,1,1431.0,0.0,1431.0,2.6,4.8,0
ORD-06343,2025-08-29,Friday,19,Mostrador,Frecuente,Café,Espresso,2,1726.0,0.0,3452.0,5.1,4.2,1
ORD-01959,2025-08-30,Saturday,9,Mostrador,Nuevo,Café,Espresso,1,1823.0,0.0,1823.0,3.5,5.0,0
ORD-00372,2025-08-30,Saturday,12,Mostrador,Frecuente,Pastelería,Cookie,1,1704.0,0.0,1704.0,7.7,4.3,0
ORD-00446,2025-08-30,Saturday,13,Delivery,Nuevo,Pastelería,Croissant,1,1498.0,0.05,1423.0,22.3,3.3,0
ORD-03000,2025-08-30,Saturday,13,Mostrador,Nuevo,Café,Latte,1,1751.0,0.1,1576.0,7.4,3.6,0
ORD-05714,2025-08-30,Saturday,14,Mostrador,Habitual,Café,Cortado,1,2059.0,0.0,2059.0,7.0,4.8,1
ORD-02088,2025-08-30,Saturday,15,Delivery,Habitual,Almuerzo,Tostado,1,5354.0,0.0,5354.0,17.3,4.4,1
ORD-00255,2025-08-30,Saturday,16,Mostrador,Frecuente,Pastelería,Croissant,1,1526.0,0.0,1526.0,2.0,5.0,0
ORD-04400,2025-08-30,Saturday,16,Takeaway,Nuevo,Café,Americano,1,1815.0,0.0,1815.0,8.6,5.0,0
ORD-00156,2025-08-30,Saturday,17,Takeaway,Frecuente,Café,Americano,1,1883.0,0.0,1883.0,2.3,5.0,0
ORD-03929,2025-08-30,Saturday,19,Mostrador,Habitual,Café,Latte,1,1792.0,0.0,1792.0,6.6,5.0,1
ORD-02771,2025-08-30,Saturday,20,Mostrador,Habitual,Almuerzo,Bagel,3,4607.0,0.0,13822.0,4.9,4.3,0
ORD-04489,2025-08-31,Sunday,9,Takeaway,Nuevo,Almuerzo,Wrap,1,5899.0,0.05,5604.0,9.5,4.7,0
ORD-00162,2025-08-31,Sunday,10,Takeaway,Habitual,Almuerzo,Bagel,1,5207.0,0.0,5207.0,9.4,4.8,1
ORD-05369,2025-08-31,Sunday,10,Mostrador,Habitual,Desayuno,Yogur + granola,1,3911.0,0.0,3911.0,9.3,5.0,0
ORD-02877,2025-08-31,Sunday,11,Mostrador,Habitual,Café,Espresso,1,1907.0,0.0,1907.0,10.1,4.3,1
ORD-05889,2025-08-31,Sunday,12,Mostrador,Habitual,Almuerzo,Tostado,1,5640.0,0.05,5358.0,10.9,4.2,0
ORD-04730,2025-08-31,Sunday,13,Mostrador,Habitual,Almuerzo,Tostado,3,5074.0,0.15,12938.0,9.1,4.8,0
ORD-04876,2025-08-31,Sunday,13,Mostrador,Nuevo,Almuerzo,Wrap,1,4151.0,0.1,3736.0,7.9,4.1,0
ORD-00108,2025-08-31,Sunday,14,Takeaway,Nuevo,Pastelería,Tostada dulce,1,1441.0,0.0,1441.0,11.2,3.9,0
ORD-01648,2025-08-31,Sunday,14,Takeaway,Frecuente,Café,Cortado,2,1776.0,0.0,3551.0,11.0,3.9,1
ORD-05298,2025-08-31,Sunday,14,Mostrador,Frecuente,Desayuno,Avocado toast,1,4232.0,0.05,4020.0,10.9,4.3,0
ORD-00822,2025-08-31,Sunday,15,Mostrador,Habitual,Café,Latte,1,1614.0,0.0,1614.0,5.2,5.0,0
ORD-02242,2025-08-31,Sunday,15,Mostrador,Nuevo,Bebidas frías,Iced latte,1,2580.0,0.15,2193.0,2.0,5.0,0
ORD-00237,2025-08-31,Sunday,16,Takeaway,Frecuente,Desayuno,Yogur + granola,1,4140.0,0.05,3933.0,9.0,4.6,1
ORD-00479,2025-08-31,Sunday,16,Mostrador,Nuevo,Bebidas frías,Limonada,1,2730.0,0.05,2593.0,2.8,5.0,0
ORD-00819,2025-08-31,Sunday,19,Mostrador,Habitual,Café,Americano,1,1881.0,0.0,1881.0,2.4,4.9,1
ORD-03739,2025-09-01,Monday,7,Mostrador,Frecuente,Desayuno,Yogur + granola,1,4050.0,0.15,3443.0,2.0,4.8,1
ORD-00122,2025-09-01,Monday,8,Takeaway,Habitual,Desayuno,Combo desayuno,1,4638.0,0.1,4175.0,11.5,4.3,0
ORD-02722,2025-09-01,Monday,8,Mostrador,Habitual,Café,Latte,2,1656.0,0.05,3146.0,7.9,4.9,0
ORD-02084,2025-09-01,Monday,10,Mostrador,Nuevo,Bebidas frías,Limonada,1,2567.0,0.0,2567.0,10.9,4.0,0
ORD-05447,2025-09-01,Monday,10,Delivery,Nuevo,Café,Flat White,3,1815.0,0.0,5446.0,25.9,3.6,1
ORD-01049,2025-09-01,Monday,14,Delivery,Habitual,Café,Espresso,2,1763.0,0.05,3351.0,24.9,3.9,1
ORD-05218,2025-09-01,Monday,14,Mostrador,Habitual,Almuerzo,Wrap,1,5117.0,0.0,5117.0,5.8,4.4,0
ORD-03159,2025-09-01,Monday,15,Mostrador,Frecuente,Desayuno,Avocado toast,2,3780.0,0.0,7561.0,6.4,4.4,0
ORD-00311,2025-09-01,Monday,16,Delivery,Habitual,Almuerzo,Ensalada,1,5599.0,0.0,5599.0,18.6,3.9,0
ORD-02102,2025-09-01,Monday,16,Mostrador,Nuevo,Almuerzo,Wrap,2,5384.0,0.05,10229.0,2.0,5.0,0
ORD-02563,2025-09-01,Monday,16,Mostrador,Habitual,Bebidas frías,Cold brew,3,2567.0,0.15,6546.0,2.4,4.9,0
ORD-05811,2025-09-01,Monday,18,Mostrador,Nuevo,Café,Flat White,3,2093.0,0.15,5337.0,8.7,4.3,0
ORD-05870,2025-09-01,Monday,18,Mostrador,Nuevo,Desayuno,Tostadas,3,4331.0,0.0,12993.0,6.0,4.5,0
ORD-05204,2025-09-01,Monday,20,Mostrador,Habitual,Pastelería,Medialuna,2,1588.0,0.0,3177.0,2.0,5.0,0
ORD-00736,2025-09-02,Tuesday,9,Takeaway,Habitual,Pastelería,Medialuna,1,1669.0,0.15,1419.0,10.9,5.0,0
ORD-00641,2025-09-02,Tuesday,10,Takeaway,Frecuente,Café,Espresso,3,1867.0,0.0,5601.0,11.7,4.6,0
ORD-00080,2025-09-02,Tuesday,11,Mostrador,Frecuente,Café,Cortado,3,1910.0,0.0,5731.0,5.8,5.0,0
ORD-03983,2025-09-02,Tuesday,11,Mostrador,Nuevo,Desayuno,Yogur + granola,1,4011.0,0.0,4011.0,2.7,4.4,0
ORD-01132,2025-09-02,Tuesday,12,Delivery,Nuevo,Pastelería,Budín,1,1690.0,0.0,1690.0,19.4,3.5,0
ORD-01613,2025-09-02,Tuesday,12,Delivery,Nuevo,Café,Espresso,1,1751.0,0.0,1751.0,26.5,4.1,0
ORD-02616,2025-09-02,Tuesday,12,Delivery,Habitual,Café,Americano,1,2123.0,0.0,2123.0,18.7,4.6,0
ORD-04359,2025-09-02,Tuesday,12,Mostrador,Nuevo,Café,Latte,2,1528.0,0.0,3055.0,11.1,4.1,0
ORD-00283,2025-09-02,Tuesday,14,Takeaway,Habitual,Almuerzo,Wrap,1,4683.0,0.0,4683.0,11.8,3.9,0
ORD-03655,2025-09-02,Tuesday,14,Mostrador,Frecuente,Desayuno,Yogur + granola,1,4643.0,0.05,4411.0,3.5,4.7,0
ORD-04305,2025-09-02,Tuesday,16,Mostrador,Habitual,Café,Cortado,1,2018.0,0.0,2018.0,7.7,3.6,1
ORD-03193,2025-09-02,Tuesday,18,Takeaway,Nuevo,Café,Latte,1,1682.0,0.05,1598.0,6.8,5.0,0
ORD-00859,2025-09-02,Tuesday,19,Delivery,Nuevo,Pastelería,Cookie,3,1789.0,0.0,5368.0,13.2,4.2,0
ORD-05259,2025-09-02,Tuesday,19,Mostrador,Nuevo,Almuerzo,Tostado,1,5379.0,0.05,5110.0,5.7,4.6,0
ORD-03375,2025-09-03,Wednesday,7,Delivery,Habitual,Café,Latte,1,1645.0,0.15,1399.0,18.8,4.2,1
ORD-05376,2025-09-03,Wednesday,8,Mostrador,Nuevo,Pastelería,Cookie,3,1652.0,0.0,4955.0,8.6,4.3,0
ORD-01427,2025-09-03,Wednesday,9,Mostrador,Habitual,Almuerzo,Bagel,1,5845.0,0.0,5845.0,5.3,5.0,1
ORD-03002,2025-09-03,Wednesday,11,Mostrador,Frecuente,Café,Flat White,1,1874.0,0.0,1874.0,7.7,4.9,1
ORD-06236,2025-09-03,Wednesday,11,Mostrador,Frecuente,Café,Espresso,1,1783.0,0.0,1783.0,4.4,4.8,0
ORD-01813,2025-09-03,Wednesday,12,Mostrador,Habitual,Bebidas frías,Limonada,2,2703.0,0.1,4865.0,9.2,5.0,1
ORD-02659,2025-09-03,Wednesday,12,Takeaway,Frecuente,Café,Espresso,2,1748.0,0.05,3322.0,12.2,5.0,0
ORD-06429,2025-09-03,Wednesday,13,Mostrador,Habitual,Desayuno,Tostadas,3,4711.0,0.05,13428.0,3.4,4.9,1
ORD-00312,2025-09-03,Wednesday,14,Mostrador,Nuevo,Pastelería,Budín,1,1757.0,0.1,1582.0,7.4,4.2,0
ORD-02817,2025-09-03,Wednesday,14,Mostrador,Nuevo,Desayuno,Combo desayuno,1,4266.0,0.05,4053.0,9.0,4.3,0
ORD-02932,2025-09-03,Wednesday,14,Mostrador,Frecuente,Desayuno,Tostadas,1,4218.0,0.0,4218.0,11.3,5.0,0
ORD-04879,2025-09-03,Wednesday,15,Takeaway,Habitual,Pastelería,Medialuna,1,1569.0,0.0,1569.0,6.6,4.8,1
ORD-06085,2025-09-03,Wednesday,15,Mostrador,Habitual,Desayuno,Tostadas,2,4164.0,0.0,8328.0,2.0,4.6,1
ORD-06344,2025-09-03,Wednesday,15,Mostrador,Frecuente,Desayuno,Avocado toast,1,4385.0,0.0,4385.0,3.5,5.0,1
ORD-01306,2025-09-03,Wednesday,16,Takeaway,Frecuente,Café,Americano,3,1799.0,0.1,4858.0,2.0,4.7,0
ORD-05828,2025-09-03,Wednesday,16,Mostrador,Habitual,Desayuno,Combo desayuno,1,4863.0,0.05,4619.0,4.0,5.0,0
ORD-02280,2025-09-03,Wednesday,17,Mostrador,Nuevo,Café,Americano,1,1858.0,0.05,1765.0,3.8,4.8,0
ORD-05403,2025-09-03,Wednesday,20,Takeaway,Habitual,Café,Espresso,1,1727.0,0.0,1727.0,8.8,4.6,1
ORD-06212,2025-09-04,Thursday,7,Mostrador,Nuevo,Desayuno,Tostadas,2,4552.0,0.15,7739.0,4.2,4.8,0
ORD-02112,2025-09-04,Thursday,9,Delivery,Habitual,Desayuno,Avocado toast,1,3805.0,0.0,3805.0,20.2,4.2,0
ORD-03610,2025-09-04,Thursday,9,Mostrador,Habitual,Café,Espresso,1,1835.0,0.05,1743.0,10.2,4.2,0
ORD-04170,2025-09-04,Thursday,9,Delivery,Nuevo,Bebidas frías,Limonada,3,2776.0,0.0,8328.0,24.8,3.8,0
ORD-02438,2025-09-04,Thursday,11,Mostrador,Nuevo,Almuerzo,Wrap,2,4643.0,0.0,9286.0,6.2,4.8,0
ORD-05536,2025-09-04,Thursday,11,Mostrador,Habitual,Almuerzo,Bagel,1,5181.0,0.1,4663.0,2.0,4.6,1
ORD-01424,2025-09-04,Thursday,12,Delivery,Nuevo,Café,Espresso,2,1667.0,0.0,3335.0,26.3,3.6,0
ORD-03813,2025-09-04,Thursday,12,Takeaway,Habitual,Café,Americano,1,2007.0,0.1,1806.0,11.6,5.0,0
ORD-03984,2025-09-04,Thursday,13,Takeaway,Nuevo,Desayuno,Tostadas,2,3451.0,0.0,6901.0,15.2,4.8,0
ORD-05848,2025-09-04,Thursday,13,Mostrador,Frecuente,Bebidas frías,Licuado,1,2536.0,0.0,2536.0,8.6,5.0,1
ORD-01329,2025-09-04,Thursday,14,Mostrador,Frecuente,Desayuno,Combo desayuno,3,4483.0,0.0,13449.0,6.9,5.0,0
ORD-05643,2025-09-04,Thursday,16,Delivery,Nuevo,Pastelería,Medialuna,1,1486.0,0.0,1486.0,15.8,3.6,0
ORD-01071,2025-09-04,Thursday,17,Delivery,Habitual,Café,Americano,1,1859.0,0.0,1859.0,21.0,3.5,0
ORD-01274,2025-09-04,Thursday,18,Takeaway,Habitual,Pastelería,Croissant,2,1818.0,0.0,3635.0,4.2,4.0,0
ORD-03233,2025-09-04,Thursday,18,Takeaway,Habitual,Bebidas frías,Licuado,3,2542.0,0.0,7626.0,10.6,4.2,0
ORD-05518,2025-09-04,Thursday,20,Mostrador,Habitual,Café,Cortado,2,1661.0,0.1,2990.0,3.3,4.8,0
ORD-01298,2025-09-05,Friday,11,Mostrador,Nuevo,Almuerzo,Ensalada,2,5152.0,0.0,10304.0,2.0,5.0,0
ORD-04201,2025-09-05,Friday,11,Delivery,Nuevo,Almuerzo,Tostado,1,5161.0,0.0,5161.0,21.8,3.1,0
ORD-05644,2025-09-05,Friday,11,Mostrador,Habitual,Café,Latte,1,1763.0,0.1,1587.0,8.0,5.0,1
ORD-00711,2025-09-05,Friday,12,Delivery,Nuevo,Bebidas frías,Iced latte,1,2774.0,0.05,2635.0,14.2,4.0,0
ORD-06454,2025-09-05,Friday,12,Takeaway,Nuevo,Desayuno,Combo desayuno,1,3957.0,0.0,3957.0,11.5,4.0,0
ORD-00416,2025-09-05,Friday,13,Delivery,Nuevo,Café,Americano,2,1836.0,0.0,3671.0,19.1,3.9,0
ORD-02034,2025-09-05,Friday,13,Takeaway,Nuevo,Pastelería,Budín,3,1665.0,0.15,4245.0,11.9,4.8,1
ORD-03390,2025-09-05,Friday,13,Takeaway,Habitual,Almuerzo,Wrap,2,5629.0,0.0,11257.0,11.8,4.2,1
ORD-03767,2025-09-05,Friday,13,Mostrador,Habitual,Pastelería,Tostada dulce,1,1445.0,0.0,1445.0,14.3,4.2,0
ORD-04999,2025-09-05,Friday,13,Delivery,Nuevo,Café,Cortado,1,1976.0,0.0,1976.0,21.5,3.9,0
ORD-05124,2025-09-05,Friday,13,Mostrador,Nuevo,Café,Cortado,2,1739.0,0.0,3478.0,12.0,5.0,0
ORD-05129,2025-09-05,Friday,13,Mostrador,Nuevo,Pastelería,Medialuna,1,1397.0,0.0,1397.0,9.5,3.7,0
ORD-00049,2025-09-05,Friday,14,Mostrador,Habitual,Café,Espresso,3,1721.0,0.0,5164.0,9.5,4.7,1
ORD-00257,2025-09-05,Friday,14,Mostrador,Nuevo,Café,Flat White,2,1939.0,0.05,3684.0,9.8,5.0,1
ORD-04924,2025-09-05,Friday,14,Mostrador,Nuevo,Bebidas frías,Licuado,1,3146.0,0.05,2989.0,8.1,4.3,0
ORD-06350,2025-09-05,Friday,14,Delivery,Habitual,Desayuno,Avocado toast,3,3353.0,0.0,10058.0,20.2,3.7,1
ORD-01668,2025-09-05,Friday,15,Mostrador,Habitual,Pastelería,Budín,1,1558.0,0.0,1558.0,6.4,4.2,1
ORD-03206,2025-09-05,Friday,16,Mostrador,Nuevo,Bebidas frías,Iced latte,2,2965.0,0.0,5931.0,4.7,4.7,0
ORD-01327,2025-09-05,Friday,17,Mostrador,Nuevo,Almuerzo,Tostado,2,5409.0,0.1,9736.0,5.6,5.0,0
ORD-03519,2025-09-05,Friday,17,Mostrador,Frecuente,Almuerzo,Tostado,1,5596.0,0.0,5596.0,7.2,5.0,0
ORD-06223,2025-09-06,Saturday,7,Takeaway,Nuevo,Pastelería,Tostada dulce,3,1676.0,0.05,4778.0,7.9,4.4,0
ORD-05955,2025-09-06,Saturday,8,Takeaway,Habitual,Café,Cortado,1,1717.0,0.0,1717.0,14.2,4.4,0
ORD-01973,2025-09-06,Saturday,9,Takeaway,Frecuente,Café,Cortado,1,1908.0,0.0,1908.0,13.9,4.4,1
ORD-03829,2025-09-06,Saturday,10,Delivery,Habitual,Café,Latte,3,1686.0,0.1,4552.0,22.5,3.7,0
ORD-05919,2025-09-06,Saturday,10,Mostrador,Nuevo,Bebidas frías,Licuado,2,2818.0,0.0,5637.0,8.3,4.8,0
ORD-01703,2025-09-06,Saturday,11,Mostrador,Habitual,Café,Latte,2,1760.0,0.1,3168.0,3.8,4.6,0
ORD-02632,2025-09-06,Saturday,11,Mostrador,Nuevo,Desayuno,Yogur + granola,1,4574.0,0.0,4574.0,7.4,5.0,1
ORD-00550,2025-09-06,Saturday,12,Delivery,Nuevo,Pastelería,Budín,2,1664.0,0.15,2829.0,20.3,3.8,0
ORD-06097,2025-09-06,Saturday,13,Mostrador,Habitual,Almuerzo,Ensalada,2,4650.0,0.15,7905.0,11.3,3.7,0
ORD-04822,2025-09-06,Saturday,14,Mostrador,Nuevo,Café,Espresso,2,1823.0,0.0,3647.0,9.6,5.0,0
ORD-00827,2025-09-06,Saturday,15,Takeaway,Frecuente,Café,Americano,1,1658.0,0.0,1658.0,7.8,4.2,1
ORD-05598,2025-09-06,Saturday,15,Mostrador,Habitual,Café,Americano,1,1895.0,0.0,1895.0,2.6,5.0,0
ORD-02285,2025-09-06,Saturday,18,Mostrador,Nuevo,Café,Latte,2,1605.0,0.0,3210.0,2.0,5.0,0
ORD-04166,2025-09-06,Saturday,18,Takeaway,Habitual,Almuerzo,Bagel,2,4650.0,0.0,9300.0,4.4,5.0,0
ORD-03192,2025-09-06,Saturday,19,Mostrador,Nuevo,Café,Flat White,1,2047.0,0.0,2047.0,7.0,5.0,0
ORD-02468,2025-09-06,Saturday,20,Mostrador,Habitual,Café,Espresso,1,1755.0,0.1,1579.0,6.7,5.0,0
ORD-01780,2025-09-07,Sunday,7,Takeaway,Habitual,Desayuno,Combo desayuno,2,3911.0,0.0,7822.0,6.2,4.6,0
ORD-00060,2025-09-07,Sunday,9,Takeaway,Frecuente,Bebidas frías,Iced latte,1,3035.0,0.1,2732.0,13.1,4.3,1
ORD-00813,2025-09-07,Sunday,10,Takeaway,Habitual,Almuerzo,Bagel,2,5444.0,0.0,10887.0,12.3,5.0,0
ORD-02267,2025-09-07,Sunday,10,Delivery,Frecuente,Almuerzo,Bagel,1,5312.0,0.0,5312.0,22.8,4.0,1
ORD-00191,2025-09-07,Sunday,12,Delivery,Habitual,Café,Cortado,1,1903.0,0.0,1903.0,22.0,4.6,1
ORD-04443,2025-09-07,Sunday,13,Takeaway,Habitual,Café,Americano,2,1589.0,0.05,3019.0,12.9,4.2,1
ORD-00098,2025-09-07,Sunday,15,Mostrador,Nuevo,Almuerzo,Tostado,2,5067.0,0.1,9121.0,5.8,4.7,0
ORD-03719,2025-09-07,Sunday,15,Mostrador,Nuevo,Almuerzo,Wrap,3,4915.0,0.0,14746.0,4.8,4.4,0
ORD-05670,2025-09-07,Sunday,16,Mostrador,Habitual,Bebidas frías,Iced latte,3,2683.0,0.0,8049.0,4.5,4.3,0
ORD-05854,2025-09-07,Sunday,16,Mostrador,Habitual,Desayuno,Combo desayuno,1,4741.0,0.15,4030.0,8.5,4.1,1
ORD-06251,2025-09-07,Sunday,16,Takeaway,Nuevo,Desayuno,Avocado toast,2,4514.0,0.0,9028.0,5.2,4.2,0
ORD-01696,2025-09-07,Sunday,17,Mostrador,Nuevo,Almuerzo,Ensalada,3,5598.0,0.0,16795.0,2.0,5.0,0
ORD-05723,2025-09-07,Sunday,17,Takeaway,Frecuente,Café,Cortado,1,1914.0,0.05,1818.0,3.8,5.0,0
ORD-05004,2025-09-07,Sunday,18,Delivery,Frecuente,Pastelería,Croissant,2,1751.0,0.15,2977.0,21.2,4.4,1
ORD-01510,2025-09-07,Sunday,19,Mostrador,Habitual,Café,Espresso,1,1910.0,0.0,1910.0,2.7,4.4,0
ORD-03612,2025-09-07,Sunday,19,Mostrador,Nuevo,Pastelería,Tostada dulce,1,1555.0,0.0,1555.0,5.4,4.8,0
ORD-05023,2025-09-07,Sunday,20,Mostrador,Nuevo,Almuerzo,Tostado,1,6068.0,0.0,6068.0,6.4,5.0,0
ORD-00636,2025-09-08,Monday,8,Mostrador,Nuevo,Café,Latte,1,1647.0,0.15,1400.0,10.0,5.0,0
ORD-01547,2025-09-08,Monday,11,Takeaway,Habitual,Bebidas frías,Limonada,1,2708.0,0.0,2708.0,7.2,5.0,0
ORD-02256,2025-09-08,Monday,13,Mostrador,Frecuente,Desayuno,Combo desayuno,1,3773.0,0.0,3773.0,5.8,4.5,0
ORD-03797,2025-09-08,Monday,13,Delivery,Nuevo,Almuerzo,Tostado,1,4857.0,0.0,4857.0,23.4,2.9,0
ORD-04020,2025-09-08,Monday,13,Mostrador,Nuevo,Café,Cortado,1,1847.0,0.0,1847.0,10.4,4.9,0
ORD-03576,2025-09-08,Monday,14,Takeaway,Nuevo,Desayuno,Avocado toast,1,4735.0,0.0,4735.0,11.0,4.1,0
ORD-00075,2025-09-08,Monday,15,Mostrador,Habitual,Café,Flat White,2,1965.0,0.0,3931.0,5.9,4.8,0
ORD-05574,2025-09-08,Monday,16,Mostrador,Habitual,Pastelería,Budín,1,1524.0,0.0,1524.0,6.2,5.0,1
ORD-01062,2025-09-08,Monday,17,Takeaway,Nuevo,Café,Flat White,2,1766.0,0.0,3532.0,6.9,5.0,0
ORD-02136,2025-09-08,Monday,17,Mostrador,Frecuente,Café,Latte,2,1667.0,0.0,3335.0,2.0,4.4,0
ORD-04037,2025-09-08,Monday,17,Mostrador,Habitual,Almuerzo,Tostado,1,5974.0,0.1,5377.0,2.0,5.0,0
ORD-00788,2025-09-08,Monday,18,Takeaway,Nuevo,Café,Flat White,1,1744.0,0.0,1744.0,2.6,4.7,0
ORD-04732,2025-09-08,Monday,18,Takeaway,Nuevo,Almuerzo,Ensalada,2,5904.0,0.05,11217.0,5.3,4.5,0
ORD-00615,2025-09-08,Monday,19,Mostrador,Habitual,Bebidas frías,Cold brew,3,2651.0,0.0,7952.0,2.6,4.7,1
ORD-04215,2025-09-08,Monday,20,Takeaway,Nuevo,Café,Latte,1,1808.0,0.05,1718.0,5.0,5.0,1
ORD-01149,2025-09-09,Tuesday,10,Mostrador,Habitual,Almuerzo,Ensalada,2,5101.0,0.0,10201.0,11.7,5.0,0
ORD-06258,2025-09-09,Tuesday,11,Mostrador,Habitual,Almuerzo,Wrap,3,4915.0,0.0,14745.0,5.7,3.8,1
ORD-02718,2025-09-09,Tuesday,12,Mostrador,Nuevo,Desayuno,Yogur + granola,1,4602.0,0.0,4602.0,11.3,4.9,0
ORD-04672,2025-09-09,Tuesday,13,Mostrador,Habitual,Café,Cortado,1,1813.0,0.0,1813.0,11.6,4.4,0
ORD-03573,2025-09-09,Tuesday,14,Takeaway,Nuevo,Café,Flat White,2,1645.0,0.0,3290.0,11.1,4.3,0
ORD-04013,2025-09-09,Tuesday,14,Mostrador,Nuevo,Café,Flat White,1,1725.0,0.1,1552.0,8.7,4.1,0
ORD-03268,2025-09-09,Tuesday,15,Mostrador,Habitual,Café,Flat White,3,1686.0,0.0,5057.0,2.0,5.0,0
ORD-03588,2025-09-09,Tuesday,15,Delivery,Nuevo,Pastelería,Budín,1,1478.0,0.05,1404.0,16.5,4.8,0
ORD-04029,2025-09-09,Tuesday,15,Mostrador,Nuevo,Café,Espresso,1,1681.0,0.1,1513.0,4.7,5.0,1
ORD-00587,2025-09-09,Tuesday,16,Takeaway,Habitual,Pastelería,Croissant,1,1600.0,0.0,1600.0,9.4,4.7,0
ORD-05913,2025-09-09,Tuesday,16,Delivery,Habitual,Café,Flat White,1,1621.0,0.0,1621.0,19.9,4.0,1
ORD-05323,2025-09-09,Tuesday,17,Mostrador,Nuevo,Almuerzo,Ensalada,1,4652.0,0.05,4420.0,5.0,4.6,0
ORD-05402,2025-09-09,Tuesday,19,Delivery,Habitual,Pastelería,Medialuna,1,1626.0,0.05,1545.0,20.1,4.1,0
ORD-04856,2025-09-10,Wednesday,7,Takeaway,Habitual,Café,Americano,3,2336.0,0.0,7007.0,7.7,4.4,1
ORD-06332,2025-09-10,Wednesday,8,Takeaway,Frecuente,Bebidas frías,Limonada,1,2876.0,0.0,2876.0,9.8,5.0,0
ORD-00941,2025-09-10,Wednesday,9,Delivery,Nuevo,Desayuno,Yogur + granola,2,3657.0,0.1,6582.0,25.1,4.7,1
ORD-03976,2025-09-10,Wednesday,9,Delivery,Frecuente,Almuerzo,Tostado,2,4838.0,0.0,9676.0,21.2,3.1,1
ORD-02517,2025-09-10,Wednesday,13,Mostrador,Nuevo,Café,Cortado,2,1867.0,0.0,3734.0,7.3,4.2,0
ORD-05572,2025-09-10,Wednesday,13,Takeaway,Nuevo,Desayuno,Avocado toast,1,3989.0,0.1,3591.0,9.1,3.7,1
ORD-04887,2025-09-10,Wednesday,14,Takeaway,Frecuente,Café,Latte,1,1887.0,0.0,1887.0,10.5,4.7,1
ORD-05066,2025-09-10,Wednesday,14,Mostrador,Nuevo,Almuerzo,Tostado,1,5116.0,0.0,5116.0,6.8,5.0,0
ORD-04571,2025-09-10,Wednesday,15,Mostrador,Nuevo,Pastelería,Budín,2,1316.0,0.0,2632.0,2.0,4.5,0
ORD-01183,2025-09-10,Wednesday,17,Takeaway,Nuevo,Café,Flat White,1,1864.0,0.05,1771.0,12.3,4.7,0
ORD-01614,2025-09-10,Wednesday,17,Mostrador,Frecuente,Desayuno,Yogur + granola,1,3976.0,0.0,3976.0,2.9,4.6,0
ORD-04501,2025-09-10,Wednesday,18,Takeaway,Nuevo,Desayuno,Tostadas,1,3865.0,0.0,3865.0,2.3,4.3,0
ORD-06267,2025-09-10,Wednesday,18,Mostrador,Habitual,Desayuno,Combo desayuno,3,4592.0,0.0,13775.0,3.0,5.0,0
ORD-04805,2025-09-10,Wednesday,19,Takeaway,Nuevo,Café,Cortado,2,2004.0,0.0,4007.0,10.6,4.9,0
ORD-05112,2025-09-10,Wednesday,19,Takeaway,Habitual,Almuerzo,Bagel,1,5394.0,0.0,5394.0,5.8,4.6,0
ORD-05357,2025-09-11,Thursday,11,Mostrador,Nuevo,Desayuno,Tostadas,1,4009.0,0.15,3408.0,2.0,4.7,0
ORD-00666,2025-09-11,Thursday,12,Delivery,Nuevo,Pastelería,Cookie,1,1597.0,0.0,1597.0,27.3,4.0,0
ORD-03608,2025-09-11,Thursday,12,Mostrador,Frecuente,Almuerzo,Tostado,1,5256.0,0.0,5256.0,11.6,4.1,0
ORD-03877,2025-09-11,Thursday,12,Takeaway,Nuevo,Café,Espresso,1,1920.0,0.0,1920.0,12.7,4.5,0
ORD-05626,2025-09-11,Thursday,12,Mostrador,Habitual,Bebidas frías,Cold brew,1,3077.0,0.0,3077.0,9.8,4.4,1
ORD-06448,2025-09-11,Thursday,13,Mostrador,Habitual,Café,Flat White,2,1802.0,0.0,3604.0,14.7,4.5,0
ORD-00422,2025-09-11,Thursday,15,Mostrador,Nuevo,Bebidas frías,Iced latte,2,3128.0,0.05,5943.0,6.5,4.9,0
ORD-04760,2025-09-11,Thursday,15,Delivery,Nuevo,Almuerzo,Wrap,1,5128.0,0.1,4616.0,17.4,4.7,0
ORD-04591,2025-09-11,Thursday,18,Takeaway,Nuevo,Pastelería,Tostada dulce,2,1678.0,0.0,3356.0,6.8,4.3,0
ORD-04745,2025-09-12,Friday,8,Mostrador,Habitual,Pastelería,Tostada dulce,1,1534.0,0.0,1534.0,11.4,4.8,0
ORD-06028,2025-09-12,Friday,8,Delivery,Frecuente,Almuerzo,Ensalada,2,5311.0,0.0,10622.0,25.2,3.7,1
ORD-04522,2025-09-12,Friday,9,Takeaway,Habitual,Café,Latte,1,1760.0,0.0,1760.0,13.2,4.2,1
ORD-04683,2025-09-12,Friday,9,Takeaway,Habitual,Almuerzo,Ensalada,1,5108.0,0.1,4597.0,10.8,4.2,0
ORD-00175,2025-09-12,Friday,10,Mostrador,Frecuente,Almuerzo,Ensalada,1,4841.0,0.0,4841.0,8.9,4.2,0
ORD-02075,2025-09-12,Friday,10,Takeaway,Habitual,Pastelería,Cookie,1,1310.0,0.0,1310.0,8.3,5.0,1
ORD-00184,2025-09-12,Friday,11,Mostrador,Nuevo,Bebidas frías,Licuado,2,2700.0,0.15,4591.0,3.4,5.0,0
ORD-00008,2025-09-12,Friday,12,Mostrador,Nuevo,Café,Flat White,2,1728.0,0.0,3457.0,5.2,4.8,1
ORD-00866,2025-09-12,Friday,12,Mostrador,Nuevo,Almuerzo,Ensalada,1,5689.0,0.0,5689.0,12.2,5.0,0
ORD-05516,2025-09-12,Friday,13,Mostrador,Nuevo,Pastelería,Tostada dulce,1,1763.0,0.0,1763.0,5.1,5.0,1
ORD-05860,2025-09-12,Friday,13,Mostrador,Nuevo,Almuerzo,Ensalada,1,5113.0,0.05,4858.0,11.3,3.9,0
ORD-01472,2025-09-12,Friday,14,Takeaway,Frecuente,Café,Flat White,2,1804.0,0.0,3607.0,15.3,3.6,0
ORD-06357,2025-09-12,Friday,14,Mostrador,Nuevo,Café,Americano,1,1849.0,0.1,1664.0,10.9,4.9,0
ORD-04870,2025-09-12,Friday,16,Mostrador,Nuevo,Almuerzo,Bagel,1,4675.0,0.0,4675.0,2.8,4.8,1
ORD-04493,2025-09-12,Friday,17,Takeaway,Habitual,Café,Espresso,2,1824.0,0.0,3649.0,8.0,3.8,0
ORD-05154,2025-09-12,Friday,18,Mostrador,Habitual,Pastelería,Cookie,1,1635.0,0.0,1635.0,5.9,5.0,0
ORD-00875,2025-09-12,Friday,20,Mostrador,Nuevo,Café,Cortado,1,1942.0,0.0,1942.0,4.0,5.0,0
ORD-01303,2025-09-13,Saturday,7,Delivery,Nuevo,Pastelería,Croissant,1,1576.0,0.0,1576.0,21.4,4.8,0
ORD-02375,2025-09-13,Saturday,7,Delivery,Nuevo,Pastelería,Budín,3,1532.0,0.0,4595.0,14.9,4.9,0
ORD-00204,2025-09-13,Saturday,8,Mostrador,Nuevo,Pastelería,Budín,3,1629.0,0.0,4886.0,4.8,4.8,0
ORD-02501,2025-09-13,Saturday,8,Mostrador,Habitual,Café,Americano,2,1742.0,0.0,3485.0,4.1,5.0,0
ORD-00932,2025-09-13,Saturday,10,Takeaway,Habitual,Café,Espresso,2,1634.0,0.1,2941.0,7.5,3.9,0
ORD-01348,2025-09-13,Saturday,11,Takeaway,Nuevo,Bebidas frías,Iced latte,2,2395.0,0.0,4790.0,8.8,5.0,0
ORD-01733,2025-09-13,Saturday,12,Mostrador,Nuevo,Bebidas frías,Iced latte,3,2800.0,0.05,7980.0,11.6,4.4,0
ORD-03105,2025-09-13,Saturday,12,Delivery,Frecuente,Bebidas frías,Iced latte,2,2566.0,0.0,5133.0,20.2,3.7,0
ORD-00086,2025-09-13,Saturday,13,Mostrador,Nuevo,Café,Americano,2,1719.0,0.1,3094.0,5.6,4.9,0
ORD-02181,2025-09-13,Saturday,13,Takeaway,Frecuente,Desayuno,Combo desayuno,1,3527.0,0.05,3351.0,8.2,4.8,1
ORD-03221,2025-09-13,Saturday,13,Mostrador,Nuevo,Pastelería,Tostada dulce,2,1569.0,0.0,3137.0,5.6,5.0,0
ORD-02141,2025-09-13,Saturday,14,Mostrador,Nuevo,Café,Latte,1,1647.0,0.0,1647.0,12.2,5.0,0
ORD-05269,2025-09-13,Saturday,14,Mostrador,Habitual,Café,Americano,1,1553.0,0.0,1553.0,8.5,4.4,0
ORD-06424,2025-09-13,Saturday,14,Mostrador,Frecuente,Almuerzo,Bagel,2,5280.0,0.0,10561.0,8.3,5.0,0
ORD-00043,2025-09-13,Saturday,15,Mostrador,Nuevo,Café,Espresso,1,1924.0,0.0,1924.0,3.9,4.4,0
ORD-02211,2025-09-13,Saturday,16,Mostrador,Habitual,Café,Flat White,1,1649.0,0.0,1649.0,3.8,5.0,1
ORD-06388,2025-09-13,Saturday,17,Mostrador,Frecuente,Pastelería,Medialuna,2,1819.0,0.0,3638.0,6.9,4.7,1
ORD-00982,2025-09-14,Sunday,8,Mostrador,Nuevo,Bebidas frías,Licuado,1,2829.0,0.0,2829.0,9.2,4.1,0
ORD-02120,2025-09-14,Sunday,12,Mostrador,Frecuente,Pastelería,Tostada dulce,2,1734.0,0.0,3468.0,7.0,4.4,1
ORD-01595,2025-09-14,Sunday,13,Takeaway,Habitual,Almuerzo,Wrap,3,5511.0,0.05,15707.0,13.7,4.7,0
ORD-00223,2025-09-14,Sunday,14,Delivery,Nuevo,Café,Americano,1,1756.0,0.0,1756.0,18.2,5.0,1
ORD-04568,2025-09-14,Sunday,15,Takeaway,Habitual,Bebidas frías,Cold brew,1,3156.0,0.0,3156.0,9.1,4.6,0
ORD-03933,2025-09-14,Sunday,16,Mostrador,Habitual,Bebidas frías,Licuado,1,2819.0,0.0,2819.0,6.0,5.0,0
ORD-01194,2025-09-14,Sunday,19,Mostrador,Nuevo,Almuerzo,Tostado,2,4957.0,0.05,9418.0,3.6,4.3,1
ORD-05029,2025-09-14,Sunday,19,Delivery,Habitual,Desayuno,Avocado toast,2,4097.0,0.0,8195.0,20.4,4.0,0
ORD-01041,2025-09-15,Monday,9,Delivery,Nuevo,Desayuno,Combo desayuno,1,3788.0,0.0,3788.0,23.8,3.8,0
ORD-01539,2025-09-15,Monday,10,Mostrador,Nuevo,Almuerzo,Wrap,2,4329.0,0.15,7359.0,10.6,4.3,0
ORD-02842,2025-09-15,Monday,10,Delivery,Nuevo,Desayuno,Avocado toast,1,4492.0,0.0,4492.0,19.0,4.8,0
ORD-06207,2025-09-15,Monday,11,Takeaway,Habitual,Café,Cortado,1,1719.0,0.0,1719.0,9.1,4.7,0
ORD-05822,2025-09-15,Monday,12,Delivery,Habitual,Café,Americano,1,1816.0,0.0,1816.0,20.1,3.8,1
ORD-06072,2025-09-15,Monday,12,Mostrador,Frecuente,Café,Cortado,1,1811.0,0.0,1811.0,11.2,4.0,1
ORD-05478,2025-09-15,Monday,13,Takeaway,Nuevo,Bebidas frías,Cold brew,2,2313.0,0.0,4626.0,8.7,4.4,0
ORD-02155,2025-09-15,Monday,14,Mostrador,Habitual,Café,Americano,1,1901.0,0.05,1806.0,8.4,5.0,0
ORD-02707,2025-09-15,Monday,14,Mostrador,Frecuente,Pastelería,Tostada dulce,1,1713.0,0.0,1713.0,7.2,5.0,0
ORD-03557,2025-09-15,Monday,14,Delivery,Nuevo,Café,Americano,2,1731.0,0.0,3461.0,19.4,4.1,0
ORD-04533,2025-09-15,Monday,14,Takeaway,Nuevo,Bebidas frías,Cold brew,3,2691.0,0.0,8072.0,9.1,4.9,0
ORD-04567,2025-09-15,Monday,14,Takeaway,Nuevo,Almuerzo,Ensalada,2,6149.0,0.0,12298.0,10.3,5.0,1
ORD-00110,2025-09-15,Monday,15,Mostrador,Habitual,Bebidas frías,Limonada,1,2637.0,0.0,2637.0,5.7,4.9,0
ORD-04454,2025-09-15,Monday,15,Takeaway,Habitual,Desayuno,Yogur + granola,3,3566.0,0.05,10162.0,9.4,5.0,0
ORD-03068,2025-09-15,Monday,16,Takeaway,Habitual,Café,Americano,1,1688.0,0.0,1688.0,6.2,5.0,0
ORD-01064,2025-09-15,Monday,17,Takeaway,Nuevo,Bebidas frías,Cold brew,1,2244.0,0.0,2244.0,6.5,4.5,0
ORD-02774,2025-09-15,Monday,18,Mostrador,Nuevo,Pastelería,Medialuna,3,1539.0,0.05,4386.0,5.7,5.0,0
ORD-03005,2025-09-15,Monday,19,Delivery,Habitual,Café,Espresso,2,1882.0,0.05,3575.0,18.6,4.1,0
ORD-04157,2025-09-15,Monday,20,Mostrador,Habitual,Desayuno,Avocado toast,1,4115.0,0.0,4115.0,5.8,5.0,0
ORD-05207,2025-09-15,Monday,20,Mostrador,Habitual,Almuerzo,Wrap,1,4779.0,0.0,4779.0,6.9,4.6,0
ORD-00906,2025-09-16,Tuesday,7,Mostrador,Habitual,Pastelería,Medialuna,1,1669.0,0.0,1669.0,4.3,5.0,0
ORD-05779,2025-09-16,Tuesday,7,Mostrador,Habitual,Almuerzo,Bagel,1,4505.0,0.0,4505.0,2.5,4.2,1
ORD-05583,2025-09-16,Tuesday,9,Mostrador,Nuevo,Desayuno,Yogur + granola,3,4200.0,0.05,11971.0,10.2,4.3,0
ORD-02820,2025-09-16,Tuesday,10,Mostrador,Habitual,Pastelería,Croissant,3,1451.0,0.1,3917.0,10.5,4.1,0
ORD-00541,2025-09-16,Tuesday,11,Mostrador,Nuevo,Desayuno,Yogur + granola,1,4050.0,0.0,4050.0,5.8,5.0,1
ORD-03681,2025-09-16,Tuesday,11,Delivery,Nuevo,Bebidas frías,Limonada,3,2727.0,0.0,8182.0,22.4,3.6,0
ORD-04555,2025-09-16,Tuesday,11,Delivery,Nuevo,Café,Cortado,1,1776.0,0.0,1776.0,14.8,3.4,0
ORD-02799,2025-09-16,Tuesday,12,Mostrador,Nuevo,Café,Latte,2,1748.0,0.0,3496.0,5.9,4.6,0
ORD-03931,2025-09-16,Tuesday,12,Mostrador,Habitual,Café,Latte,3,1863.0,0.0,5589.0,10.6,4.3,1
ORD-05410,2025-09-16,Tuesday,13,Mostrador,Habitual,Almuerzo,Tostado,1,5085.0,0.0,5085.0,11.6,4.0,0
ORD-05840,2025-09-16,Tuesday,13,Takeaway,Habitual,Almuerzo,Wrap,1,4910.0,0.0,4910.0,9.2,4.2,1
ORD-04695,2025-09-16,Tuesday,15,Takeaway,Habitual,Bebidas frías,Limonada,2,2986.0,0.0,5972.0,6.8,5.0,1
ORD-03065,2025-09-16,Tuesday,16,Mostrador,Frecuente,Pastelería,Budín,2,1650.0,0.0,3300.0,3.9,5.0,0
ORD-04584,2025-09-16,Tuesday,16,Mostrador,Frecuente,Pastelería,Cookie,1,1666.0,0.0,1666.0,10.0,4.3,0
ORD-01045,2025-09-16,Tuesday,17,Mostrador,Habitual,Café,Espresso,3,1873.0,0.1,5058.0,7.0,5.0,1
ORD-01600,2025-09-16,Tuesday,17,Delivery,Nuevo,Desayuno,Avocado toast,3,4367.0,0.0,13100.0,18.0,4.4,1
ORD-05463,2025-09-16,Tuesday,17,Takeaway,Habitual,Desayuno,Avocado toast,2,3878.0,0.0,7756.0,5.1,5.0,1
ORD-03050,2025-09-16,Tuesday,20,Takeaway,Nuevo,Bebidas frías,Iced latte,3,2865.0,0.0,8596.0,4.4,4.5,1
ORD-06032,2025-09-16,Tuesday,20,Takeaway,Habitual,Bebidas frías,Limonada,1,2684.0,0.0,2684.0,4.7,4.5,1
ORD-01077,2025-09-17,Wednesday,8,Takeaway,Nuevo,Almuerzo,Wrap,1,5432.0,0.0,5432.0,10.2,4.3,1
ORD-03856,2025-09-17,Wednesday,8,Takeaway,Nuevo,Desayuno,Yogur + granola,1,3584.0,0.05,3405.0,11.8,4.2,0
ORD-03135,2025-09-17,Wednesday,10,Delivery,Nuevo,Café,Cortado,1,1833.0,0.0,1833.0,18.8,3.6,0
ORD-03446,2025-09-17,Wednesday,12,Mostrador,Habitual,Café,Flat White,1,1858.0,0.0,1858.0,11.9,3.9,0
ORD-03490,2025-09-17,Wednesday,12,Mostrador,Nuevo,Café,Cortado,2,1854.0,0.0,3707.0,7.1,4.9,1
ORD-06296,2025-09-17,Wednesday,12,Takeaway,Nuevo,Almuerzo,Bagel,1,5368.0,0.0,5368.0,11.0,4.5,0
ORD-01522,2025-09-17,Wednesday,13,Mostrador,Habitual,Pastelería,Tostada dulce,2,1562.0,0.0,3123.0,7.5,4.7,1
ORD-00892,2025-09-17,Wednesday,14,Takeaway,Nuevo,Café,Americano,1,1858.0,0.15,1579.0,10.3,4.5,1
ORD-06346,2025-09-17,Wednesday,14,Mostrador,Nuevo,Café,Cortado,1,1479.0,0.0,1479.0,10.0,4.1,0
ORD-03870,2025-09-17,Wednesday,15,Takeaway,Frecuente,Café,Flat White,2,1640.0,0.0,3280.0,8.9,3.6,0
ORD-04212,2025-09-17,Wednesday,15,Mostrador,Nuevo,Desayuno,Combo desayuno,1,3953.0,0.05,3756.0,5.1,4.8,0
ORD-01317,2025-09-17,Wednesday,16,Delivery,Nuevo,Café,Americano,3,1994.0,0.0,5981.0,17.9,4.0,0
ORD-02408,2025-09-17,Wednesday,17,Takeaway,Frecuente,Café,Espresso,1,1586.0,0.0,1586.0,8.4,4.8,0
ORD-02245,2025-09-17,Wednesday,18,Mostrador,Nuevo,Café,Latte,3,2117.0,0.1,5716.0,4.3,4.6,1
ORD-05875,2025-09-17,Wednesday,18,Mostrador,Habitual,Pastelería,Croissant,1,1350.0,0.0,1350.0,2.0,4.7,0
ORD-05956,2025-09-17,Wednesday,18,Mostrador,Habitual,Almuerzo,Wrap,1,5479.0,0.1,4931.0,7.1,5.0,0
ORD-01894,2025-09-17,Wednesday,19,Takeaway,Habitual,Café,Flat White,1,2082.0,0.1,1874.0,7.0,4.1,0
ORD-04519,2025-09-17,Wednesday,20,Takeaway,Frecuente,Café,Flat White,1,2020.0,0.0,2020.0,5.1,5.0,1
ORD-04575,2025-09-17,Wednesday,20,Mostrador,Frecuente,Pastelería,Croissant,3,1568.0,0.05,4470.0,6.3,5.0,0
ORD-06215,2025-09-17,Wednesday,20,Mostrador,Nuevo,Café,Espresso,2,1830.0,0.0,3660.0,4.8,5.0,1
ORD-06226,2025-09-17,Wednesday,20,Takeaway,Habitual,Pastelería,Croissant,3,1425.0,0.0,4274.0,10.1,4.6,0
ORD-02055,2025-09-18,Thursday,7,Takeaway,Habitual,Almuerzo,Wrap,2,4757.0,0.0,9514.0,4.7,5.0,0
ORD-06485,2025-09-18,Thursday,9,Delivery,Nuevo,Bebidas frías,Licuado,1,2755.0,0.0,2755.0,26.3,3.7,0
ORD-03151,2025-09-18,Thursday,10,Mostrador,Habitual,Desayuno,Tostadas,1,4230.0,0.0,4230.0,10.0,5.0,0
ORD-05253,2025-09-18,Thursday,10,Mostrador,Nuevo,Almuerzo,Ensalada,1,4803.0,0.0,4803.0,11.4,4.0,1
ORD-01197,2025-09-18,Thursday,13,Delivery,Nuevo,Pastelería,Cookie,1,1617.0,0.1,1455.0,20.6,4.2,0
ORD-03554,2025-09-18,Thursday,13,Delivery,Habitual,Almuerzo,Ensalada,3,5351.0,0.0,16053.0,22.4,4.4,0
ORD-01276,2025-09-18,Thursday,14,Takeaway,Nuevo,Pastelería,Cookie,3,1794.0,0.0,5381.0,12.7,5.0,0
ORD-02295,2025-09-18,Thursday,14,Mostrador,Nuevo,Almuerzo,Ensalada,1,5565.0,0.0,5565.0,6.6,4.9,0
ORD-04287,2025-09-18,Thursday,14,Delivery,Habitual,Pastelería,Medialuna,1,2005.0,0.0,2005.0,16.1,4.1,0
ORD-04165,2025-09-18,Thursday,15,Delivery,Habitual,Café,Espresso,1,1611.0,0.0,1611.0,19.9,4.0,1
ORD-04419,2025-09-18,Thursday,15,Mostrador,Habitual,Café,Espresso,3,1989.0,0.0,5966.0,6.5,5.0,0
ORD-05281,2025-09-18,Thursday,15,Delivery,Nuevo,Bebidas frías,Cold brew,1,3156.0,0.0,3156.0,17.4,3.9,0
ORD-06328,2025-09-18,Thursday,16,Mostrador,Nuevo,Almuerzo,Wrap,1,4498.0,0.05,4273.0,6.8,5.0,0
ORD-02353,2025-09-18,Thursday,18,Mostrador,Frecuente,Café,Flat White,2,1935.0,0.0,3871.0,6.9,4.5,0
ORD-05575,2025-09-18,Thursday,18,Delivery,Nuevo,Café,Latte,1,2059.0,0.0,2059.0,16.5,4.1,1
ORD-04214,2025-09-18,Thursday,19,Mostrador,Nuevo,Pastelería,Croissant,1,1418.0,0.0,1418.0,5.8,4.7,0
ORD-00430,2025-09-19,Friday,8,Takeaway,Habitual,Pastelería,Cookie,2,1614.0,0.0,3228.0,12.3,5.0,1
ORD-05282,2025-09-19,Friday,8,Mostrador,Nuevo,Café,Cortado,2,1835.0,0.0,3670.0,12.1,5.0,0
ORD-00177,2025-09-19,Friday,9,Takeaway,Nuevo,Café,Americano,3,2003.0,0.15,5108.0,11.6,4.7,0
ORD-04178,2025-09-19,Friday,10,Mostrador,Nuevo,Almuerzo,Wrap,1,5846.0,0.0,5846.0,8.0,5.0,0
ORD-06073,2025-09-19,Friday,10,Mostrador,Nuevo,Almuerzo,Wrap,3,4861.0,0.0,14583.0,7.2,4.2,1
ORD-00015,2025-09-19,Friday,12,Mostrador,Habitual,Bebidas frías,Iced latte,2,2520.0,0.0,5039.0,12.6,3.6,0
ORD-05958,2025-09-19,Friday,13,Delivery,Habitual,Almuerzo,Bagel,1,5547.0,0.0,5547.0,17.3,3.4,0
ORD-01675,2025-09-19,Friday,14,Mostrador,Nuevo,Bebidas frías,Limonada,1,2720.0,0.0,2720.0,3.7,4.8,0
ORD-06479,2025-09-19,Friday,15,Mostrador,Habitual,Café,Americano,3,1773.0,0.0,5319.0,3.2,4.7,0
ORD-00212,2025-09-19,Friday,17,Mostrador,Nuevo,Bebidas frías,Cold brew,3,2595.0,0.0,7786.0,4.6,5.0,0
ORD-01332,2025-09-19,Friday,17,Takeaway,Nuevo,Bebidas frías,Limonada,1,2824.0,0.05,2682.0,6.5,4.7,0
ORD-05009,2025-09-19,Friday,17,Mostrador,Frecuente,Café,Latte,1,1862.0,0.15,1583.0,6.1,4.6,0
ORD-02941,2025-09-19,Friday,18,Mostrador,Habitual,Bebidas frías,Iced latte,1,2944.0,0.0,2944.0,4.5,5.0,1
ORD-03907,2025-09-19,Friday,18,Delivery,Nuevo,Café,Americano,1,1867.0,0.05,1774.0,18.2,3.8,0
ORD-00774,2025-09-19,Friday,19,Mostrador,Nuevo,Almuerzo,Wrap,2,5186.0,0.0,10373.0,4.5,4.7,0
ORD-02981,2025-09-19,Friday,19,Delivery,Nuevo,Almuerzo,Wrap,2,4653.0,0.0,9306.0,14.8,4.2,0
ORD-00395,2025-09-20,Saturday,8,Mostrador,Nuevo,Desayuno,Avocado toast,2,4153.0,0.0,8306.0,11.9,4.4,0
ORD-05867,2025-09-20,Saturday,10,Delivery,Habitual,Pastelería,Croissant,1,1523.0,0.0,1523.0,20.7,3.5,0
ORD-02131,2025-09-20,Saturday,11,Takeaway,Nuevo,Café,Latte,1,1626.0,0.1,1463.0,2.0,4.7,0
ORD-02969,2025-09-20,Saturday,11,Mostrador,Habitual,Bebidas frías,Iced latte,1,3167.0,0.0,3167.0,3.0,5.0,0
ORD-02985,2025-09-20,Saturday,13,Takeaway,Nuevo,Bebidas frías,Licuado,1,2891.0,0.0,2891.0,9.2,4.6,0
ORD-05699,2025-09-20,Saturday,13,Delivery,Nuevo,Pastelería,Croissant,3,1807.0,0.05,5150.0,19.4,4.7,0
ORD-01903,2025-09-20,Saturday,14,Mostrador,Frecuente,Café,Cortado,2,2024.0,0.0,4048.0,14.2,4.3,1
ORD-01750,2025-09-20,Saturday,15,Mostrador,Frecuente,Café,Flat White,1,1791.0,0.0,1791.0,5.9,4.6,1
ORD-02064,2025-09-20,Saturday,15,Delivery,Habitual,Café,Americano,1,1827.0,0.0,1827.0,17.1,4.3,1
ORD-00236,2025-09-20,Saturday,16,Delivery,Nuevo,Bebidas frías,Iced latte,1,3134.0,0.0,3134.0,15.6,5.0,0
ORD-04864,2025-09-20,Saturday,16,Mostrador,Habitual,Desayuno,Tostadas,1,3851.0,0.0,3851.0,10.6,5.0,0
ORD-03093,2025-09-20,Saturday,18,Delivery,Habitual,Pastelería,Medialuna,1,1470.0,0.0,1470.0,16.8,4.2,0
ORD-04904,2025-09-20,Saturday,18,Takeaway,Frecuente,Café,Espresso,1,1869.0,0.0,1869.0,4.4,4.4,0
ORD-02019,2025-09-20,Saturday,19,Mostrador,Nuevo,Café,Americano,1,1642.0,0.05,1560.0,2.0,5.0,0
ORD-04414,2025-09-20,Saturday,19,Takeaway,Frecuente,Café,Americano,3,1464.0,0.0,4391.0,4.3,4.6,1
ORD-05967,2025-09-20,Saturday,20,Mostrador,Nuevo,Almuerzo,Ensalada,1,4822.0,0.0,4822.0,4.6,4.4,0
ORD-04386,2025-09-21,Sunday,7,Mostrador,Frecuente,Almuerzo,Ensalada,2,5112.0,0.0,10223.0,4.3,4.1,0
ORD-00727,2025-09-21,Sunday,8,Mostrador,Nuevo,Café,Espresso,1,1675.0,0.0,1675.0,4.8,4.7,0
ORD-00793,2025-09-21,Sunday,10,Mostrador,Habitual,Café,Flat White,1,1798.0,0.0,1798.0,8.6,5.0,1
ORD-01119,2025-09-21,Sunday,10,Takeaway,Nuevo,Desayuno,Tostadas,1,3891.0,0.0,3891.0,10.4,4.9,1
ORD-03939,2025-09-21,Sunday,10,Mostrador,Habitual,Almuerzo,Ensalada,1,4985.0,0.0,4985.0,10.3,4.3,0
ORD-06270,2025-09-21,Sunday,10,Delivery,Frecuente,Pastelería,Tostada dulce,2,1569.0,0.0,3137.0,23.1,2.8,0
ORD-00697,2025-09-21,Sunday,11,Takeaway,Nuevo,Bebidas frías,Limonada,2,2994.0,0.0,5989.0,8.2,4.8,0
ORD-01641,2025-09-21,Sunday,11,Mostrador,Nuevo,Café,Flat White,3,2176.0,0.0,6529.0,6.9,4.6,0
ORD-02598,2025-09-21,Sunday,11,Mostrador,Habitual,Bebidas frías,Cold brew,1,2660.0,0.0,2660.0,6.3,4.4,0
ORD-02938,2025-09-21,Sunday,12,Mostrador,Habitual,Almuerzo,Tostado,1,5243.0,0.05,4981.0,7.3,4.3,0
ORD-03400,2025-09-21,Sunday,12,Mostrador,Habitual,Café,Espresso,2,2125.0,0.0,4249.0,8.1,4.1,0
ORD-00174,2025-09-21,Sunday,13,Mostrador,Habitual,Pastelería,Tostada dulce,1,1529.0,0.0,1529.0,8.6,4.2,1
ORD-00225,2025-09-21,Sunday,14,Takeaway,Nuevo,Pastelería,Croissant,2,1763.0,0.05,3350.0,8.6,4.3,0
ORD-01208,2025-09-21,Sunday,15,Mostrador,Nuevo,Desayuno,Tostadas,1,4517.0,0.0,4517.0,5.1,5.0,0
ORD-03641,2025-09-21,Sunday,15,Takeaway,Habitual,Desayuno,Yogur + granola,2,4089.0,0.0,8178.0,6.1,4.5,0
ORD-02793,2025-09-21,Sunday,17,Mostrador,Habitual,Almuerzo,Wrap,1,5336.0,0.0,5336.0,3.9,5.0,0
ORD-05167,2025-09-21,Sunday,19,Takeaway,Nuevo,Desayuno,Avocado toast,1,3993.0,0.0,3993.0,2.4,5.0,0
ORD-03731,2025-09-21,Sunday,20,Mostrador,Habitual,Café,Flat White,1,1822.0,0.0,1822.0,6.0,4.9,0
ORD-04421,2025-09-21,Sunday,20,Takeaway,Frecuente,Almuerzo,Bagel,1,5072.0,0.0,5072.0,5.5,4.9,1
ORD-02067,2025-09-22,Monday,8,Takeaway,Nuevo,Café,Flat White,1,1580.0,0.0,1580.0,8.8,3.9,0
ORD-03715,2025-09-22,Monday,9,Takeaway,Habitual,Café,Espresso,3,1846.0,0.0,5539.0,11.3,4.0,0
ORD-04852,2025-09-22,Monday,11,Delivery,Nuevo,Pastelería,Budín,1,1774.0,0.0,1774.0,16.7,4.6,0
ORD-01137,2025-09-22,Monday,12,Mostrador,Nuevo,Almuerzo,Tostado,1,5116.0,0.0,5116.0,7.1,4.3,0
ORD-04121,2025-09-22,Monday,12,Mostrador,Habitual,Desayuno,Combo desayuno,2,3997.0,0.0,7993.0,7.7,4.3,0
ORD-01670,2025-09-22,Monday,13,Delivery,Nuevo,Pastelería,Medialuna,1,1863.0,0.0,1863.0,19.6,4.4,0
ORD-02855,2025-09-22,Monday,13,Mostrador,Nuevo,Café,Americano,1,1856.0,0.05,1763.0,9.5,5.0,0
ORD-02859,2025-09-22,Monday,13,Mostrador,Habitual,Almuerzo,Ensalada,1,4990.0,0.0,4990.0,9.1,4.6,0
ORD-00676,2025-09-22,Monday,14,Mostrador,Habitual,Bebidas frías,Iced latte,1,2739.0,0.0,2739.0,13.4,4.0,1
ORD-00681,2025-09-22,Monday,14,Mostrador,Nuevo,Bebidas frías,Iced latte,1,2823.0,0.0,2823.0,9.1,5.0,0
ORD-04946,2025-09-22,Monday,14,Takeaway,Habitual,Pastelería,Cookie,3,1680.0,0.15,4284.0,12.2,5.0,0
ORD-01598,2025-09-22,Monday,15,Mostrador,Frecuente,Café,Cortado,1,1774.0,0.0,1774.0,7.8,4.1,0
ORD-04690,2025-09-22,Monday,15,Takeaway,Nuevo,Café,Cortado,1,1898.0,0.0,1898.0,10.4,4.0,0
ORD-03836,2025-09-22,Monday,16,Delivery,Nuevo,Desayuno,Avocado toast,1,3724.0,0.0,3724.0,16.1,4.4,1
ORD-05504,2025-09-22,Monday,17,Mostrador,Nuevo,Café,Espresso,2,1813.0,0.0,3627.0,2.4,4.3,0
ORD-00461,2025-09-22,Monday,18,Mostrador,Habitual,Café,Latte,3,1704.0,0.0,5111.0,5.3,5.0,0
ORD-04538,2025-09-22,Monday,18,Mostrador,Nuevo,Café,Latte,1,1853.0,0.0,1853.0,3.3,5.0,0
ORD-06148,2025-09-22,Monday,18,Mostrador,Habitual,Almuerzo,Bagel,1,4517.0,0.05,4291.0,2.9,5.0,0
ORD-03953,2025-09-23,Tuesday,7,Mostrador,Nuevo,Bebidas frías,Licuado,2,2672.0,0.0,5344.0,8.5,4.6,1
ORD-03354,2025-09-23,Tuesday,10,Takeaway,Nuevo,Desayuno,Tostadas,2,4546.0,0.0,9092.0,9.6,3.6,0
ORD-05135,2025-09-23,Tuesday,10,Takeaway,Frecuente,Pastelería,Tostada dulce,2,1612.0,0.0,3224.0,5.8,4.8,1
ORD-02268,2025-09-23,Tuesday,11,Delivery,Habitual,Bebidas frías,Cold brew,1,2656.0,0.0,2656.0,17.7,4.0,1
ORD-04141,2025-09-23,Tuesday,12,Delivery,Nuevo,Desayuno,Tostadas,2,4544.0,0.0,9089.0,22.4,5.0,0
ORD-04686,2025-09-23,Tuesday,12,Takeaway,Nuevo,Desayuno,Avocado toast,1,3843.0,0.0,3843.0,7.8,4.6,1
ORD-00318,2025-09-23,Tuesday,14,Delivery,Habitual,Pastelería,Cookie,1,1535.0,0.0,1535.0,23.9,4.0,0
ORD-01785,2025-09-23,Tuesday,15,Mostrador,Nuevo,Pastelería,Tostada dulce,2,1398.0,0.0,2796.0,5.0,4.9,0
ORD-04594,2025-09-23,Tuesday,15,Mostrador,Nuevo,Desayuno,Tostadas,1,3633.0,0.0,3633.0,2.0,4.6,0
ORD-04941,2025-09-23,Tuesday,15,Delivery,Frecuente,Bebidas frías,Limonada,1,2320.0,0.05,2204.0,16.3,3.6,1
ORD-00713,2025-09-23,Tuesday,16,Mostrador,Habitual,Café,Flat White,2,1556.0,0.1,2801.0,6.1,4.9,1
ORD-06374,2025-09-23,Tuesday,16,Mostrador,Nuevo,Café,Flat White,1,1610.0,0.0,1610.0,6.4,4.4,0
ORD-03047,2025-09-23,Tuesday,17,Delivery,Frecuente,Café,Cortado,3,2229.0,0.0,6688.0,18.1,4.6,0
ORD-02018,2025-09-23,Tuesday,18,Takeaway,Habitual,Pastelería,Cookie,2,1549.0,0.0,3098.0,11.3,5.0,0
ORD-01879,2025-09-23,Tuesday,19,Mostrador,Habitual,Bebidas frías,Licuado,2,2808.0,0.1,5055.0,10.0,4.7,0
ORD-00731,2025-09-24,Wednesday,9,Delivery,Habitual,Almuerzo,Ensalada,3,4410.0,0.05,12570.0,17.7,2.8,0
ORD-03280,2025-09-24,Wednesday,9,Mostrador,Habitual,Desayuno,Tostadas,3,3936.0,0.0,11808.0,10.6,5.0,0
ORD-00737,2025-09-24,Wednesday,11,Mostrador,Habitual,Café,Americano,1,1655.0,0.0,1655.0,7.8,4.1,0
ORD-05407,2025-09-24,Wednesday,11,Mostrador,Habitual,Café,Latte,1,1781.0,0.05,1692.0,2.9,4.9,1
ORD-03934,2025-09-24,Wednesday,13,Takeaway,Habitual,Bebidas frías,Licuado,1,2833.0,0.0,2833.0,13.2,4.2,0
ORD-05616,2025-09-24,Wednesday,14,Delivery,Habitual,Café,Cortado,2,2085.0,0.0,4170.0,21.6,3.5,0
ORD-00760,2025-09-24,Wednesday,15,Takeaway,Nuevo,Café,Latte,3,1603.0,0.05,4568.0,4.5,4.5,0
ORD-01033,2025-09-24,Wednesday,15,Mostrador,Nuevo,Bebidas frías,Cold brew,2,2778.0,0.0,5555.0,3.3,4.7,1
ORD-02709,2025-09-24,Wednesday,15,Takeaway,Habitual,Almuerzo,Tostado,2,4736.0,0.1,8525.0,5.7,5.0,0
ORD-02573,2025-09-24,Wednesday,16,Mostrador,Habitual,Almuerzo,Tostado,1,4831.0,0.0,4831.0,6.8,4.4,0
ORD-02691,2025-09-24,Wednesday,16,Takeaway,Frecuente,Pastelería,Tostada dulce,1,1646.0,0.05,1563.0,7.6,4.7,0
ORD-04600,2025-09-24,Wednesday,16,Delivery,Nuevo,Café,Cortado,1,1523.0,0.0,1523.0,18.8,4.1,0
ORD-03999,2025-09-24,Wednesday,17,Mostrador,Frecuente,Café,Espresso,1,1736.0,0.0,1736.0,6.0,4.2,0
ORD-00317,2025-09-24,Wednesday,18,Mostrador,Habitual,Café,Cortado,1,1640.0,0.0,1640.0,2.0,4.5,1
ORD-01724,2025-09-24,Wednesday,18,Mostrador,Nuevo,Bebidas frías,Limonada,3,2759.0,0.0,8278.0,8.4,4.7,0
ORD-03245,2025-09-24,Wednesday,18,Takeaway,Nuevo,Bebidas frías,Limonada,3,3128.0,0.0,9385.0,8.1,4.8,0
ORD-04133,2025-09-24,Wednesday,19,Mostrador,Frecuente,Café,Flat White,1,2084.0,0.0,2084.0,3.0,4.9,1
ORD-05294,2025-09-24,Wednesday,20,Mostrador,Habitual,Café,Latte,1,1794.0,0.0,1794.0,6.7,4.4,1
ORD-03958,2025-09-25,Thursday,8,Mostrador,Nuevo,Desayuno,Yogur + granola,1,4076.0,0.1,3668.0,9.8,4.2,0
ORD-05791,2025-09-25,Thursday,9,Mostrador,Nuevo,Pastelería,Croissant,1,1448.0,0.0,1448.0,7.5,4.2,0
ORD-01714,2025-09-25,Thursday,11,Mostrador,Nuevo,Bebidas frías,Cold brew,1,2846.0,0.0,2846.0,3.0,4.9,0
ORD-02965,2025-09-25,Thursday,11,Mostrador,Nuevo,Desayuno,Yogur + granola,2,3918.0,0.0,7836.0,4.7,4.5,0
ORD-03851,2025-09-25,Thursday,12,Takeaway,Nuevo,Café,Cortado,1,1954.0,0.0,1954.0,11.6,4.4,0
ORD-04279,2025-09-25,Thursday,13,Takeaway,Nuevo,Pastelería,Croissant,1,1606.0,0.0,1606.0,7.2,4.6,1
ORD-01218,2025-09-25,Thursday,15,Delivery,Nuevo,Pastelería,Budín,1,1541.0,0.0,1541.0,21.0,3.3,0
ORD-01232,2025-09-25,Thursday,15,Mostrador,Nuevo,Café,Espresso,1,1767.0,0.0,1767.0,4.2,5.0,0
ORD-01573,2025-09-25,Thursday,15,Mostrador,Habitual,Pastelería,Medialuna,2,1557.0,0.0,3113.0,5.3,4.2,0
ORD-02087,2025-09-25,Thursday,16,Mostrador,Habitual,Café,Flat White,2,2124.0,0.0,4249.0,7.5,4.7,0
ORD-04932,2025-09-25,Thursday,16,Takeaway,Nuevo,Café,Americano,1,1803.0,0.0,1803.0,10.6,4.0,0
ORD-06259,2025-09-25,Thursday,16,Mostrador,Nuevo,Almuerzo,Ensalada,1,5291.0,0.0,5291.0,2.0,5.0,0
ORD-03031,2025-09-25,Thursday,17,Mostrador,Habitual,Pastelería,Croissant,1,1497.0,0.0,1497.0,4.1,4.9,1
ORD-05191,2025-09-25,Thursday,17,Mostrador,Habitual,Café,Latte,1,2043.0,0.0,2043.0,2.0,5.0,1
ORD-06138,2025-09-25,Thursday,17,Mostrador,Nuevo,Desayuno,Tostadas,3,3831.0,0.0,11493.0,5.8,4.4,0
ORD-01009,2025-09-25,Thursday,20,Delivery,Habitual,Pastelería,Budín,3,1268.0,0.0,3805.0,15.4,4.3,0
ORD-03680,2025-09-25,Thursday,20,Delivery,Habitual,Bebidas frías,Cold brew,1,2900.0,0.0,2900.0,17.7,4.4,0
ORD-03946,2025-09-25,Thursday,20,Mostrador,Nuevo,Almuerzo,Tostado,3,4544.0,0.0,13633.0,4.1,5.0,1
ORD-00886,2025-09-26,Friday,7,Mostrador,Nuevo,Bebidas frías,Cold brew,2,2583.0,0.0,5167.0,2.8,5.0,0
ORD-00013,2025-09-26,Friday,9,Takeaway,Habitual,Bebidas frías,Limonada,2,3128.0,0.05,5943.0,5.9,4.5,0
ORD-01002,2025-09-26,Friday,10,Mostrador,Nuevo,Bebidas frías,Cold brew,2,2708.0,0.05,5145.0,6.9,4.1,0
ORD-02400,2025-09-26,Friday,11,Mostrador,Frecuente,Café,Cortado,1,1942.0,0.1,1748.0,4.6,4.9,1
ORD-05660,2025-09-26,Friday,11,Mostrador,Habitual,Café,Espresso,1,1610.0,0.0,1610.0,2.0,5.0,0
ORD-01349,2025-09-26,Friday,12,Mostrador,Nuevo,Café,Cortado,1,1644.0,0.05,1562.0,10.2,4.1,0
ORD-03473,2025-09-26,Friday,13,Takeaway,Frecuente,Café,Cortado,2,1823.0,0.15,3098.0,12.3,4.9,0
ORD-03541,2025-09-26,Friday,13,Takeaway,Habitual,Café,Americano,3,2042.0,0.0,6125.0,8.0,3.4,1
ORD-00662,2025-09-26,Friday,14,Mostrador,Nuevo,Pastelería,Budín,3,1594.0,0.0,4782.0,5.8,5.0,0
ORD-06294,2025-09-26,Friday,14,Mostrador,Nuevo,Café,Latte,1,1927.0,0.15,1638.0,11.8,4.9,0
ORD-00557,2025-09-26,Friday,15,Mostrador,Nuevo,Desayuno,Combo desayuno,1,3607.0,0.0,3607.0,4.2,5.0,0
ORD-00215,2025-09-26,Friday,16,Mostrador,Nuevo,Café,Cortado,1,2026.0,0.1,1823.0,4.4,5.0,0
ORD-00631,2025-09-26,Friday,16,Takeaway,Nuevo,Café,Flat White,1,1903.0,0.0,1903.0,9.8,4.7,0
ORD-03014,2025-09-26,Friday,16,Takeaway,Habitual,Café,Latte,2,1830.0,0.0,3660.0,2.0,5.0,0
ORD-03388,2025-09-26,Friday,16,Mostrador,Nuevo,Bebidas frías,Iced latte,3,2793.0,0.0,8380.0,5.0,5.0,0
ORD-00377,2025-09-26,Friday,18,Mostrador,Nuevo,Café,Espresso,1,1513.0,0.0,1513.0,2.0,4.6,0
ORD-01591,2025-09-26,Friday,18,Takeaway,Frecuente,Café,Latte,2,1923.0,0.0,3846.0,6.0,4.8,0
ORD-01860,2025-09-26,Friday,18,Mostrador,Nuevo,Almuerzo,Tostado,3,5309.0,0.0,15927.0,10.9,4.2,0
ORD-04705,2025-09-26,Friday,18,Takeaway,Habitual,Café,Americano,1,1946.0,0.05,1849.0,11.2,4.4,0
ORD-04669,2025-09-26,Friday,19,Mostrador,Habitual,Café,Americano,1,1845.0,0.0,1845.0,3.5,4.7,1
ORD-02057,2025-09-26,Friday,20,Takeaway,Habitual,Desayuno,Yogur + granola,1,4191.0,0.0,4191.0,5.0,5.0,0
ORD-02344,2025-09-27,Saturday,7,Mostrador,Frecuente,Café,Espresso,1,1509.0,0.05,1434.0,5.0,4.4,1
ORD-00432,2025-09-27,Saturday,10,Takeaway,Habitual,Desayuno,Yogur + granola,1,4259.0,0.05,4046.0,9.6,4.2,0
ORD-05337,2025-09-27,Saturday,10,Mostrador,Nuevo,Pastelería,Medialuna,2,1333.0,0.0,2666.0,10.2,5.0,0
ORD-03229,2025-09-27,Saturday,11,Mostrador,Habitual,Café,Flat White,3,1971.0,0.0,5912.0,4.7,4.6,1
ORD-04445,2025-09-27,Saturday,11,Delivery,Habitual,Desayuno,Yogur + granola,1,3906.0,0.0,3906.0,18.2,3.7,1
ORD-06355,2025-09-27,Saturday,11,Takeaway,Nuevo,Café,Espresso,1,1934.0,0.0,1934.0,7.5,5.0,0
ORD-01282,2025-09-27,Saturday,12,Mostrador,Habitual,Almuerzo,Ensalada,2,5387.0,0.0,10775.0,9.6,4.0,0
ORD-02058,2025-09-27,Saturday,12,Mostrador,Nuevo,Café,Americano,1,1793.0,0.0,1793.0,8.1,4.3,0
ORD-04307,2025-09-27,Saturday,12,Mostrador,Habitual,Café,Flat White,2,1922.0,0.0,3844.0,9.8,4.4,0
ORD-00603,2025-09-27,Saturday,13,Mostrador,Frecuente,Café,Espresso,1,1634.0,0.0,1634.0,10.2,4.9,0
ORD-00757,2025-09-27,Saturday,14,Takeaway,Frecuente,Almuerzo,Wrap,1,4065.0,0.05,3862.0,15.5,3.7,0
ORD-01449,2025-09-27,Saturday,14,Mostrador,Nuevo,Almuerzo,Tostado,1,5210.0,0.0,5210.0,8.7,5.0,0
ORD-04069,2025-09-27,Saturday,14,Mostrador,Habitual,Desayuno,Avocado toast,1,4357.0,0.05,4139.0,5.3,4.8,0
ORD-04091,2025-09-27,Saturday,14,Mostrador,Habitual,Pastelería,Cookie,2,1686.0,0.0,3372.0,10.2,4.8,0
ORD-00471,2025-09-27,Saturday,15,Takeaway,Habitual,Café,Americano,2,1779.0,0.0,3558.0,12.1,4.9,1
ORD-05372,2025-09-27,Saturday,15,Mostrador,Habitual,Café,Espresso,1,1604.0,0.0,1604.0,8.8,3.6,0
ORD-01602,2025-09-27,Saturday,16,Mostrador,Frecuente,Desayuno,Tostadas,3,4194.0,0.0,12581.0,3.6,4.4,1
ORD-03267,2025-09-27,Saturday,16,Takeaway,Nuevo,Café,Cortado,2,2029.0,0.05,3855.0,3.1,3.7,0
ORD-00805,2025-09-27,Saturday,17,Takeaway,Habitual,Pastelería,Tostada dulce,1,1390.0,0.0,1390.0,7.0,4.4,0
ORD-05873,2025-09-27,Saturday,18,Mostrador,Habitual,Bebidas frías,Cold brew,1,2681.0,0.0,2681.0,4.5,5.0,0
ORD-03650,2025-09-27,Saturday,19,Mostrador,Habitual,Café,Latte,3,1836.0,0.1,4958.0,2.0,4.6,0
ORD-05652,2025-09-27,Saturday,19,Mostrador,Frecuente,Café,Americano,2,1517.0,0.0,3034.0,2.0,5.0,1
ORD-00739,2025-09-27,Saturday,20,Delivery,Nuevo,Desayuno,Combo desayuno,1,4564.0,0.15,3879.0,21.4,3.6,0
ORD-01394,2025-09-28,Sunday,8,Mostrador,Habitual,Bebidas frías,Cold brew,1,2789.0,0.05,2650.0,13.8,4.8,1
ORD-01722,2025-09-28,Sunday,9,Mostrador,Habitual,Desayuno,Combo desayuno,3,4356.0,0.0,13069.0,10.7,5.0,0
ORD-05586,2025-09-28,Sunday,9,Mostrador,Habitual,Pastelería,Cookie,1,1501.0,0.0,1501.0,10.3,4.8,0
ORD-06044,2025-09-28,Sunday,9,Mostrador,Habitual,Pastelería,Tostada dulce,2,1757.0,0.0,3515.0,12.0,3.7,0
ORD-01861,2025-09-28,Sunday,10,Mostrador,Nuevo,Almuerzo,Wrap,1,5291.0,0.0,5291.0,7.2,4.2,1
ORD-03195,2025-09-28,Sunday,11,Mostrador,Nuevo,Café,Cortado,3,1824.0,0.0,5473.0,3.1,5.0,0
ORD-03263,2025-09-28,Sunday,11,Delivery,Frecuente,Pastelería,Croissant,1,1612.0,0.05,1532.0,16.9,3.4,0
ORD-03849,2025-09-28,Sunday,11,Mostrador,Frecuente,Café,Espresso,3,2166.0,0.15,5524.0,7.1,4.8,0
ORD-03930,2025-09-28,Sunday,12,Mostrador,Nuevo,Almuerzo,Wrap,1,4779.0,0.0,4779.0,7.3,4.8,0
ORD-05375,2025-09-28,Sunday,12,Mostrador,Habitual,Bebidas frías,Limonada,1,2773.0,0.0,2773.0,9.3,4.2,0
ORD-01966,2025-09-28,Sunday,13,Delivery,Nuevo,Bebidas frías,Licuado,1,2396.0,0.05,2276.0,22.9,4.2,0
ORD-06407,2025-09-28,Sunday,13,Mostrador,Nuevo,Café,Cortado,1,1676.0,0.0,1676.0,7.8,4.6,1
ORD-05452,2025-09-28,Sunday,14,Mostrador,Nuevo,Almuerzo,Tostado,1,5365.0,0.0,5365.0,11.9,4.5,1
ORD-04339,2025-09-28,Sunday,15,Mostrador,Frecuente,Café,Americano,1,1788.0,0.0,1788.0,2.9,4.9,0
ORD-04193,2025-09-28,Sunday,16,Takeaway,Nuevo,Pastelería,Medialuna,1,1545.0,0.0,1545.0,12.9,4.7,0
ORD-01281,2025-09-28,Sunday,17,Mostrador,Frecuente,Desayuno,Combo desayuno,1,4187.0,0.0,4187.0,6.7,4.8,0
ORD-02115,2025-09-28,Sunday,18,Mostrador,Habitual,Café,Cortado,2,1941.0,0.15,3299.0,3.2,5.0,1
ORD-03494,2025-09-29,Monday,7,Mostrador,Habitual,Café,Latte,1,1513.0,0.0,1513.0,6.7,5.0,1
ORD-05965,2025-09-29,Monday,7,Takeaway,Habitual,Café,Americano,3,1575.0,0.05,4488.0,9.5,4.9,0
ORD-03020,2025-09-29,Monday,8,Mostrador,Nuevo,Café,Americano,1,1750.0,0.0,1750.0,8.2,5.0,1
ORD-01036,2025-09-29,Monday,10,Delivery,Habitual,Café,Flat White,1,1822.0,0.0,1822.0,21.5,3.6,0
ORD-02638,2025-09-29,Monday,10,Takeaway,Nuevo,Café,Americano,2,1718.0,0.0,3436.0,13.8,4.9,0
ORD-03362,2025-09-29,Monday,12,Mostrador,Habitual,Almuerzo,Ensalada,1,5087.0,0.0,5087.0,10.4,4.8,0
ORD-05891,2025-09-29,Monday,13,Mostrador,Frecuente,Desayuno,Avocado toast,2,4139.0,0.05,7864.0,7.8,4.5,1
ORD-00878,2025-09-29,Monday,14,Mostrador,Habitual,Almuerzo,Wrap,3,4570.0,0.0,13710.0,4.8,5.0,1
ORD-02172,2025-09-29,Monday,14,Takeaway,Nuevo,Café,Flat White,2,1991.0,0.0,3981.0,14.5,3.1,0
ORD-03626,2025-09-29,Monday,14,Delivery,Nuevo,Almuerzo,Wrap,1,4945.0,0.15,4203.0,21.7,5.0,0
ORD-05927,2025-09-29,Monday,14,Takeaway,Nuevo,Almuerzo,Bagel,1,5495.0,0.1,4945.0,10.7,5.0,0
ORD-00059,2025-09-29,Monday,15,Mostrador,Frecuente,Bebidas frías,Iced latte,1,2651.0,0.0,2651.0,6.6,5.0,1
ORD-01139,2025-09-29,Monday,16,Mostrador,Frecuente,Desayuno,Tostadas,1,4156.0,0.0,4156.0,4.3,5.0,1
ORD-05308,2025-09-29,Monday,16,Takeaway,Habitual,Café,Cortado,1,1909.0,0.0,1909.0,8.2,4.9,1
ORD-01742,2025-09-29,Monday,18,Mostrador,Frecuente,Café,Latte,1,1570.0,0.0,1570.0,2.9,4.6,1
ORD-00062,2025-09-29,Monday,19,Mostrador,Nuevo,Almuerzo,Tostado,2,4763.0,0.0,9527.0,8.0,4.0,0
ORD-01513,2025-09-29,Monday,19,Mostrador,Nuevo,Bebidas frías,Limonada,1,3020.0,0.0,3020.0,2.0,5.0,0
ORD-01845,2025-09-29,Monday,20,Mostrador,Habitual,Pastelería,Medialuna,1,1509.0,0.0,1509.0,7.6,5.0,0
ORD-06432,2025-09-30,Tuesday,8,Takeaway,Habitual,Pastelería,Tostada dulce,2,1671.0,0.0,3342.0,11.0,4.0,0
ORD-03183,2025-09-30,Tuesday,9,Mostrador,Frecuente,Desayuno,Combo desayuno,2,3449.0,0.05,6552.0,8.3,4.9,1
ORD-04997,2025-09-30,Tuesday,10,Mostrador,Habitual,Bebidas frías,Limonada,1,2593.0,0.0,2593.0,11.0,3.8,0
ORD-06177,2025-09-30,Tuesday,10,Takeaway,Habitual,Almuerzo,Wrap,1,5670.0,0.0,5670.0,10.9,4.7,1
ORD-00391,2025-09-30,Tuesday,12,Mostrador,Nuevo,Pastelería,Budín,2,1800.0,0.1,3240.0,4.4,5.0,0
ORD-00512,2025-09-30,Tuesday,12,Delivery,Habitual,Almuerzo,Bagel,1,5455.0,0.0,5455.0,21.8,4.0,0
ORD-02325,2025-09-30,Tuesday,12,Mostrador,Habitual,Desayuno,Tostadas,1,3814.0,0.05,3623.0,10.1,4.8,1
ORD-03252,2025-09-30,Tuesday,12,Takeaway,Habitual,Café,Americano,2,1646.0,0.0,3293.0,4.2,3.3,1
ORD-04202,2025-09-30,Tuesday,12,Takeaway,Nuevo,Pastelería,Tostada dulce,1,1324.0,0.15,1125.0,8.2,4.1,0
ORD-05718,2025-09-30,Tuesday,12,Mostrador,Frecuente,Café,Espresso,2,1745.0,0.0,3490.0,10.7,4.9,1
ORD-02987,2025-09-30,Tuesday,13,Mostrador,Habitual,Desayuno,Avocado toast,3,4204.0,0.0,12611.0,7.9,4.6,0
ORD-03472,2025-09-30,Tuesday,13,Takeaway,Habitual,Almuerzo,Ensalada,2,4399.0,0.0,8798.0,12.2,4.1,0
ORD-02125,2025-09-30,Tuesday,15,Mostrador,Nuevo,Café,Latte,3,1657.0,0.0,4970.0,2.7,5.0,0
ORD-02403,2025-09-30,Tuesday,15,Takeaway,Nuevo,Almuerzo,Ensalada,1,5160.0,0.0,5160.0,2.7,5.0,0
ORD-03028,2025-09-30,Tuesday,15,Mostrador,Nuevo,Pastelería,Budín,2,1495.0,0.05,2840.0,3.2,4.7,0
ORD-04647,2025-09-30,Tuesday,15,Takeaway,Nuevo,Pastelería,Budín,2,1478.0,0.0,2955.0,4.5,4.6,1
ORD-05126,2025-09-30,Tuesday,15,Takeaway,Nuevo,Desayuno,Avocado toast,2,4168.0,0.1,7503.0,8.0,4.4,0
ORD-00378,2025-09-30,Tuesday,16,Delivery,Nuevo,Desayuno,Yogur + granola,1,3866.0,0.0,3866.0,20.2,3.7,1
ORD-05358,2025-09-30,Tuesday,16,Mostrador,Habitual,Bebidas frías,Limonada,2,3007.0,0.0,6015.0,11.5,4.1,0
ORD-01899,2025-09-30,Tuesday,18,Mostrador,Frecuente,Almuerzo,Wrap,1,4707.0,0.0,4707.0,2.0,5.0,1
ORD-02043,2025-09-30,Tuesday,18,Takeaway,Nuevo,Bebidas frías,Cold brew,2,2670.0,0.0,5340.0,5.2,4.5,0
ORD-04815,2025-09-30,Tuesday,19,Takeaway,Nuevo,Pastelería,Croissant,1,1464.0,0.05,1391.0,3.9,4.3,0
ORD-06008,2025-09-30,Tuesday,19,Mostrador,Habitual,Café,Flat White,1,1689.0,0.0,1689.0,4.1,4.7,0
ORD-05971,2025-09-30,Tuesday,20,Delivery,Habitual,Café,Americano,1,1860.0,0.0,1860.0,15.5,4.7,0
ORD-03768,2025-10-01,Wednesday,8,Mostrador,Frecuente,Pastelería,Tostada dulce,1,1807.0,0.05,1717.0,8.8,4.7,1
ORD-02352,2025-10-01,Wednesday,9,Mostrador,Nuevo,Café,Flat White,1,1756.0,0.15,1493.0,8.4,4.3,0
ORD-03366,2025-10-01,Wednesday,10,Takeaway,Nuevo,Café,Latte,2,1954.0,0.0,3908.0,10.1,3.9,0
ORD-03457,2025-10-01,Wednesday,10,Mostrador,Frecuente,Almuerzo,Wrap,1,5188.0,0.05,4929.0,10.1,4.4,1
ORD-00360,2025-10-01,Wednesday,11,Mostrador,Frecuente,Almuerzo,Wrap,2,4626.0,0.0,9252.0,6.8,5.0,0
ORD-01234,2025-10-01,Wednesday,11,Mostrador,Nuevo,Desayuno,Combo desayuno,2,3925.0,0.0,7850.0,3.5,5.0,0
ORD-03076,2025-10-01,Wednesday,11,Takeaway,Habitual,Café,Cortado,2,1577.0,0.0,3154.0,4.3,4.6,0
ORD-06090,2025-10-01,Wednesday,12,Takeaway,Habitual,Pastelería,Tostada dulce,1,1300.0,0.0,1300.0,11.9,4.2,0
ORD-03167,2025-10-01,Wednesday,13,Mostrador,Habitual,Pastelería,Budín,1,1752.0,0.0,1752.0,8.7,5.0,1
ORD-04470,2025-10-01,Wednesday,13,Mostrador,Habitual,Café,Espresso,2,1602.0,0.0,3204.0,12.0,4.9,0
ORD-00895,2025-10-01,Wednesday,14,Takeaway,Habitual,Almuerzo,Tostado,3,4596.0,0.0,13788.0,14.4,5.0,1
ORD-02044,2025-10-01,Wednesday,15,Mostrador,Nuevo,Café,Americano,3,1563.0,0.0,4690.0,7.4,5.0,1
ORD-02294,2025-10-01,Wednesday,15,Mostrador,Habitual,Desayuno,Combo desayuno,3,4782.0,0.05,13630.0,2.0,5.0,0
ORD-04778,2025-10-01,Wednesday,16,Delivery,Nuevo,Desayuno,Combo desayuno,2,4547.0,0.0,9093.0,17.5,4.4,0
ORD-03466,2025-10-01,Wednesday,18,Mostrador,Habitual,Café,Latte,1,1821.0,0.0,1821.0,5.3,4.8,0
ORD-05741,2025-10-01,Wednesday,18,Takeaway,Nuevo,Café,Americano,2,2004.0,0.0,4009.0,3.8,5.0,0
ORD-04559,2025-10-01,Wednesday,19,Mostrador,Nuevo,Café,Americano,1,1689.0,0.0,1689.0,2.0,5.0,0
ORD-00463,2025-10-01,Wednesday,20,Mostrador,Habitual,Pastelería,Croissant,1,1561.0,0.05,1483.0,2.7,5.0,0
ORD-01065,2025-10-02,Thursday,7,Mostrador,Nuevo,Pastelería,Budín,2,1748.0,0.0,3497.0,4.3,5.0,0
ORD-04845,2025-10-02,Thursday,8,Mostrador,Nuevo,Desayuno,Yogur + granola,1,3832.0,0.05,3640.0,7.6,4.6,0
ORD-03723,2025-10-02,Thursday,11,Mostrador,Nuevo,Bebidas frías,Limonada,1,2784.0,0.15,2366.0,3.1,5.0,0
ORD-04534,2025-10-02,Thursday,11,Takeaway,Frecuente,Pastelería,Croissant,1,1624.0,0.1,1461.0,4.6,4.5,1
ORD-01378,2025-10-02,Thursday,12,Mostrador,Frecuente,Bebidas frías,Iced latte,1,3335.0,0.0,3335.0,10.0,4.3,1
ORD-02049,2025-10-02,Thursday,12,Mostrador,Nuevo,Almuerzo,Wrap,1,5248.0,0.0,5248.0,9.1,4.1,0
ORD-04315,2025-10-02,Thursday,12,Mostrador,Nuevo,Almuerzo,Wrap,1,5125.0,0.0,5125.0,11.4,4.6,0
ORD-01984,2025-10-02,Thursday,13,Mostrador,Frecuente,Almuerzo,Bagel,1,5001.0,0.0,5001.0,7.4,4.3,0
ORD-02348,2025-10-02,Thursday,13,Mostrador,Frecuente,Café,Flat White,1,1798.0,0.05,1708.0,8.3,5.0,1
ORD-03585,2025-10-02,Thursday,13,Mostrador,Habitual,Almuerzo,Tostado,2,5644.0,0.0,11289.0,11.5,3.6,0
ORD-03053,2025-10-02,Thursday,14,Mostrador,Nuevo,Bebidas frías,Licuado,1,2926.0,0.0,2926.0,8.7,5.0,1
ORD-03615,2025-10-02,Thursday,14,Mostrador,Nuevo,Almuerzo,Wrap,2,5688.0,0.0,11377.0,8.0,4.7,0
ORD-05146,2025-10-02,Thursday,14,Delivery,Frecuente,Café,Cortado,1,1701.0,0.0,1701.0,26.3,4.1,0
ORD-02099,2025-10-02,Thursday,15,Mostrador,Habitual,Café,Flat White,2,1880.0,0.0,3759.0,3.4,4.2,0
ORD-03096,2025-10-02,Thursday,15,Mostrador,Habitual,Pastelería,Tostada dulce,1,1593.0,0.0,1593.0,4.6,5.0,0
ORD-04806,2025-10-02,Thursday,15,Takeaway,Habitual,Pastelería,Budín,2,1423.0,0.0,2847.0,6.5,4.5,0
ORD-05999,2025-10-02,Thursday,15,Mostrador,Nuevo,Bebidas frías,Limonada,1,2919.0,0.05,2773.0,7.7,4.7,0
ORD-01667,2025-10-02,Thursday,16,Takeaway,Nuevo,Pastelería,Budín,2,1546.0,0.0,3091.0,7.7,4.7,0
ORD-02362,2025-10-02,Thursday,16,Mostrador,Nuevo,Almuerzo,Bagel,1,5616.0,0.0,5616.0,3.5,5.0,0
ORD-05523,2025-10-02,Thursday,16,Mostrador,Habitual,Pastelería,Budín,1,1460.0,0.0,1460.0,5.9,4.6,0
ORD-02503,2025-10-02,Thursday,17,Takeaway,Nuevo,Bebidas frías,Cold brew,2,2622.0,0.0,5243.0,2.6,4.8,1
ORD-05599,2025-10-02,Thursday,17,Mostrador,Nuevo,Café,Latte,3,1703.0,0.0,5108.0,4.8,4.2,1
ORD-05641,2025-10-02,Thursday,17,Mostrador,Frecuente,Café,Espresso,3,1597.0,0.0,4791.0,7.9,4.0,1
ORD-00493,2025-10-02,Thursday,18,Mostrador,Nuevo,Bebidas frías,Iced latte,2,2964.0,0.1,5335.0,7.2,5.0,0
ORD-06020,2025-10-02,Thursday,18,Takeaway,Nuevo,Pastelería,Tostada dulce,1,1740.0,0.0,1740.0,3.1,4.9,0
ORD-03569,2025-10-03,Friday,10,Takeaway,Nuevo,Almuerzo,Ensalada,3,4477.0,0.0,13430.0,8.8,4.9,1
ORD-03992,2025-10-03,Friday,12,Takeaway,Habitual,Café,Cortado,2,1827.0,0.0,3654.0,13.2,4.5,0
ORD-04784,2025-10-03,Friday,12,Mostrador,Habitual,Almuerzo,Ensalada,1,4733.0,0.0,4733.0,8.9,4.7,0
ORD-04880,2025-10-03,Friday,13,Mostrador,Nuevo,Café,Americano,1,1697.0,0.0,1697.0,4.1,4.3,0
ORD-05550,2025-10-03,Friday,13,Delivery,Nuevo,Café,Americano,1,1819.0,0.1,1637.0,23.7,5.0,0
ORD-01995,2025-10-03,Friday,14,Mostrador,Habitual,Café,Americano,2,1876.0,0.0,3752.0,9.0,4.6,0
ORD-03708,2025-10-03,Friday,14,Takeaway,Nuevo,Café,Flat White,1,1822.0,0.0,1822.0,13.8,4.8,0
ORD-03991,2025-10-03,Friday,15,Mostrador,Frecuente,Almuerzo,Tostado,1,5777.0,0.0,5777.0,5.0,5.0,0
ORD-02429,2025-10-03,Friday,16,Mostrador,Nuevo,Almuerzo,Wrap,1,4758.0,0.0,4758.0,3.6,5.0,0
ORD-04546,2025-10-03,Friday,16,Delivery,Habitual,Pastelería,Croissant,1,1552.0,0.0,1552.0,22.1,3.7,1
ORD-01790,2025-10-03,Friday,17,Takeaway,Habitual,Desayuno,Avocado toast,3,4301.0,0.0,12903.0,10.6,4.2,0
ORD-02606,2025-10-03,Friday,17,Mostrador,Frecuente,Pastelería,Budín,2,1678.0,0.0,3355.0,3.9,4.8,1
ORD-01098,2025-10-03,Friday,18,Mostrador,Habitual,Pastelería,Budín,1,1651.0,0.0,1651.0,6.1,4.4,1
ORD-05208,2025-10-03,Friday,18,Mostrador,Frecuente,Bebidas frías,Cold brew,1,2908.0,0.0,2908.0,4.2,5.0,0
ORD-02514,2025-10-03,Friday,19,Mostrador,Frecuente,Café,Americano,1,2075.0,0.05,1971.0,2.0,5.0,1
ORD-03282,2025-10-03,Friday,20,Mostrador,Habitual,Almuerzo,Ensalada,1,5576.0,0.0,5576.0,4.7,4.3,0
ORD-02605,2025-10-04,Saturday,8,Mostrador,Frecuente,Almuerzo,Tostado,1,4706.0,0.0,4706.0,6.6,4.1,0
ORD-04337,2025-10-04,Saturday,10,Mostrador,Nuevo,Café,Flat White,1,1577.0,0.0,1577.0,9.4,4.5,0
ORD-05687,2025-10-04,Saturday,11,Mostrador,Nuevo,Café,Espresso,1,1798.0,0.0,1798.0,2.4,5.0,1
ORD-04065,2025-10-04,Saturday,12,Mostrador,Frecuente,Bebidas frías,Iced latte,1,2828.0,0.0,2828.0,8.7,4.9,1
ORD-05689,2025-10-04,Saturday,13,Delivery,Habitual,Café,Espresso,3,1791.0,0.05,5104.0,21.8,4.0,0
ORD-00234,2025-10-04,Saturday,14,Takeaway,Nuevo,Café,Cortado,2,1460.0,0.0,2919.0,14.9,4.2,1
ORD-04604,2025-10-04,Saturday,14,Mostrador,Nuevo,Desayuno,Combo desayuno,1,3838.0,0.0,3838.0,9.2,4.0,1
ORD-01073,2025-10-04,Saturday,15,Mostrador,Habitual,Bebidas frías,Limonada,1,2478.0,0.05,2354.0,7.4,5.0,0
ORD-04860,2025-10-04,Saturday,15,Delivery,Habitual,Café,Flat White,1,2104.0,0.0,2104.0,17.9,4.1,0
ORD-05710,2025-10-04,Saturday,15,Mostrador,Habitual,Almuerzo,Ensalada,1,5441.0,0.0,5441.0,2.0,4.9,1
ORD-00042,2025-10-04,Saturday,16,Mostrador,Nuevo,Café,Latte,2,1876.0,0.0,3752.0,4.2,4.0,1
ORD-00247,2025-10-04,Saturday,16,Mostrador,Nuevo,Almuerzo,Wrap,2,5145.0,0.0,10289.0,3.7,4.9,1
ORD-04264,2025-10-04,Saturday,16,Delivery,Nuevo,Café,Espresso,1,1939.0,0.0,1939.0,12.1,5.0,0
ORD-05107,2025-10-04,Saturday,16,Takeaway,Habitual,Bebidas frías,Licuado,2,2669.0,0.0,5339.0,6.7,4.6,0
ORD-04899,2025-10-04,Saturday,17,Delivery,Habitual,Desayuno,Yogur + granola,1,4712.0,0.1,4241.0,17.5,4.2,0
ORD-01674,2025-10-04,Saturday,18,Mostrador,Habitual,Pastelería,Medialuna,1,1542.0,0.0,1542.0,8.7,4.6,0
ORD-02422,2025-10-04,Saturday,18,Takeaway,Nuevo,Desayuno,Tostadas,1,4249.0,0.0,4249.0,5.0,5.0,0
ORD-05669,2025-10-04,Saturday,18,Mostrador,Habitual,Café,Cortado,1,2040.0,0.1,1836.0,2.3,5.0,0
ORD-06019,2025-10-04,Saturday,19,Mostrador,Nuevo,Pastelería,Tostada dulce,1,1829.0,0.0,1829.0,5.9,5.0,0
ORD-01301,2025-10-05,Sunday,9,Mostrador,Nuevo,Pastelería,Croissant,1,1376.0,0.0,1376.0,9.7,4.6,0
ORD-03784,2025-10-05,Sunday,10,Delivery,Habitual,Café,Espresso,1,1610.0,0.0,1610.0,20.2,4.1,0
ORD-04239,2025-10-05,Sunday,10,Takeaway,Habitual,Desayuno,Combo desayuno,1,4342.0,0.0,4342.0,8.6,5.0,0
ORD-06208,2025-10-05,Sunday,11,Takeaway,Habitual,Café,Espresso,2,1736.0,0.0,3472.0,8.5,4.9,0
ORD-03346,2025-10-05,Sunday,13,Mostrador,Nuevo,Almuerzo,Ensalada,1,5205.0,0.1,4685.0,8.3,4.4,1
ORD-06446,2025-10-05,Sunday,13,Mostrador,Frecuente,Pastelería,Cookie,1,1644.0,0.0,1644.0,9.7,4.9,0
ORD-00014,2025-10-05,Sunday,14,Mostrador,Habitual,Café,Latte,3,1765.0,0.05,5030.0,11.2,3.8,0
ORD-01204,2025-10-05,Sunday,15,Takeaway,Habitual,Café,Americano,2,1667.0,0.0,3334.0,3.1,5.0,0
ORD-02365,2025-10-05,Sunday,15,Takeaway,Habitual,Desayuno,Avocado toast,1,4023.0,0.0,4023.0,7.9,5.0,0
ORD-03048,2025-10-05,Sunday,15,Mostrador,Frecuente,Desayuno,Avocado toast,1,4625.0,0.0,4625.0,3.7,5.0,0
ORD-03133,2025-10-05,Sunday,15,Mostrador,Nuevo,Pastelería,Croissant,3,1525.0,0.0,4576.0,4.3,4.4,0
ORD-06272,2025-10-05,Sunday,15,Takeaway,Frecuente,Bebidas frías,Limonada,1,2923.0,0.0,2923.0,4.0,5.0,0
ORD-06363,2025-10-05,Sunday,15,Takeaway,Nuevo,Pastelería,Cookie,2,1675.0,0.0,3349.0,6.0,5.0,1
ORD-06391,2025-10-05,Sunday,16,Mostrador,Nuevo,Almuerzo,Wrap,1,4578.0,0.0,4578.0,8.8,4.9,0
ORD-01868,2025-10-05,Sunday,17,Mostrador,Nuevo,Café,Latte,1,1824.0,0.0,1824.0,6.5,5.0,0
ORD-03634,2025-10-05,Sunday,17,Mostrador,Frecuente,Pastelería,Budín,1,1741.0,0.0,1741.0,3.8,4.9,0
ORD-04043,2025-10-05,Sunday,17,Mostrador,Nuevo,Pastelería,Medialuna,1,1610.0,0.05,1530.0,6.9,5.0,0
ORD-06402,2025-10-05,Sunday,17,Mostrador,Nuevo,Café,Flat White,1,1706.0,0.0,1706.0,5.1,4.9,0
ORD-03700,2025-10-05,Sunday,18,Mostrador,Habitual,Bebidas frías,Cold brew,2,2861.0,0.0,5723.0,9.2,4.6,0
ORD-00051,2025-10-05,Sunday,19,Mostrador,Nuevo,Café,Espresso,1,1763.0,0.05,1675.0,3.2,4.9,0
ORD-05284,2025-10-05,Sunday,19,Mostrador,Habitual,Café,Cortado,1,1827.0,0.0,1827.0,4.9,4.6,1
ORD-06170,2025-10-05,Sunday,20,Delivery,Habitual,Café,Cortado,1,1757.0,0.0,1757.0,17.1,4.1,0
ORD-06026,2025-10-06,Monday,8,Takeaway,Nuevo,Bebidas frías,Cold brew,2,2874.0,0.0,5748.0,9.0,4.6,0
ORD-02783,2025-10-06,Monday,10,Mostrador,Nuevo,Almuerzo,Wrap,1,4973.0,0.1,4475.0,6.3,4.5,1
ORD-04289,2025-10-06,Monday,10,Takeaway,Frecuente,Pastelería,Tostada dulce,2,1656.0,0.0,3312.0,13.1,4.9,0
ORD-02943,2025-10-06,Monday,11,Delivery,Habitual,Pastelería,Croissant,1,1513.0,0.0,1513.0,14.0,4.3,0
ORD-04576,2025-10-06,Monday,11,Takeaway,Frecuente,Café,Espresso,1,1890.0,0.0,1890.0,7.5,5.0,0
ORD-00714,2025-10-06,Monday,12,Takeaway,Frecuente,Bebidas frías,Limonada,2,2875.0,0.0,5750.0,11.5,3.9,0
ORD-02281,2025-10-06,Monday,12,Mostrador,Nuevo,Bebidas frías,Limonada,3,2777.0,0.0,8332.0,8.1,4.6,0
ORD-04772,2025-10-06,Monday,12,Mostrador,Habitual,Bebidas frías,Iced latte,2,2791.0,0.0,5583.0,7.4,3.7,0
ORD-04841,2025-10-06,Monday,12,Delivery,Habitual,Bebidas frías,Iced latte,3,3028.0,0.05,8630.0,23.1,4.4,0
ORD-00742,2025-10-06,Monday,13,Mostrador,Habitual,Café,Espresso,1,1563.0,0.0,1563.0,8.7,4.0,0
ORD-01671,2025-10-06,Monday,13,Takeaway,Frecuente,Café,Flat White,2,1836.0,0.0,3672.0,12.8,4.1,1
ORD-04080,2025-10-06,Monday,13,Mostrador,Frecuente,Almuerzo,Bagel,2,5506.0,0.0,11012.0,9.1,3.9,0
ORD-04636,2025-10-06,Monday,13,Takeaway,Frecuente,Café,Americano,1,1687.0,0.05,1602.0,12.0,4.5,0
ORD-05571,2025-10-06,Monday,13,Takeaway,Frecuente,Café,Americano,2,2030.0,0.0,4061.0,12.6,4.3,0
ORD-01134,2025-10-06,Monday,14,Delivery,Nuevo,Almuerzo,Ensalada,1,4789.0,0.0,4789.0,27.0,3.1,0
ORD-02176,2025-10-06,Monday,15,Mostrador,Frecuente,Café,Cortado,1,2055.0,0.05,1952.0,7.4,5.0,0
ORD-02843,2025-10-06,Monday,15,Takeaway,Frecuente,Café,Latte,2,2054.0,0.0,4108.0,9.2,4.7,0
ORD-03112,2025-10-06,Monday,15,Delivery,Habitual,Bebidas frías,Cold brew,1,2890.0,0.1,2601.0,17.2,5.0,1
ORD-03145,2025-10-06,Monday,15,Takeaway,Frecuente,Pastelería,Cookie,2,1618.0,0.1,2913.0,5.4,5.0,0
ORD-01275,2025-10-06,Monday,16,Mostrador,Nuevo,Bebidas frías,Iced latte,2,2758.0,0.1,4965.0,3.8,5.0,0
ORD-03906,2025-10-06,Monday,16,Mostrador,Frecuente,Almuerzo,Tostado,2,5775.0,0.0,11550.0,2.0,5.0,0
ORD-05319,2025-10-06,Monday,16,Mostrador,Frecuente,Desayuno,Avocado toast,1,3794.0,0.0,3794.0,4.2,3.9,0
ORD-06235,2025-10-06,Monday,16,Mostrador,Nuevo,Desayuno,Combo desayuno,2,4467.0,0.05,8487.0,4.0,5.0,0
ORD-00207,2025-10-06,Monday,19,Takeaway,Nuevo,Almuerzo,Bagel,2,5275.0,0.0,10550.0,6.9,4.9,0
ORD-04423,2025-10-06,Monday,19,Takeaway,Habitual,Bebidas frías,Iced latte,2,3271.0,0.0,6542.0,5.3,4.9,1
ORD-04733,2025-10-06,Monday,19,Delivery,Nuevo,Bebidas frías,Licuado,3,3114.0,0.0,9341.0,11.0,5.0,0
ORD-04629,2025-10-06,Monday,20,Delivery,Nuevo,Almuerzo,Bagel,3,5650.0,0.0,16950.0,16.9,4.8,0
ORD-02174,2025-10-07,Tuesday,7,Takeaway,Frecuente,Pastelería,Budín,3,1642.0,0.0,4926.0,6.4,4.1,1
ORD-04747,2025-10-07,Tuesday,10,Delivery,Habitual,Bebidas frías,Licuado,1,2199.0,0.0,2199.0,17.3,3.6,1
ORD-00423,2025-10-07,Tuesday,12,Delivery,Frecuente,Café,Latte,1,1622.0,0.1,1460.0,23.2,3.3,1
ORD-01822,2025-10-07,Tuesday,12,Delivery,Nuevo,Bebidas frías,Licuado,2,2857.0,0.0,5715.0,22.8,4.1,0
ORD-05488,2025-10-07,Tuesday,12,Takeaway,Habitual,Café,Latte,1,1964.0,0.0,1964.0,10.0,4.5,1
ORD-04349,2025-10-07,Tuesday,13,Delivery,Frecuente,Almuerzo,Tostado,1,4730.0,0.0,4730.0,18.1,4.4,1
ORD-03187,2025-10-07,Tuesday,14,Mostrador,Nuevo,Desayuno,Tostadas,1,4081.0,0.0,4081.0,8.7,4.6,1
ORD-05635,2025-10-07,Tuesday,14,Mostrador,Nuevo,Pastelería,Budín,2,1488.0,0.0,2976.0,7.6,5.0,0
ORD-02107,2025-10-07,Tuesday,15,Mostrador,Frecuente,Café,Espresso,1,1918.0,0.0,1918.0,7.8,5.0,0
ORD-03582,2025-10-07,Tuesday,15,Mostrador,Frecuente,Bebidas frías,Cold brew,3,3413.0,0.0,10239.0,4.1,5.0,0
ORD-00489,2025-10-07,Tuesday,17,Mostrador,Habitual,Almuerzo,Wrap,1,4838.0,0.0,4838.0,2.9,5.0,1
ORD-00657,2025-10-07,Tuesday,17,Takeaway,Nuevo,Pastelería,Budín,1,1662.0,0.05,1579.0,8.5,4.3,0
ORD-04278,2025-10-07,Tuesday,17,Takeaway,Nuevo,Café,Latte,1,1724.0,0.0,1724.0,9.1,4.5,0
ORD-06086,2025-10-07,Tuesday,17,Takeaway,Habitual,Pastelería,Budín,2,1418.0,0.0,2836.0,4.5,4.9,0
ORD-04053,2025-10-07,Tuesday,18,Mostrador,Nuevo,Pastelería,Cookie,2,1510.0,0.15,2567.0,2.0,4.6,0
ORD-04846,2025-10-07,Tuesday,18,Takeaway,Habitual,Café,Flat White,1,1854.0,0.0,1854.0,7.3,5.0,1
ORD-00128,2025-10-07,Tuesday,19,Delivery,Frecuente,Café,Cortado,1,1617.0,0.0,1617.0,19.4,4.3,0
ORD-04286,2025-10-07,Tuesday,20,Takeaway,Habitual,Pastelería,Croissant,2,1600.0,0.0,3200.0,4.2,4.5,1
ORD-05182,2025-10-08,Wednesday,7,Mostrador,Nuevo,Bebidas frías,Licuado,1,2528.0,0.0,2528.0,2.0,4.5,0
ORD-04709,2025-10-08,Wednesday,9,Mostrador,Habitual,Pastelería,Cookie,2,1632.0,0.05,3101.0,9.4,4.0,1
ORD-02121,2025-10-08,Wednesday,10,Mostrador,Nuevo,Desayuno,Tostadas,1,4236.0,0.0,4236.0,8.4,4.5,0
ORD-00089,2025-10-08,Wednesday,12,Delivery,Habitual,Pastelería,Croissant,2,1666.0,0.0,3331.0,20.1,4.3,0
ORD-00320,2025-10-08,Wednesday,12,Mostrador,Frecuente,Café,Latte,1,1820.0,0.05,1729.0,8.2,4.9,0
ORD-03247,2025-10-08,Wednesday,13,Delivery,Frecuente,Café,Cortado,2,1652.0,0.0,3303.0,26.0,3.0,0
ORD-04083,2025-10-08,Wednesday,13,Mostrador,Habitual,Pastelería,Tostada dulce,3,1612.0,0.0,4836.0,8.3,4.8,0
ORD-03203,2025-10-08,Wednesday,14,Mostrador,Nuevo,Almuerzo,Tostado,1,5091.0,0.0,5091.0,11.9,4.7,1
ORD-06033,2025-10-08,Wednesday,14,Mostrador,Frecuente,Desayuno,Combo desayuno,1,4196.0,0.0,4196.0,7.6,3.9,1
ORD-01775,2025-10-08,Wednesday,15,Delivery,Nuevo,Almuerzo,Ensalada,1,4951.0,0.0,4951.0,20.2,4.1,0
ORD-01148,2025-10-08,Wednesday,16,Takeaway,Habitual,Almuerzo,Wrap,1,5624.0,0.0,5624.0,9.8,5.0,0
ORD-02937,2025-10-08,Wednesday,16,Takeaway,Nuevo,Bebidas frías,Licuado,2,2812.0,0.0,5623.0,5.4,4.3,0
ORD-05698,2025-10-08,Wednesday,16,Mostrador,Habitual,Desayuno,Yogur + granola,3,4339.0,0.0,13018.0,5.1,4.7,0
ORD-03678,2025-10-08,Wednesday,19,Mostrador,Frecuente,Desayuno,Tostadas,1,3450.0,0.0,3450.0,8.2,4.6,1
ORD-03627,2025-10-09,Thursday,7,Mostrador,Habitual,Bebidas frías,Licuado,1,2680.0,0.0,2680.0,8.3,4.2,1
ORD-03226,2025-10-09,Thursday,8,Mostrador,Habitual,Bebidas frías,Licuado,1,2773.0,0.0,2773.0,8.6,4.5,0
ORD-04298,2025-10-09,Thursday,8,Delivery,Nuevo,Pastelería,Budín,1,1407.0,0.1,1266.0,24.4,3.9,0
ORD-02995,2025-10-09,Thursday,10,Takeaway,Frecuente,Desayuno,Yogur + granola,1,3887.0,0.0,3887.0,13.1,4.0,0
ORD-01058,2025-10-09,Thursday,12,Mostrador,Nuevo,Bebidas frías,Licuado,2,2707.0,0.0,5415.0,11.2,5.0,0
ORD-02922,2025-10-09,Thursday,13,Delivery,Habitual,Almuerzo,Wrap,2,5371.0,0.0,10742.0,22.9,3.2,0
ORD-00864,2025-10-09,Thursday,14,Mostrador,Habitual,Almuerzo,Tostado,3,6031.0,0.0,18094.0,7.7,4.3,0
ORD-00911,2025-10-09,Thursday,14,Mostrador,Frecuente,Almuerzo,Tostado,1,5054.0,0.15,4296.0,7.2,4.4,0
ORD-01061,2025-10-09,Thursday,14,Mostrador,Habitual,Almuerzo,Tostado,3,5018.0,0.0,15054.0,9.7,5.0,0
ORD-01870,2025-10-09,Thursday,14,Mostrador,Nuevo,Almuerzo,Wrap,1,4851.0,0.0,4851.0,11.5,4.0,0
ORD-03847,2025-10-09,Thursday,14,Mostrador,Nuevo,Almuerzo,Wrap,3,4991.0,0.0,14972.0,8.0,4.7,0
ORD-00173,2025-10-09,Thursday,15,Takeaway,Nuevo,Desayuno,Yogur + granola,2,4150.0,0.0,8300.0,5.5,4.9,0
ORD-05047,2025-10-09,Thursday,16,Mostrador,Nuevo,Pastelería,Budín,3,1713.0,0.05,4882.0,6.0,4.8,1
ORD-05497,2025-10-09,Thursday,16,Takeaway,Nuevo,Desayuno,Tostadas,2,4637.0,0.0,9274.0,7.0,4.3,0
ORD-01691,2025-10-09,Thursday,18,Mostrador,Nuevo,Desayuno,Combo desayuno,2,4280.0,0.15,7276.0,2.0,5.0,0
ORD-03432,2025-10-09,Thursday,18,Delivery,Nuevo,Bebidas frías,Iced latte,2,2785.0,0.0,5570.0,18.4,3.4,0
ORD-04504,2025-10-09,Thursday,18,Mostrador,Nuevo,Desayuno,Combo desayuno,2,3890.0,0.0,7780.0,5.7,5.0,1
ORD-00645,2025-10-09,Thursday,19,Takeaway,Nuevo,Café,Flat White,1,1897.0,0.0,1897.0,8.4,4.4,0
ORD-04306,2025-10-09,Thursday,19,Mostrador,Nuevo,Desayuno,Tostadas,3,4311.0,0.0,12934.0,7.8,4.7,0
ORD-04429,2025-10-09,Thursday,19,Mostrador,Habitual,Desayuno,Yogur + granola,1,3974.0,0.0,3974.0,8.1,5.0,0
ORD-04974,2025-10-09,Thursday,19,Takeaway,Habitual,Bebidas frías,Iced latte,1,2929.0,0.0,2929.0,4.2,5.0,1
ORD-00370,2025-10-09,Thursday,20,Mostrador,Habitual,Almuerzo,Ensalada,1,5780.0,0.05,5491.0,6.2,4.0,1
ORD-03157,2025-10-09,Thursday,20,Takeaway,Nuevo,Almuerzo,Wrap,1,5511.0,0.0,5511.0,5.9,4.7,1
ORD-05600,2025-10-09,Thursday,20,Mostrador,Habitual,Café,Cortado,3,2022.0,0.0,6067.0,6.0,4.5,0
ORD-02212,2025-10-10,Friday,9,Mostrador,Frecuente,Pastelería,Budín,1,1633.0,0.0,1633.0,9.4,4.3,0
ORD-02662,2025-10-10,Friday,9,Takeaway,Frecuente,Pastelería,Budín,1,1464.0,0.0,1464.0,9.3,4.9,0
ORD-06012,2025-10-10,Friday,9,Delivery,Habitual,Bebidas frías,Licuado,3,2788.0,0.0,8364.0,19.9,2.8,0
ORD-02447,2025-10-10,Friday,10,Mostrador,Nuevo,Café,Americano,1,1702.0,0.0,1702.0,8.3,4.8,0
ORD-03387,2025-10-10,Friday,10,Mostrador,Nuevo,Almuerzo,Tostado,3,5170.0,0.0,15509.0,8.0,4.7,0
ORD-00734,2025-10-10,Friday,11,Takeaway,Nuevo,Café,Espresso,1,1703.0,0.05,1618.0,8.5,4.0,0
ORD-04276,2025-10-10,Friday,11,Mostrador,Frecuente,Almuerzo,Bagel,1,4974.0,0.1,4476.0,5.5,4.3,1
ORD-02575,2025-10-10,Friday,13,Mostrador,Habitual,Café,Americano,1,1978.0,0.0,1978.0,9.8,4.7,1
ORD-05228,2025-10-10,Friday,13,Mostrador,Nuevo,Café,Flat White,1,1774.0,0.0,1774.0,6.7,4.2,0
ORD-00002,2025-10-10,Friday,14,Delivery,Habitual,Almuerzo,Bagel,1,4756.0,0.05,4518.0,23.2,3.4,1
ORD-05495,2025-10-10,Friday,14,Delivery,Habitual,Pastelería,Cookie,1,1640.0,0.0,1640.0,20.9,4.6,1
ORD-01339,2025-10-10,Friday,15,Delivery,Nuevo,Desayuno,Avocado toast,1,3707.0,0.0,3707.0,20.2,4.2,0
ORD-01558,2025-10-10,Friday,15,Delivery,Nuevo,Almuerzo,Wrap,1,4990.0,0.0,4990.0,21.5,3.8,0
ORD-03544,2025-10-10,Friday,15,Mostrador,Frecuente,Café,Latte,1,1817.0,0.0,1817.0,4.7,4.2,1
ORD-01278,2025-10-10,Friday,16,Takeaway,Nuevo,Bebidas frías,Cold brew,2,2622.0,0.0,5244.0,7.4,4.7,0
ORD-05005,2025-10-10,Friday,16,Delivery,Nuevo,Desayuno,Yogur + granola,3,4608.0,0.0,13823.0,17.0,4.1,0
ORD-06159,2025-10-10,Friday,16,Mostrador,Nuevo,Café,Latte,1,1968.0,0.1,1771.0,5.5,4.6,0
ORD-02320,2025-10-10,Friday,18,Takeaway,Frecuente,Pastelería,Tostada dulce,1,1478.0,0.0,1478.0,5.6,4.9,1
ORD-01825,2025-10-10,Friday,20,Takeaway,Habitual,Pastelería,Croissant,2,1726.0,0.1,3107.0,9.2,4.7,1
ORD-06278,2025-10-11,Saturday,9,Delivery,Nuevo,Desayuno,Tostadas,1,4353.0,0.0,4353.0,22.9,4.4,0
ORD-00815,2025-10-11,Saturday,10,Takeaway,Frecuente,Bebidas frías,Iced latte,2,2813.0,0.0,5626.0,7.8,5.0,1
ORD-06321,2025-10-11,Saturday,10,Mostrador,Habitual,Pastelería,Cookie,1,1603.0,0.05,1523.0,7.9,5.0,0
ORD-00402,2025-10-11,Saturday,11,Delivery,Nuevo,Almuerzo,Bagel,2,4906.0,0.0,9812.0,17.1,5.0,0
ORD-01914,2025-10-11,Saturday,13,Mostrador,Habitual,Almuerzo,Tostado,2,6162.0,0.0,12324.0,8.9,4.8,0
ORD-04915,2025-10-11,Saturday,13,Mostrador,Nuevo,Café,Flat White,1,1700.0,0.0,1700.0,13.5,4.8,1
ORD-01469,2025-10-11,Saturday,14,Mostrador,Nuevo,Café,Cortado,3,1815.0,0.0,5446.0,10.5,4.7,0
ORD-01611,2025-10-11,Saturday,14,Takeaway,Frecuente,Bebidas frías,Cold brew,1,2981.0,0.1,2683.0,13.4,5.0,0
ORD-03224,2025-10-11,Saturday,15,Takeaway,Habitual,Café,Espresso,1,1848.0,0.0,1848.0,10.5,5.0,1
ORD-01242,2025-10-11,Saturday,18,Takeaway,Habitual,Almuerzo,Tostado,1,4831.0,0.0,4831.0,5.6,4.7,0
ORD-03001,2025-10-11,Saturday,18,Delivery,Habitual,Pastelería,Budín,2,1548.0,0.1,2786.0,17.0,4.7,0
ORD-03866,2025-10-11,Saturday,18,Mostrador,Habitual,Pastelería,Budín,1,1719.0,0.15,1461.0,8.4,5.0,1
ORD-00836,2025-10-11,Saturday,19,Takeaway,Nuevo,Pastelería,Croissant,1,1374.0,0.0,1374.0,8.8,4.2,1
ORD-03223,2025-10-11,Saturday,20,Takeaway,Nuevo,Pastelería,Medialuna,1,1509.0,0.0,1509.0,6.1,3.9,0
ORD-05904,2025-10-11,Saturday,20,Mostrador,Frecuente,Almuerzo,Tostado,1,5173.0,0.0,5173.0,5.7,5.0,0
ORD-00050,2025-10-12,Sunday,7,Mostrador,Habitual,Pastelería,Budín,1,1592.0,0.05,1512.0,6.9,4.7,0
ORD-02603,2025-10-12,Sunday,7,Mostrador,Habitual,Desayuno,Avocado toast,2,3819.0,0.0,7639.0,4.8,4.2,1
ORD-03429,2025-10-12,Sunday,8,Mostrador,Habitual,Desayuno,Tostadas,1,3923.0,0.0,3923.0,10.9,4.4,0
ORD-02096,2025-10-12,Sunday,9,Mostrador,Frecuente,Café,Flat White,2,1863.0,0.0,3727.0,10.9,4.2,0
ORD-02858,2025-10-12,Sunday,10,Delivery,Habitual,Desayuno,Combo desayuno,2,4532.0,0.15,7704.0,22.4,3.8,1
ORD-00602,2025-10-12,Sunday,12,Mostrador,Habitual,Desayuno,Avocado toast,1,4044.0,0.0,4044.0,6.3,4.5,0
ORD-01313,2025-10-12,Sunday,12,Mostrador,Frecuente,Bebidas frías,Licuado,2,2977.0,0.15,5061.0,9.7,5.0,1
ORD-00112,2025-10-12,Sunday,13,Mostrador,Nuevo,Café,Latte,1,1438.0,0.0,1438.0,10.4,5.0,1
ORD-00107,2025-10-12,Sunday,14,Takeaway,Nuevo,Almuerzo,Bagel,1,5133.0,0.0,5133.0,13.6,3.6,0
ORD-00766,2025-10-12,Sunday,14,Mostrador,Habitual,Café,Cortado,1,1540.0,0.0,1540.0,10.7,4.5,1
ORD-01441,2025-10-12,Sunday,14,Mostrador,Nuevo,Café,Latte,1,1876.0,0.0,1876.0,7.2,4.0,0
ORD-01498,2025-10-12,Sunday,15,Mostrador,Habitual,Almuerzo,Ensalada,1,5367.0,0.0,5367.0,2.0,5.0,0
ORD-03480,2025-10-12,Sunday,15,Takeaway,Habitual,Almuerzo,Tostado,2,5187.0,0.1,9336.0,9.4,5.0,0
ORD-05841,2025-10-12,Sunday,15,Mostrador,Frecuente,Desayuno,Tostadas,1,3866.0,0.0,3866.0,5.3,4.7,0
ORD-00598,2025-10-12,Sunday,16,Mostrador,Habitual,Café,Espresso,1,1810.0,0.0,1810.0,3.4,4.8,0
ORD-05019,2025-10-12,Sunday,16,Mostrador,Habitual,Bebidas frías,Limonada,1,3022.0,0.0,3022.0,8.9,5.0,0
ORD-00210,2025-10-12,Sunday,17,Mostrador,Habitual,Café,Flat White,1,1640.0,0.0,1640.0,6.6,4.6,0
ORD-05185,2025-10-12,Sunday,17,Delivery,Nuevo,Pastelería,Tostada dulce,2,1568.0,0.0,3136.0,13.4,4.0,1
ORD-02449,2025-10-12,Sunday,18,Mostrador,Habitual,Pastelería,Medialuna,1,1566.0,0.0,1566.0,5.1,4.9,0
ORD-01731,2025-10-12,Sunday,19,Takeaway,Nuevo,Bebidas frías,Licuado,1,2762.0,0.0,2762.0,10.1,5.0,0
ORD-04072,2025-10-13,Monday,8,Delivery,Frecuente,Bebidas frías,Licuado,1,2649.0,0.0,2649.0,19.5,4.7,0
ORD-00690,2025-10-13,Monday,9,Mostrador,Nuevo,Café,Americano,2,1996.0,0.0,3991.0,9.9,4.4,0
ORD-03074,2025-10-13,Monday,9,Takeaway,Nuevo,Pastelería,Cookie,1,1545.0,0.0,1545.0,10.1,4.3,0
ORD-00278,2025-10-13,Monday,10,Mostrador,Habitual,Café,Espresso,1,1618.0,0.1,1456.0,13.2,4.9,1
ORD-06317,2025-10-13,Monday,11,Mostrador,Nuevo,Pastelería,Medialuna,3,1514.0,0.0,4542.0,4.5,5.0,0
ORD-04953,2025-10-13,Monday,12,Takeaway,Habitual,Almuerzo,Wrap,3,5716.0,0.1,15433.0,12.0,4.9,0
ORD-01212,2025-10-13,Monday,13,Mostrador,Frecuente,Café,Americano,2,1806.0,0.0,3612.0,4.4,4.8,0
ORD-01726,2025-10-13,Monday,13,Mostrador,Nuevo,Bebidas frías,Licuado,2,3354.0,0.0,6709.0,9.0,4.7,0
ORD-03350,2025-10-13,Monday,13,Mostrador,Frecuente,Pastelería,Cookie,1,1711.0,0.0,1711.0,8.7,4.7,1
ORD-04225,2025-10-13,Monday,13,Mostrador,Habitual,Almuerzo,Tostado,1,5614.0,0.0,5614.0,9.3,5.0,0
ORD-03565,2025-10-13,Monday,14,Mostrador,Nuevo,Almuerzo,Ensalada,1,6059.0,0.05,5756.0,8.1,5.0,0
ORD-02988,2025-10-13,Monday,15,Delivery,Habitual,Café,Americano,1,1873.0,0.0,1873.0,21.7,3.5,0
ORD-03326,2025-10-13,Monday,15,Delivery,Frecuente,Café,Cortado,3,1579.0,0.0,4737.0,18.1,4.3,0
ORD-05492,2025-10-13,Monday,15,Takeaway,Habitual,Almuerzo,Tostado,1,5655.0,0.0,5655.0,7.9,5.0,1
ORD-06108,2025-10-13,Monday,15,Mostrador,Nuevo,Café,Espresso,3,1863.0,0.05,5311.0,2.5,5.0,1
ORD-00025,2025-10-13,Monday,16,Takeaway,Nuevo,Café,Flat White,1,1982.0,0.0,1982.0,4.1,5.0,0
ORD-06168,2025-10-13,Monday,16,Mostrador,Nuevo,Café,Latte,3,1878.0,0.1,5071.0,7.4,3.9,0
ORD-00806,2025-10-13,Monday,18,Delivery,Nuevo,Café,Flat White,2,1682.0,0.0,3363.0,17.6,4.1,0
ORD-05074,2025-10-13,Monday,19,Delivery,Nuevo,Café,Cortado,1,1747.0,0.0,1747.0,18.3,4.0,0
ORD-00160,2025-10-14,Tuesday,9,Delivery,Frecuente,Pastelería,Medialuna,1,1471.0,0.05,1397.0,20.7,4.3,0
ORD-00725,2025-10-14,Tuesday,9,Mostrador,Habitual,Bebidas frías,Limonada,2,3013.0,0.15,5122.0,7.0,5.0,0
ORD-00016,2025-10-14,Tuesday,11,Mostrador,Nuevo,Café,Espresso,1,2171.0,0.0,2171.0,2.0,4.7,0
ORD-05454,2025-10-14,Tuesday,12,Takeaway,Nuevo,Desayuno,Avocado toast,1,4259.0,0.0,4259.0,12.5,4.4,0
ORD-00918,2025-10-14,Tuesday,13,Mostrador,Habitual,Café,Espresso,1,1603.0,0.0,1603.0,10.7,4.3,0
ORD-01416,2025-10-14,Tuesday,13,Takeaway,Nuevo,Café,Cortado,1,1849.0,0.0,1849.0,13.9,4.1,0
ORD-05355,2025-10-14,Tuesday,15,Mostrador,Habitual,Pastelería,Tostada dulce,2,1656.0,0.0,3313.0,4.8,5.0,0
ORD-00613,2025-10-14,Tuesday,16,Mostrador,Frecuente,Café,Cortado,3,1655.0,0.1,4470.0,7.9,5.0,1
ORD-00955,2025-10-14,Tuesday,16,Mostrador,Habitual,Café,Espresso,1,1940.0,0.0,1940.0,4.4,4.9,0
ORD-03967,2025-10-14,Tuesday,16,Takeaway,Frecuente,Bebidas frías,Licuado,1,2659.0,0.0,2659.0,10.1,4.6,1
ORD-04362,2025-10-14,Tuesday,16,Mostrador,Nuevo,Bebidas frías,Licuado,2,2531.0,0.05,4809.0,3.4,4.7,1
ORD-00476,2025-10-14,Tuesday,17,Takeaway,Nuevo,Pastelería,Medialuna,1,1587.0,0.05,1507.0,8.3,4.9,1
ORD-05371,2025-10-14,Tuesday,19,Mostrador,Nuevo,Almuerzo,Tostado,1,5181.0,0.1,4663.0,2.7,5.0,0
ORD-00213,2025-10-15,Wednesday,7,Mostrador,Nuevo,Café,Espresso,1,1605.0,0.0,1605.0,2.0,4.8,0
ORD-06487,2025-10-15,Wednesday,7,Takeaway,Nuevo,Café,Latte,2,1731.0,0.0,3461.0,2.0,4.7,1
ORD-03382,2025-10-15,Wednesday,8,Takeaway,Nuevo,Bebidas frías,Cold brew,1,3070.0,0.0,3070.0,10.5,3.7,0
ORD-06451,2025-10-15,Wednesday,8,Mostrador,Habitual,Café,Latte,2,1933.0,0.0,3865.0,8.8,5.0,0
ORD-04613,2025-10-15,Wednesday,10,Delivery,Habitual,Café,Americano,1,1804.0,0.0,1804.0,23.0,4.6,1
ORD-03422,2025-10-15,Wednesday,12,Mostrador,Nuevo,Café,Cortado,3,1715.0,0.0,5145.0,12.8,4.6,0
ORD-05682,2025-10-15,Wednesday,12,Takeaway,Nuevo,Desayuno,Combo desayuno,3,3333.0,0.0,9998.0,9.8,4.5,0
ORD-00106,2025-10-15,Wednesday,13,Mostrador,Habitual,Pastelería,Cookie,2,1739.0,0.0,3478.0,12.4,4.1,0
ORD-00249,2025-10-15,Wednesday,13,Mostrador,Frecuente,Bebidas frías,Limonada,3,2723.0,0.0,8169.0,9.0,4.1,1
ORD-02009,2025-10-15,Wednesday,13,Mostrador,Nuevo,Café,Espresso,3,1929.0,0.0,5786.0,11.6,4.4,0
ORD-02284,2025-10-15,Wednesday,13,Mostrador,Frecuente,Bebidas frías,Limonada,1,3086.0,0.0,3086.0,9.7,4.6,1
ORD-05217,2025-10-15,Wednesday,13,Takeaway,Nuevo,Almuerzo,Bagel,1,5839.0,0.05,5547.0,9.2,5.0,0
ORD-04125,2025-10-15,Wednesday,14,Mostrador,Habitual,Desayuno,Tostadas,1,3954.0,0.0,3954.0,8.9,4.5,0
ORD-00990,2025-10-15,Wednesday,15,Mostrador,Habitual,Café,Latte,3,1592.0,0.0,4775.0,2.0,4.2,0
ORD-03323,2025-10-15,Wednesday,15,Mostrador,Frecuente,Almuerzo,Tostado,2,5105.0,0.0,10210.0,4.5,5.0,1
ORD-04084,2025-10-15,Wednesday,15,Takeaway,Habitual,Café,Cortado,3,1580.0,0.15,4028.0,10.7,4.9,1
ORD-05563,2025-10-15,Wednesday,15,Mostrador,Nuevo,Almuerzo,Wrap,2,5306.0,0.0,10612.0,3.6,4.5,0
ORD-05871,2025-10-15,Wednesday,15,Delivery,Nuevo,Desayuno,Combo desayuno,1,4194.0,0.1,3775.0,20.3,4.1,1
ORD-03055,2025-10-15,Wednesday,16,Takeaway,Nuevo,Bebidas frías,Cold brew,1,2491.0,0.1,2242.0,8.3,4.8,0
ORD-01430,2025-10-15,Wednesday,18,Takeaway,Nuevo,Pastelería,Cookie,2,1361.0,0.0,2723.0,6.3,4.5,0
ORD-02648,2025-10-15,Wednesday,18,Mostrador,Habitual,Bebidas frías,Licuado,3,2876.0,0.0,8627.0,7.2,5.0,1
ORD-06247,2025-10-16,Thursday,9,Delivery,Nuevo,Pastelería,Cookie,2,1727.0,0.1,3109.0,21.8,3.9,0
ORD-06426,2025-10-16,Thursday,9,Takeaway,Frecuente,Café,Espresso,1,1905.0,0.0,1905.0,12.4,4.4,1
ORD-04908,2025-10-16,Thursday,11,Mostrador,Nuevo,Bebidas frías,Iced latte,1,2655.0,0.1,2390.0,5.7,5.0,0
ORD-03130,2025-10-16,Thursday,14,Mostrador,Habitual,Almuerzo,Wrap,1,5160.0,0.0,5160.0,11.0,5.0,0
ORD-06062,2025-10-16,Thursday,14,Takeaway,Frecuente,Bebidas frías,Licuado,1,2640.0,0.0,2640.0,13.0,4.3,0
ORD-06099,2025-10-16,Thursday,16,Delivery,Frecuente,Bebidas frías,Licuado,1,2865.0,0.0,2865.0,14.8,4.7,1
ORD-01461,2025-10-16,Thursday,17,Takeaway,Nuevo,Bebidas frías,Limonada,2,2917.0,0.0,5834.0,7.1,5.0,1
ORD-02809,2025-10-16,Thursday,17,Takeaway,Nuevo,Café,Cortado,1,1747.0,0.0,1747.0,4.3,5.0,0
ORD-05982,2025-10-16,Thursday,17,Mostrador,Nuevo,Pastelería,Medialuna,1,1557.0,0.05,1479.0,3.7,3.8,0
ORD-02236,2025-10-16,Thursday,19,Mostrador,Habitual,Pastelería,Medialuna,2,1847.0,0.05,3509.0,8.1,4.7,0
ORD-03915,2025-10-16,Thursday,19,Takeaway,Nuevo,Pastelería,Budín,2,1762.0,0.0,3524.0,6.3,4.1,0
ORD-02725,2025-10-16,Thursday,20,Takeaway,Nuevo,Desayuno,Combo desayuno,3,4146.0,0.0,12438.0,3.6,5.0,1
ORD-04516,2025-10-17,Friday,7,Takeaway,Habitual,Bebidas frías,Licuado,1,2626.0,0.0,2626.0,4.4,5.0,1
ORD-01414,2025-10-17,Friday,9,Delivery,Frecuente,Almuerzo,Ensalada,1,4377.0,0.1,3940.0,22.9,3.9,0
ORD-01133,2025-10-17,Friday,11,Takeaway,Nuevo,Bebidas frías,Licuado,3,2923.0,0.1,7892.0,5.9,5.0,1
ORD-01980,2025-10-17,Friday,11,Mostrador,Frecuente,Almuerzo,Tostado,1,5220.0,0.05,4959.0,6.6,4.6,0
ORD-01617,2025-10-17,Friday,12,Mostrador,Frecuente,Café,Americano,2,1846.0,0.0,3693.0,9.5,4.6,1
ORD-04099,2025-10-17,Friday,12,Delivery,Habitual,Café,Espresso,1,1857.0,0.0,1857.0,20.7,4.0,0
ORD-02801,2025-10-17,Friday,13,Mostrador,Nuevo,Pastelería,Budín,1,1444.0,0.0,1444.0,5.9,4.5,0
ORD-01254,2025-10-17,Friday,14,Delivery,Nuevo,Desayuno,Combo desayuno,1,4524.0,0.0,4524.0,20.2,3.7,1
ORD-02671,2025-10-17,Friday,14,Mostrador,Nuevo,Bebidas frías,Cold brew,1,2726.0,0.0,2726.0,9.6,4.8,1
ORD-03154,2025-10-17,Friday,14,Delivery,Habitual,Desayuno,Tostadas,1,3999.0,0.0,3999.0,24.2,4.0,0
ORD-01986,2025-10-17,Friday,15,Delivery,Nuevo,Almuerzo,Ensalada,2,5130.0,0.1,9235.0,15.0,4.9,0
ORD-04804,2025-10-17,Friday,16,Takeaway,Frecuente,Desayuno,Tostadas,1,4129.0,0.0,4129.0,7.0,5.0,1
ORD-00559,2025-10-17,Friday,19,Takeaway,Frecuente,Desayuno,Avocado toast,3,4594.0,0.05,13092.0,7.6,4.1,1
ORD-00639,2025-10-17,Friday,19,Mostrador,Habitual,Café,Latte,2,1934.0,0.0,3868.0,3.7,5.0,0
ORD-00261,2025-10-17,Friday,20,Takeaway,Habitual,Café,Americano,3,1726.0,0.0,5177.0,7.6,4.6,0
ORD-00071,2025-10-18,Saturday,7,Takeaway,Nuevo,Almuerzo,Wrap,1,5511.0,0.15,4684.0,9.4,4.5,0
ORD-02832,2025-10-18,Saturday,8,Mostrador,Habitual,Café,Americano,3,1980.0,0.0,5940.0,8.1,4.8,1
ORD-03396,2025-10-18,Saturday,9,Mostrador,Frecuente,Desayuno,Combo desayuno,1,4994.0,0.0,4994.0,6.3,4.7,0
ORD-03564,2025-10-18,Saturday,9,Takeaway,Nuevo,Café,Latte,2,1988.0,0.0,3976.0,10.9,4.3,0
ORD-02257,2025-10-18,Saturday,10,Mostrador,Nuevo,Almuerzo,Wrap,1,4987.0,0.0,4987.0,10.5,5.0,0
ORD-00135,2025-10-18,Saturday,11,Mostrador,Nuevo,Pastelería,Tostada dulce,1,1795.0,0.0,1795.0,3.7,5.0,0
ORD-00692,2025-10-18,Saturday,11,Mostrador,Nuevo,Desayuno,Combo desayuno,3,4109.0,0.0,12328.0,3.1,4.5,0
ORD-00745,2025-10-18,Saturday,11,Delivery,Habitual,Café,Cortado,1,1556.0,0.1,1400.0,18.2,3.6,0
ORD-01684,2025-10-18,Saturday,11,Takeaway,Frecuente,Bebidas frías,Iced latte,1,2772.0,0.0,2772.0,8.7,5.0,0
ORD-03393,2025-10-18,Saturday,11,Mostrador,Frecuente,Café,Latte,1,1594.0,0.0,1594.0,3.4,4.9,0
ORD-05909,2025-10-18,Saturday,11,Takeaway,Nuevo,Café,Flat White,1,1617.0,0.05,1536.0,11.4,4.6,0
ORD-04712,2025-10-18,Saturday,12,Takeaway,Habitual,Café,Cortado,1,1611.0,0.0,1611.0,8.6,4.0,1
ORD-00105,2025-10-18,Saturday,14,Mostrador,Nuevo,Almuerzo,Bagel,1,4923.0,0.0,4923.0,6.9,4.9,0
ORD-02547,2025-10-18,Saturday,14,Delivery,Habitual,Café,Flat White,1,1679.0,0.15,1427.0,21.3,3.8,0
ORD-02702,2025-10-18,Saturday,14,Takeaway,Frecuente,Pastelería,Cookie,2,1730.0,0.0,3459.0,10.3,4.9,1
ORD-00484,2025-10-18,Saturday,15,Mostrador,Nuevo,Pastelería,Cookie,3,1515.0,0.15,3863.0,2.3,4.6,0
ORD-03296,2025-10-18,Saturday,18,Takeaway,Habitual,Bebidas frías,Limonada,1,2384.0,0.0,2384.0,10.5,4.5,1
ORD-03483,2025-10-18,Saturday,18,Takeaway,Nuevo,Café,Cortado,2,1568.0,0.0,3136.0,10.9,5.0,0
ORD-02899,2025-10-18,Saturday,19,Mostrador,Habitual,Pastelería,Croissant,1,1735.0,0.0,1735.0,4.0,3.8,0
ORD-04271,2025-10-19,Sunday,8,Takeaway,Nuevo,Bebidas frías,Licuado,3,2942.0,0.05,8386.0,11.7,4.9,0
ORD-00716,2025-10-19,Sunday,9,Delivery,Habitual,Almuerzo,Tostado,1,5293.0,0.0,5293.0,22.8,4.4,0
ORD-05512,2025-10-19,Sunday,9,Delivery,Nuevo,Bebidas frías,Limonada,2,2707.0,0.0,5414.0,23.0,4.0,0
ORD-05617,2025-10-19,Sunday,9,Takeaway,Habitual,Almuerzo,Wrap,3,5094.0,0.0,15283.0,8.9,4.7,0
ORD-04909,2025-10-19,Sunday,11,Mostrador,Nuevo,Bebidas frías,Limonada,2,2883.0,0.1,5189.0,8.7,4.9,0
ORD-01736,2025-10-19,Sunday,12,Mostrador,Habitual,Café,Espresso,2,2248.0,0.1,4046.0,5.7,5.0,0
ORD-04308,2025-10-19,Sunday,12,Mostrador,Habitual,Almuerzo,Bagel,1,4894.0,0.0,4894.0,9.7,4.6,1
ORD-01578,2025-10-19,Sunday,13,Mostrador,Habitual,Pastelería,Tostada dulce,1,1414.0,0.0,1414.0,9.0,5.0,1
ORD-02206,2025-10-19,Sunday,14,Takeaway,Nuevo,Bebidas frías,Cold brew,2,2652.0,0.0,5304.0,11.3,5.0,0
ORD-04467,2025-10-19,Sunday,14,Delivery,Frecuente,Pastelería,Budín,1,1563.0,0.0,1563.0,21.3,4.2,0
ORD-05296,2025-10-19,Sunday,14,Delivery,Nuevo,Café,Cortado,1,1991.0,0.0,1991.0,22.4,3.9,0
ORD-03571,2025-10-19,Sunday,15,Mostrador,Frecuente,Bebidas frías,Licuado,1,2122.0,0.0,2122.0,2.0,5.0,0
ORD-02005,2025-10-19,Sunday,16,Takeaway,Nuevo,Bebidas frías,Cold brew,1,3014.0,0.0,3014.0,5.1,3.6,0
ORD-02557,2025-10-19,Sunday,16,Mostrador,Nuevo,Almuerzo,Wrap,3,5187.0,0.0,15560.0,2.0,4.8,0
ORD-05473,2025-10-19,Sunday,16,Takeaway,Nuevo,Café,Latte,2,1986.0,0.0,3972.0,3.8,4.7,0
ORD-05544,2025-10-19,Sunday,16,Mostrador,Frecuente,Bebidas frías,Licuado,3,2371.0,0.05,6757.0,4.0,5.0,1
ORD-05896,2025-10-19,Sunday,16,Mostrador,Habitual,Café,Cortado,1,1627.0,0.0,1627.0,6.2,4.9,0
ORD-05922,2025-10-19,Sunday,16,Mostrador,Habitual,Desayuno,Combo desayuno,1,4564.0,0.0,4564.0,8.7,3.8,0
ORD-06179,2025-10-19,Sunday,16,Mostrador,Habitual,Desayuno,Tostadas,2,4474.0,0.0,8948.0,5.5,5.0,0
ORD-03385,2025-10-19,Sunday,17,Mostrador,Habitual,Almuerzo,Ensalada,1,4663.0,0.0,4663.0,8.3,5.0,0
ORD-03481,2025-10-19,Sunday,17,Mostrador,Nuevo,Desayuno,Combo desayuno,1,4432.0,0.05,4211.0,7.1,4.7,0
ORD-01012,2025-10-19,Sunday,18,Takeaway,Frecuente,Café,Cortado,3,1829.0,0.0,5486.0,5.9,4.8,1
ORD-03752,2025-10-19,Sunday,19,Mostrador,Nuevo,Bebidas frías,Limonada,2,2749.0,0.0,5499.0,7.3,4.5,0
ORD-01087,2025-10-20,Monday,7,Mostrador,Nuevo,Bebidas frías,Cold brew,1,2709.0,0.0,2709.0,7.5,4.3,1
ORD-05393,2025-10-20,Monday,8,Mostrador,Habitual,Desayuno,Combo desayuno,2,4428.0,0.15,7527.0,8.7,3.7,0
ORD-05421,2025-10-20,Monday,9,Mostrador,Nuevo,Pastelería,Tostada dulce,1,1646.0,0.0,1646.0,7.3,5.0,0
ORD-06245,2025-10-20,Monday,9,Mostrador,Habitual,Bebidas frías,Cold brew,1,2740.0,0.0,2740.0,10.9,4.1,0
ORD-04976,2025-10-20,Monday,10,Takeaway,Nuevo,Café,Americano,2,1723.0,0.1,3102.0,11.4,4.2,0
ORD-02497,2025-10-20,Monday,11,Mostrador,Habitual,Pastelería,Budín,1,1615.0,0.0,1615.0,4.4,4.3,0
ORD-02535,2025-10-20,Monday,11,Takeaway,Frecuente,Café,Espresso,2,1675.0,0.0,3351.0,7.0,4.7,1
ORD-00686,2025-10-20,Monday,12,Delivery,Habitual,Desayuno,Tostadas,1,3937.0,0.05,3740.0,25.7,3.7,0
ORD-01260,2025-10-20,Monday,12,Delivery,Habitual,Café,Cortado,3,2030.0,0.0,6089.0,21.7,4.0,1
ORD-02296,2025-10-20,Monday,12,Takeaway,Habitual,Desayuno,Combo desayuno,1,3661.0,0.0,3661.0,11.0,4.9,0
ORD-02567,2025-10-20,Monday,12,Takeaway,Habitual,Almuerzo,Ensalada,3,5502.0,0.0,16507.0,9.8,5.0,0
ORD-03300,2025-10-20,Monday,12,Mostrador,Habitual,Café,Cortado,1,1777.0,0.0,1777.0,9.7,4.7,1
ORD-04975,2025-10-20,Monday,12,Mostrador,Frecuente,Almuerzo,Tostado,1,4765.0,0.0,4765.0,10.1,4.2,1
ORD-00596,2025-10-20,Monday,14,Takeaway,Habitual,Café,Latte,1,1550.0,0.05,1473.0,9.7,5.0,0
ORD-00860,2025-10-20,Monday,14,Takeaway,Nuevo,Desayuno,Combo desayuno,1,4383.0,0.0,4383.0,12.4,4.7,0
ORD-01284,2025-10-20,Monday,14,Mostrador,Nuevo,Café,Americano,2,1826.0,0.0,3651.0,10.3,5.0,0
ORD-03037,2025-10-20,Monday,14,Takeaway,Habitual,Almuerzo,Wrap,1,4413.0,0.0,4413.0,9.3,4.8,0
ORD-04005,2025-10-20,Monday,14,Mostrador,Nuevo,Café,Americano,2,1949.0,0.0,3899.0,9.8,4.1,0
ORD-00852,2025-10-20,Monday,15,Takeaway,Frecuente,Desayuno,Combo desayuno,2,4519.0,0.0,9037.0,7.2,5.0,1
ORD-00591,2025-10-20,Monday,16,Takeaway,Habitual,Café,Americano,2,1585.0,0.0,3171.0,8.0,5.0,0
ORD-02571,2025-10-20,Monday,16,Mostrador,Nuevo,Café,Flat White,2,1726.0,0.0,3453.0,5.9,5.0,0
ORD-02902,2025-10-20,Monday,16,Takeaway,Habitual,Almuerzo,Bagel,2,5711.0,0.0,11423.0,8.2,4.1,1
ORD-03057,2025-10-20,Monday,16,Delivery,Habitual,Café,Cortado,1,1940.0,0.0,1940.0,13.3,4.0,0
ORD-04525,2025-10-20,Monday,16,Mostrador,Habitual,Almuerzo,Ensalada,1,5281.0,0.0,5281.0,6.5,4.8,1
ORD-05362,2025-10-20,Monday,16,Mostrador,Nuevo,Café,Latte,2,1852.0,0.0,3704.0,2.0,4.4,1
ORD-06123,2025-10-20,Monday,16,Mostrador,Habitual,Pastelería,Budín,3,1541.0,0.1,4159.0,7.0,5.0,1
ORD-02983,2025-10-20,Monday,17,Mostrador,Habitual,Desayuno,Yogur + granola,1,3769.0,0.0,3769.0,4.7,4.5,0
ORD-06339,2025-10-20,Monday,17,Takeaway,Habitual,Pastelería,Tostada dulce,1,1553.0,0.0,1553.0,9.2,4.9,0
ORD-06496,2025-10-20,Monday,17,Mostrador,Habitual,Pastelería,Medialuna,1,1567.0,0.0,1567.0,4.6,4.7,0
ORD-05155,2025-10-20,Monday,19,Mostrador,Nuevo,Café,Americano,3,1837.0,0.0,5511.0,5.6,5.0,0
ORD-00551,2025-10-21,Tuesday,7,Mostrador,Habitual,Pastelería,Budín,1,1787.0,0.0,1787.0,3.0,4.8,1
ORD-00103,2025-10-21,Tuesday,8,Mostrador,Nuevo,Café,Cortado,2,1886.0,0.0,3772.0,9.1,4.6,0
ORD-01749,2025-10-21,Tuesday,13,Mostrador,Habitual,Almuerzo,Wrap,1,5362.0,0.1,4826.0,10.7,3.4,0
ORD-03803,2025-10-21,Tuesday,13,Mostrador,Nuevo,Almuerzo,Tostado,1,5084.0,0.0,5084.0,8.0,5.0,0
ORD-00472,2025-10-21,Tuesday,14,Takeaway,Nuevo,Desayuno,Combo desayuno,1,3703.0,0.0,3703.0,8.6,5.0,1
ORD-00654,2025-10-21,Tuesday,14,Takeaway,Habitual,Bebidas frías,Licuado,1,2915.0,0.0,2915.0,10.8,4.7,1
ORD-01199,2025-10-21,Tuesday,14,Mostrador,Habitual,Desayuno,Combo desayuno,1,4368.0,0.0,4368.0,11.4,4.1,0
ORD-00428,2025-10-21,Tuesday,15,Takeaway,Habitual,Pastelería,Medialuna,1,1672.0,0.1,1505.0,6.1,4.9,0
ORD-05215,2025-10-21,Tuesday,15,Mostrador,Nuevo,Café,Americano,1,1698.0,0.0,1698.0,4.7,4.6,1
ORD-00092,2025-10-21,Tuesday,17,Mostrador,Nuevo,Desayuno,Tostadas,1,4100.0,0.1,3690.0,4.9,5.0,0
ORD-02545,2025-10-21,Tuesday,17,Takeaway,Habitual,Café,Cortado,3,1717.0,0.0,5151.0,9.5,4.1,0
ORD-02093,2025-10-21,Tuesday,18,Takeaway,Habitual,Café,Espresso,3,1708.0,0.0,5125.0,5.7,4.4,0
ORD-04309,2025-10-21,Tuesday,18,Mostrador,Habitual,Desayuno,Tostadas,1,4711.0,0.0,4711.0,6.4,5.0,0
ORD-03818,2025-10-21,Tuesday,19,Mostrador,Habitual,Desayuno,Avocado toast,1,3727.0,0.0,3727.0,4.8,5.0,0
ORD-03769,2025-10-22,Wednesday,7,Mostrador,Habitual,Almuerzo,Bagel,1,4921.0,0.0,4921.0,9.2,5.0,0
ORD-05444,2025-10-22,Wednesday,8,Mostrador,Frecuente,Almuerzo,Ensalada,1,5296.0,0.0,5296.0,8.8,4.6,0
ORD-05589,2025-10-22,Wednesday,10,Delivery,Nuevo,Desayuno,Avocado toast,1,4775.0,0.05,4537.0,19.9,3.6,0
ORD-06452,2025-10-22,Wednesday,10,Mostrador,Nuevo,Pastelería,Budín,3,1581.0,0.15,4031.0,11.5,4.5,0
ORD-02935,2025-10-22,Wednesday,11,Mostrador,Nuevo,Bebidas frías,Cold brew,1,2810.0,0.0,2810.0,8.3,3.6,0
ORD-04753,2025-10-22,Wednesday,12,Mostrador,Nuevo,Almuerzo,Tostado,2,5492.0,0.0,10984.0,7.4,5.0,0
ORD-05332,2025-10-22,Wednesday,13,Mostrador,Habitual,Almuerzo,Wrap,2,5795.0,0.05,11011.0,9.4,4.3,0
ORD-06307,2025-10-22,Wednesday,13,Delivery,Nuevo,Desayuno,Avocado toast,1,4027.0,0.1,3624.0,25.0,4.4,0
ORD-04206,2025-10-22,Wednesday,14,Takeaway,Nuevo,Almuerzo,Tostado,3,5155.0,0.0,15466.0,11.9,4.5,1
ORD-03713,2025-10-22,Wednesday,15,Mostrador,Nuevo,Bebidas frías,Iced latte,1,2628.0,0.15,2234.0,4.1,4.5,0
ORD-05045,2025-10-22,Wednesday,16,Mostrador,Habitual,Desayuno,Tostadas,1,4071.0,0.05,3868.0,6.0,4.6,1
ORD-04288,2025-10-22,Wednesday,17,Mostrador,Habitual,Pastelería,Tostada dulce,1,1557.0,0.0,1557.0,8.0,4.0,0
ORD-05079,2025-10-22,Wednesday,17,Mostrador,Habitual,Pastelería,Budín,1,1619.0,0.0,1619.0,8.8,4.7,0
ORD-00291,2025-10-22,Wednesday,18,Mostrador,Nuevo,Bebidas frías,Iced latte,2,3054.0,0.05,5802.0,6.4,4.6,0
ORD-04810,2025-10-22,Wednesday,18,Mostrador,Nuevo,Café,Cortado,2,1762.0,0.0,3524.0,2.0,4.1,0
ORD-01334,2025-10-22,Wednesday,20,Takeaway,Habitual,Café,Americano,1,2134.0,0.0,2134.0,11.1,4.4,1
ORD-02532,2025-10-22,Wednesday,20,Delivery,Frecuente,Bebidas frías,Licuado,1,2931.0,0.0,2931.0,18.8,4.0,1
ORD-03246,2025-10-23,Thursday,7,Mostrador,Habitual,Pastelería,Cookie,2,1621.0,0.1,2919.0,6.5,4.2,1
ORD-01001,2025-10-23,Thursday,12,Mostrador,Frecuente,Desayuno,Avocado toast,2,4170.0,0.15,7089.0,7.6,4.9,0
ORD-02161,2025-10-23,Thursday,12,Delivery,Habitual,Almuerzo,Tostado,1,5522.0,0.05,5246.0,26.4,4.0,0
ORD-00837,2025-10-23,Thursday,14,Takeaway,Frecuente,Pastelería,Croissant,2,1456.0,0.15,2476.0,7.4,5.0,1
ORD-04054,2025-10-23,Thursday,14,Mostrador,Nuevo,Bebidas frías,Limonada,1,2674.0,0.0,2674.0,8.5,4.9,1
ORD-03868,2025-10-23,Thursday,16,Delivery,Nuevo,Café,Cortado,1,1758.0,0.0,1758.0,17.6,4.5,1
ORD-00227,2025-10-23,Thursday,17,Takeaway,Frecuente,Almuerzo,Ensalada,1,5098.0,0.1,4588.0,13.8,4.6,0
ORD-00336,2025-10-23,Thursday,17,Takeaway,Habitual,Café,Americano,1,2057.0,0.0,2057.0,3.3,5.0,0
ORD-02748,2025-10-23,Thursday,17,Mostrador,Habitual,Pastelería,Tostada dulce,2,1624.0,0.0,3248.0,2.4,5.0,0
ORD-03833,2025-10-23,Thursday,17,Takeaway,Habitual,Almuerzo,Bagel,2,4950.0,0.0,9900.0,7.5,3.3,1
ORD-01219,2025-10-23,Thursday,20,Takeaway,Habitual,Almuerzo,Tostado,1,4414.0,0.0,4414.0,9.6,5.0,0
ORD-06444,2025-10-24,Friday,8,Takeaway,Nuevo,Café,Latte,3,1753.0,0.0,5260.0,10.8,4.6,0
ORD-02159,2025-10-24,Friday,11,Mostrador,Nuevo,Café,Espresso,3,1787.0,0.15,4558.0,8.1,4.7,1
ORD-02684,2025-10-24,Friday,11,Delivery,Nuevo,Almuerzo,Bagel,2,5154.0,0.0,10307.0,16.8,4.8,0
ORD-03010,2025-10-24,Friday,11,Mostrador,Nuevo,Café,Flat White,2,1655.0,0.0,3310.0,2.5,5.0,0
ORD-00885,2025-10-24,Friday,14,Takeaway,Nuevo,Café,Americano,2,1894.0,0.0,3787.0,15.8,4.5,0
ORD-03198,2025-10-24,Friday,14,Mostrador,Habitual,Café,Americano,1,1923.0,0.0,1923.0,9.9,3.9,0
ORD-05408,2025-10-24,Friday,14,Mostrador,Habitual,Pastelería,Cookie,2,1874.0,0.0,3748.0,13.3,4.3,0
ORD-06237,2025-10-24,Friday,15,Takeaway,Frecuente,Café,Espresso,2,1515.0,0.0,3030.0,2.3,5.0,1
ORD-01574,2025-10-24,Friday,16,Delivery,Habitual,Almuerzo,Tostado,1,4271.0,0.0,4271.0,19.4,4.1,0
ORD-05658,2025-10-24,Friday,17,Mostrador,Nuevo,Pastelería,Tostada dulce,1,1704.0,0.05,1619.0,7.4,5.0,0
ORD-03508,2025-10-24,Friday,18,Takeaway,Habitual,Café,Espresso,1,2162.0,0.0,2162.0,7.2,4.3,0
ORD-06405,2025-10-24,Friday,18,Mostrador,Nuevo,Almuerzo,Wrap,1,4788.0,0.0,4788.0,4.9,4.9,0
ORD-06365,2025-10-25,Saturday,8,Mostrador,Habitual,Almuerzo,Tostado,2,5027.0,0.0,10053.0,10.2,4.3,1
ORD-01426,2025-10-25,Saturday,10,Mostrador,Nuevo,Café,Latte,1,2082.0,0.0,2082.0,7.0,4.8,0
ORD-05306,2025-10-25,Saturday,10,Delivery,Habitual,Desayuno,Avocado toast,1,3826.0,0.0,3826.0,23.4,3.5,0
ORD-00166,2025-10-25,Saturday,11,Mostrador,Habitual,Desayuno,Tostadas,1,4015.0,0.0,4015.0,5.3,4.2,0
ORD-02196,2025-10-25,Saturday,12,Takeaway,Frecuente,Café,Americano,2,1863.0,0.0,3726.0,14.5,4.2,1
ORD-05539,2025-10-25,Saturday,12,Takeaway,Habitual,Almuerzo,Tostado,3,5118.0,0.05,14586.0,9.6,4.4,0
ORD-05121,2025-10-25,Saturday,13,Mostrador,Habitual,Desayuno,Tostadas,1,4191.0,0.0,4191.0,10.2,4.6,0
ORD-05706,2025-10-25,Saturday,13,Delivery,Frecuente,Desayuno,Combo desayuno,1,4690.0,0.1,4221.0,24.4,4.2,1
ORD-03078,2025-10-25,Saturday,15,Mostrador,Nuevo,Café,Espresso,1,1880.0,0.05,1786.0,6.5,4.5,1
ORD-03401,2025-10-25,Saturday,15,Takeaway,Habitual,Pastelería,Cookie,1,1591.0,0.05,1512.0,5.6,4.8,0
ORD-06146,2025-10-25,Saturday,15,Takeaway,Frecuente,Café,Cortado,3,1915.0,0.0,5746.0,10.1,4.7,0
ORD-03208,2025-10-25,Saturday,16,Mostrador,Habitual,Bebidas frías,Iced latte,1,2816.0,0.0,2816.0,10.7,4.6,0
ORD-05886,2025-10-25,Saturday,16,Delivery,Habitual,Café,Latte,1,1877.0,0.05,1784.0,16.2,4.6,1
ORD-04970,2025-10-25,Saturday,17,Mostrador,Nuevo,Pastelería,Cookie,1,1539.0,0.1,1385.0,5.3,5.0,1
ORD-04392,2025-10-25,Saturday,19,Mostrador,Frecuente,Bebidas frías,Limonada,1,2952.0,0.15,2510.0,6.8,5.0,1
ORD-04374,2025-10-26,Sunday,10,Mostrador,Nuevo,Almuerzo,Wrap,1,5543.0,0.05,5266.0,5.5,4.4,0
ORD-00514,2025-10-26,Sunday,11,Mostrador,Habitual,Café,Espresso,2,2006.0,0.0,4012.0,8.0,4.6,0
ORD-01843,2025-10-26,Sunday,12,Delivery,Nuevo,Pastelería,Croissant,1,1566.0,0.05,1488.0,18.8,4.1,0
ORD-01965,2025-10-26,Sunday,13,Takeaway,Habitual,Bebidas frías,Limonada,2,2893.0,0.0,5787.0,14.7,4.4,0
ORD-05356,2025-10-26,Sunday,13,Takeaway,Nuevo,Almuerzo,Ensalada,1,5170.0,0.0,5170.0,8.1,3.9,1
ORD-03455,2025-10-26,Sunday,14,Mostrador,Frecuente,Pastelería,Tostada dulce,1,1686.0,0.15,1433.0,3.5,5.0,1
ORD-02873,2025-10-26,Sunday,16,Takeaway,Habitual,Bebidas frías,Limonada,1,2722.0,0.15,2313.0,7.5,4.6,0
ORD-06437,2025-10-26,Sunday,18,Takeaway,Frecuente,Pastelería,Medialuna,2,1456.0,0.0,2911.0,3.2,5.0,0
ORD-01964,2025-10-26,Sunday,19,Mostrador,Frecuente,Café,Latte,1,1448.0,0.05,1375.0,5.2,4.5,0
ORD-05189,2025-10-26,Sunday,19,Takeaway,Habitual,Café,Cortado,1,1901.0,0.0,1901.0,6.9,5.0,0
ORD-00741,2025-10-26,Sunday,20,Mostrador,Nuevo,Pastelería,Medialuna,2,1761.0,0.0,3522.0,2.0,4.7,0
ORD-01535,2025-10-26,Sunday,20,Delivery,Nuevo,Pastelería,Budín,2,1823.0,0.05,3463.0,17.3,4.6,1
ORD-05224,2025-10-27,Monday,7,Takeaway,Habitual,Café,Flat White,2,1726.0,0.0,3451.0,10.1,5.0,0
ORD-03364,2025-10-27,Monday,9,Mostrador,Frecuente,Café,Americano,1,1813.0,0.15,1541.0,9.0,4.4,0
ORD-04998,2025-10-27,Monday,9,Mostrador,Habitual,Pastelería,Medialuna,1,1460.0,0.0,1460.0,11.1,4.9,0
ORD-01025,2025-10-27,Monday,11,Mostrador,Frecuente,Café,Americano,1,1718.0,0.0,1718.0,7.6,4.7,0
ORD-02338,2025-10-27,Monday,12,Mostrador,Nuevo,Café,Latte,2,1803.0,0.0,3605.0,6.9,3.7,0
ORD-05394,2025-10-27,Monday,12,Mostrador,Habitual,Pastelería,Tostada dulce,1,1707.0,0.0,1707.0,13.3,4.0,1
ORD-02516,2025-10-27,Monday,13,Mostrador,Nuevo,Desayuno,Combo desayuno,1,4266.0,0.0,4266.0,10.6,5.0,0
ORD-01231,2025-10-27,Monday,14,Mostrador,Nuevo,Pastelería,Budín,2,1575.0,0.0,3151.0,10.3,5.0,0
ORD-06169,2025-10-27,Monday,14,Mostrador,Habitual,Café,Americano,1,1738.0,0.05,1651.0,10.3,4.5,0
ORD-00867,2025-10-27,Monday,15,Mostrador,Frecuente,Pastelería,Budín,2,1561.0,0.0,3123.0,5.2,4.8,0
ORD-02288,2025-10-27,Monday,15,Mostrador,Habitual,Almuerzo,Ensalada,1,5405.0,0.0,5405.0,2.5,4.7,0
ORD-00149,2025-10-27,Monday,16,Takeaway,Nuevo,Desayuno,Combo desayuno,1,3909.0,0.15,3323.0,10.3,4.1,0
ORD-00849,2025-10-27,Monday,16,Mostrador,Nuevo,Bebidas frías,Limonada,1,2757.0,0.0,2757.0,3.5,4.0,1
ORD-05984,2025-10-27,Monday,19,Takeaway,Nuevo,Desayuno,Tostadas,1,4569.0,0.0,4569.0,6.3,4.5,0
ORD-03082,2025-10-27,Monday,20,Mostrador,Frecuente,Desayuno,Yogur + granola,2,3938.0,0.0,7877.0,7.3,4.9,0
ORD-05952,2025-10-27,Monday,20,Delivery,Habitual,Bebidas frías,Limonada,2,2530.0,0.05,4807.0,13.9,4.0,0
ORD-02945,2025-10-28,Tuesday,8,Mostrador,Frecuente,Bebidas frías,Iced latte,1,2775.0,0.05,2636.0,9.2,4.0,1
ORD-05238,2025-10-28,Tuesday,8,Mostrador,Habitual,Desayuno,Avocado toast,3,4473.0,0.0,13420.0,9.1,4.6,0
ORD-01587,2025-10-28,Tuesday,9,Mostrador,Nuevo,Café,Latte,3,1820.0,0.0,5461.0,9.5,4.2,0
ORD-01264,2025-10-28,Tuesday,10,Mostrador,Nuevo,Pastelería,Tostada dulce,1,1603.0,0.1,1443.0,10.1,4.2,0
ORD-02326,2025-10-28,Tuesday,10,Delivery,Frecuente,Pastelería,Croissant,1,1408.0,0.0,1408.0,24.3,4.3,1
ORD-03890,2025-10-28,Tuesday,10,Mostrador,Frecuente,Pastelería,Croissant,1,1652.0,0.15,1404.0,8.1,4.6,0
ORD-05833,2025-10-28,Tuesday,10,Takeaway,Nuevo,Almuerzo,Ensalada,1,5035.0,0.0,5035.0,7.1,5.0,0
ORD-02984,2025-10-28,Tuesday,11,Delivery,Nuevo,Bebidas frías,Limonada,1,3174.0,0.0,3174.0,17.4,4.4,0
ORD-02372,2025-10-28,Tuesday,12,Takeaway,Habitual,Almuerzo,Ensalada,3,4964.0,0.0,14892.0,12.5,3.6,1
ORD-04637,2025-10-28,Tuesday,12,Mostrador,Habitual,Pastelería,Croissant,2,1684.0,0.0,3368.0,12.7,4.8,0
ORD-00028,2025-10-28,Tuesday,14,Takeaway,Nuevo,Bebidas frías,Cold brew,3,2828.0,0.0,8485.0,13.4,5.0,0
ORD-02334,2025-10-28,Tuesday,16,Takeaway,Frecuente,Bebidas frías,Cold brew,1,2435.0,0.0,2435.0,2.7,5.0,0
ORD-05278,2025-10-28,Tuesday,16,Mostrador,Habitual,Almuerzo,Wrap,1,5484.0,0.0,5484.0,7.3,4.6,0
ORD-04243,2025-10-28,Tuesday,17,Mostrador,Nuevo,Pastelería,Budín,1,1431.0,0.05,1360.0,3.8,4.9,0
ORD-03169,2025-10-28,Tuesday,18,Mostrador,Habitual,Café,Flat White,3,1592.0,0.05,4537.0,3.2,5.0,0
ORD-04356,2025-10-28,Tuesday,20,Mostrador,Habitual,Desayuno,Yogur + granola,2,4391.0,0.05,8344.0,4.4,5.0,1
ORD-06367,2025-10-29,Wednesday,7,Mostrador,Nuevo,Pastelería,Budín,2,1815.0,0.0,3630.0,4.6,5.0,0
ORD-05993,2025-10-29,Wednesday,8,Takeaway,Habitual,Café,Espresso,1,1821.0,0.0,1821.0,12.3,3.8,0
ORD-06290,2025-10-29,Wednesday,9,Mostrador,Nuevo,Bebidas frías,Iced latte,2,2998.0,0.1,5396.0,5.5,5.0,0
ORD-01987,2025-10-29,Wednesday,11,Takeaway,Nuevo,Desayuno,Combo desayuno,1,4583.0,0.0,4583.0,4.7,5.0,1
ORD-02610,2025-10-29,Wednesday,11,Delivery,Habitual,Almuerzo,Bagel,1,4478.0,0.0,4478.0,19.7,4.5,0
ORD-05283,2025-10-29,Wednesday,11,Mostrador,Habitual,Desayuno,Yogur + granola,1,4476.0,0.0,4476.0,5.5,4.6,0
ORD-05668,2025-10-29,Wednesday,11,Takeaway,Habitual,Desayuno,Tostadas,1,4427.0,0.05,4206.0,6.7,4.3,1
ORD-04623,2025-10-29,Wednesday,12,Delivery,Habitual,Pastelería,Medialuna,1,1615.0,0.0,1615.0,23.8,3.8,0
ORD-00433,2025-10-29,Wednesday,13,Mostrador,Nuevo,Pastelería,Budín,1,1609.0,0.0,1609.0,5.7,4.8,0
ORD-03521,2025-10-29,Wednesday,13,Mostrador,Frecuente,Café,Flat White,3,1515.0,0.0,4545.0,7.1,4.6,0
ORD-04223,2025-10-29,Wednesday,13,Mostrador,Nuevo,Café,Cortado,1,1590.0,0.05,1511.0,9.5,4.4,0
ORD-00302,2025-10-29,Wednesday,14,Mostrador,Frecuente,Desayuno,Tostadas,1,4591.0,0.1,4132.0,5.3,4.4,1
ORD-02424,2025-10-29,Wednesday,14,Mostrador,Habitual,Desayuno,Avocado toast,1,4048.0,0.0,4048.0,7.9,4.1,1
ORD-00605,2025-10-29,Wednesday,15,Mostrador,Habitual,Almuerzo,Ensalada,1,4862.0,0.15,4133.0,6.5,4.9,0
ORD-01040,2025-10-29,Wednesday,15,Mostrador,Frecuente,Desayuno,Combo desayuno,1,4527.0,0.0,4527.0,6.5,4.8,1
ORD-05148,2025-10-29,Wednesday,16,Mostrador,Nuevo,Café,Americano,3,2033.0,0.1,5488.0,4.2,4.0,0
ORD-06105,2025-10-29,Wednesday,16,Delivery,Nuevo,Bebidas frías,Limonada,2,3399.0,0.0,6798.0,15.5,4.9,0
ORD-00524,2025-10-29,Wednesday,17,Mostrador,Nuevo,Café,Americano,2,1948.0,0.1,3507.0,3.8,5.0,0
ORD-01603,2025-10-29,Wednesday,17,Mostrador,Nuevo,Café,Flat White,1,1847.0,0.1,1662.0,6.3,4.4,0
ORD-02081,2025-10-29,Wednesday,17,Mostrador,Nuevo,Café,Latte,1,1727.0,0.0,1727.0,7.6,4.4,1
ORD-05427,2025-10-29,Wednesday,17,Mostrador,Nuevo,Almuerzo,Wrap,1,4951.0,0.0,4951.0,2.0,4.9,0
ORD-01923,2025-10-29,Wednesday,18,Mostrador,Nuevo,Bebidas frías,Cold brew,1,3070.0,0.0,3070.0,5.9,4.5,1
ORD-03540,2025-10-29,Wednesday,18,Delivery,Habitual,Pastelería,Tostada dulce,1,1446.0,0.0,1446.0,16.7,4.5,0
ORD-00794,2025-10-29,Wednesday,19,Takeaway,Frecuente,Café,Latte,2,2019.0,0.05,3836.0,4.6,4.5,1
ORD-04666,2025-10-29,Wednesday,20,Takeaway,Nuevo,Pastelería,Budín,3,1870.0,0.05,5329.0,6.6,4.6,1
ORD-02822,2025-10-30,Thursday,8,Delivery,Habitual,Bebidas frías,Cold brew,1,3059.0,0.0,3059.0,22.5,3.9,0
ORD-04934,2025-10-30,Thursday,8,Takeaway,Habitual,Café,Cortado,1,1927.0,0.0,1927.0,13.5,4.5,0
ORD-01971,2025-10-30,Thursday,9,Mostrador,Nuevo,Desayuno,Combo desayuno,1,4194.0,0.1,3774.0,7.2,4.3,1
ORD-03630,2025-10-30,Thursday,9,Delivery,Nuevo,Desayuno,Yogur + granola,1,4417.0,0.0,4417.0,19.0,3.5,0
ORD-05963,2025-10-30,Thursday,10,Mostrador,Habitual,Café,Americano,2,1642.0,0.1,2955.0,9.1,4.7,1
ORD-02406,2025-10-30,Thursday,11,Mostrador,Nuevo,Desayuno,Avocado toast,1,4644.0,0.0,4644.0,4.1,5.0,1
ORD-05008,2025-10-30,Thursday,11,Delivery,Nuevo,Bebidas frías,Cold brew,2,3049.0,0.0,6098.0,22.6,4.3,1
ORD-05291,2025-10-30,Thursday,11,Mostrador,Frecuente,Almuerzo,Tostado,1,4337.0,0.0,4337.0,5.5,4.6,0
ORD-00553,2025-10-30,Thursday,12,Takeaway,Nuevo,Café,Espresso,1,1772.0,0.0,1772.0,10.3,3.1,0
ORD-04862,2025-10-30,Thursday,12,Mostrador,Habitual,Desayuno,Avocado toast,1,4348.0,0.0,4348.0,6.6,5.0,0
ORD-06002,2025-10-30,Thursday,12,Takeaway,Habitual,Almuerzo,Tostado,2,4975.0,0.0,9950.0,10.7,3.8,0
ORD-00038,2025-10-30,Thursday,13,Mostrador,Nuevo,Pastelería,Budín,1,1383.0,0.0,1383.0,6.7,3.8,0
ORD-02455,2025-10-30,Thursday,14,Mostrador,Nuevo,Café,Espresso,2,1703.0,0.0,3405.0,10.1,4.2,0
ORD-03067,2025-10-30,Thursday,14,Delivery,Nuevo,Pastelería,Cookie,1,1055.0,0.0,1055.0,20.7,4.1,0
ORD-03440,2025-10-30,Thursday,14,Takeaway,Frecuente,Pastelería,Croissant,2,1695.0,0.0,3390.0,12.3,3.6,0
ORD-03523,2025-10-30,Thursday,14,Delivery,Nuevo,Pastelería,Cookie,1,1534.0,0.0,1534.0,22.6,3.7,0
ORD-05058,2025-10-30,Thursday,15,Mostrador,Nuevo,Café,Espresso,1,1966.0,0.0,1966.0,5.9,4.4,0
ORD-00334,2025-10-30,Thursday,16,Delivery,Habitual,Almuerzo,Bagel,3,4680.0,0.0,14041.0,18.9,3.7,0
ORD-04735,2025-10-30,Thursday,17,Mostrador,Habitual,Pastelería,Tostada dulce,1,1531.0,0.0,1531.0,5.0,4.9,0
ORD-00482,2025-10-30,Thursday,19,Takeaway,Frecuente,Desayuno,Yogur + granola,1,4635.0,0.05,4404.0,5.7,4.7,0
ORD-00101,2025-10-31,Friday,8,Mostrador,Nuevo,Café,Americano,2,1733.0,0.0,3466.0,5.6,4.9,0
ORD-03740,2025-10-31,Friday,8,Delivery,Nuevo,Pastelería,Cookie,1,1601.0,0.1,1441.0,22.1,4.6,0
ORD-04722,2025-10-31,Friday,10,Mostrador,Nuevo,Pastelería,Croissant,1,1437.0,0.05,1365.0,9.8,5.0,1
ORD-00084,2025-10-31,Friday,11,Takeaway,Nuevo,Almuerzo,Bagel,1,6210.0,0.0,6210.0,3.8,5.0,0
ORD-00388,2025-10-31,Friday,11,Takeaway,Nuevo,Almuerzo,Wrap,1,5815.0,0.1,5234.0,5.7,4.8,1
ORD-02246,2025-10-31,Friday,11,Takeaway,Frecuente,Almuerzo,Bagel,2,5371.0,0.0,10742.0,6.0,4.3,0
ORD-03625,2025-10-31,Friday,11,Delivery,Nuevo,Café,Flat White,3,1768.0,0.0,5304.0,15.4,3.4,0
ORD-03127,2025-10-31,Friday,12,Takeaway,Nuevo,Pastelería,Budín,1,1554.0,0.05,1476.0,12.2,4.3,0
ORD-05657,2025-10-31,Friday,13,Mostrador,Nuevo,Café,Latte,1,1618.0,0.05,1537.0,6.3,3.9,1
ORD-00090,2025-10-31,Friday,14,Delivery,Habitual,Café,Latte,1,1712.0,0.0,1712.0,17.4,3.7,0
ORD-00545,2025-10-31,Friday,14,Mostrador,Habitual,Almuerzo,Ensalada,3,4284.0,0.0,12852.0,11.1,4.1,0
ORD-02286,2025-10-31,Friday,16,Delivery,Habitual,Café,Flat White,2,1684.0,0.0,3368.0,18.4,4.1,0
ORD-03381,2025-10-31,Friday,16,Takeaway,Habitual,Almuerzo,Ensalada,2,5590.0,0.05,10621.0,10.8,4.5,1
ORD-05087,2025-10-31,Friday,17,Takeaway,Nuevo,Pastelería,Croissant,1,1599.0,0.0,1599.0,2.0,4.8,0
ORD-04675,2025-10-31,Friday,18,Mostrador,Frecuente,Desayuno,Yogur + granola,2,4248.0,0.05,8071.0,7.7,4.5,0
ORD-04661,2025-10-31,Friday,20,Mostrador,Nuevo,Café,Cortado,1,1796.0,0.0,1796.0,4.5,5.0,0
ORD-01933,2025-11-01,Saturday,7,Delivery,Nuevo,Pastelería,Budín,1,1664.0,0.0,1664.0,15.1,4.5,0
ORD-01865,2025-11-01,Saturday,10,Delivery,Nuevo,Café,Cortado,1,1877.0,0.05,1783.0,19.8,4.1,1
ORD-04696,2025-11-01,Saturday,11,Mostrador,Frecuente,Desayuno,Avocado toast,1,4266.0,0.05,4053.0,3.2,4.6,0
ORD-02863,2025-11-01,Saturday,12,Mostrador,Habitual,Desayuno,Combo desayuno,1,4120.0,0.0,4120.0,8.9,4.7,0
ORD-02790,2025-11-01,Saturday,13,Takeaway,Nuevo,Almuerzo,Ensalada,1,5156.0,0.05,4898.0,3.4,4.7,0
ORD-03230,2025-11-01,Saturday,13,Takeaway,Habitual,Pastelería,Budín,2,1432.0,0.0,2863.0,10.5,4.4,1
ORD-04073,2025-11-01,Saturday,13,Mostrador,Habitual,Almuerzo,Tostado,2,5048.0,0.05,9592.0,8.9,5.0,0
ORD-05265,2025-11-01,Saturday,13,Mostrador,Nuevo,Desayuno,Yogur + granola,3,3826.0,0.0,11479.0,12.8,4.1,0
ORD-05883,2025-11-01,Saturday,13,Mostrador,Nuevo,Pastelería,Budín,1,1565.0,0.0,1565.0,13.8,3.9,0
ORD-00611,2025-11-01,Saturday,14,Takeaway,Frecuente,Almuerzo,Ensalada,1,5478.0,0.0,5478.0,12.4,3.9,0
ORD-04539,2025-11-01,Saturday,14,Mostrador,Nuevo,Bebidas frías,Limonada,1,2690.0,0.0,2690.0,10.6,4.9,0
ORD-05731,2025-11-01,Saturday,14,Mostrador,Nuevo,Pastelería,Cookie,3,1489.0,0.0,4468.0,11.4,4.1,0
ORD-00582,2025-11-01,Saturday,15,Takeaway,Nuevo,Almuerzo,Tostado,1,5018.0,0.0,5018.0,8.5,3.9,0
ORD-03190,2025-11-01,Saturday,15,Mostrador,Nuevo,Café,Americano,3,1627.0,0.0,4880.0,6.1,4.1,0
ORD-01097,2025-11-01,Saturday,17,Takeaway,Habitual,Desayuno,Tostadas,1,3867.0,0.0,3867.0,4.9,5.0,1
ORD-02784,2025-11-02,Sunday,7,Mostrador,Nuevo,Almuerzo,Bagel,1,5299.0,0.0,5299.0,4.8,4.7,0
ORD-02704,2025-11-02,Sunday,8,Takeaway,Habitual,Café,Latte,1,1704.0,0.0,1704.0,7.1,5.0,0
ORD-04847,2025-11-02,Sunday,9,Mostrador,Nuevo,Bebidas frías,Licuado,1,2832.0,0.0,2832.0,10.4,4.7,0
ORD-03148,2025-11-02,Sunday,10,Takeaway,Frecuente,Café,Americano,1,1811.0,0.0,1811.0,9.1,4.7,0
ORD-04943,2025-11-02,Sunday,10,Takeaway,Habitual,Café,Espresso,1,1818.0,0.1,1636.0,12.4,4.8,0
ORD-05203,2025-11-02,Sunday,10,Mostrador,Nuevo,Desayuno,Combo desayuno,2,4360.0,0.1,7847.0,7.9,5.0,0
ORD-03051,2025-11-02,Sunday,11,Delivery,Nuevo,Almuerzo,Wrap,3,5067.0,0.15,12921.0,19.8,4.2,0
ORD-05506,2025-11-02,Sunday,11,Mostrador,Nuevo,Bebidas frías,Cold brew,1,2715.0,0.0,2715.0,6.4,5.0,0
ORD-04483,2025-11-02,Sunday,12,Takeaway,Nuevo,Almuerzo,Ensalada,3,5184.0,0.0,15552.0,11.7,4.7,0
ORD-04891,2025-11-02,Sunday,12,Takeaway,Habitual,Pastelería,Tostada dulce,1,1660.0,0.0,1660.0,7.0,5.0,0
ORD-04973,2025-11-02,Sunday,12,Takeaway,Nuevo,Café,Cortado,1,1662.0,0.0,1662.0,12.5,4.4,1
ORD-05164,2025-11-02,Sunday,12,Mostrador,Nuevo,Pastelería,Budín,1,1606.0,0.0,1606.0,12.8,3.6,0
ORD-06441,2025-11-02,Sunday,13,Mostrador,Frecuente,Almuerzo,Ensalada,1,4858.0,0.0,4858.0,6.3,5.0,1
ORD-01016,2025-11-02,Sunday,14,Mostrador,Nuevo,Desayuno,Combo desayuno,1,3988.0,0.0,3988.0,6.5,4.4,0
ORD-05582,2025-11-02,Sunday,14,Takeaway,Habitual,Bebidas frías,Limonada,2,2818.0,0.0,5637.0,8.4,5.0,1
ORD-05032,2025-11-02,Sunday,15,Takeaway,Nuevo,Pastelería,Croissant,2,1760.0,0.0,3519.0,6.5,4.7,1
ORD-05935,2025-11-02,Sunday,16,Mostrador,Nuevo,Bebidas frías,Cold brew,1,2643.0,0.1,2379.0,4.6,5.0,0
ORD-00589,2025-11-02,Sunday,17,Mostrador,Nuevo,Pastelería,Budín,2,1577.0,0.1,2839.0,2.3,4.7,0
ORD-00816,2025-11-02,Sunday,17,Mostrador,Habitual,Café,Flat White,2,1914.0,0.1,3445.0,2.0,4.4,0
ORD-01650,2025-11-02,Sunday,17,Delivery,Nuevo,Pastelería,Medialuna,2,1497.0,0.05,2844.0,17.8,4.5,1
ORD-03507,2025-11-02,Sunday,17,Mostrador,Nuevo,Café,Americano,1,1524.0,0.0,1524.0,7.8,5.0,0
ORD-04366,2025-11-02,Sunday,17,Mostrador,Nuevo,Café,Americano,1,1917.0,0.0,1917.0,6.4,4.4,0
ORD-00868,2025-11-02,Sunday,18,Takeaway,Frecuente,Café,Espresso,3,1617.0,0.0,4852.0,8.6,5.0,0
ORD-01080,2025-11-02,Sunday,19,Mostrador,Frecuente,Café,Americano,1,2091.0,0.0,2091.0,4.3,5.0,1
ORD-00513,2025-11-03,Monday,9,Mostrador,Nuevo,Café,Cortado,1,1987.0,0.0,1987.0,10.8,5.0,0
ORD-01086,2025-11-03,Monday,9,Mostrador,Habitual,Almuerzo,Bagel,1,5191.0,0.0,5191.0,9.4,4.8,0
ORD-01969,2025-11-03,Monday,12,Mostrador,Nuevo,Pastelería,Tostada dulce,1,1467.0,0.0,1467.0,6.7,4.3,0
ORD-00459,2025-11-03,Monday,13,Mostrador,Habitual,Desayuno,Combo desayuno,1,4098.0,0.0,4098.0,13.4,4.4,0
ORD-00963,2025-11-03,Monday,13,Mostrador,Habitual,Pastelería,Croissant,1,1574.0,0.0,1574.0,10.0,4.3,1
ORD-01961,2025-11-03,Monday,13,Takeaway,Nuevo,Café,Espresso,1,1821.0,0.0,1821.0,12.9,4.1,0
ORD-01125,2025-11-03,Monday,15,Delivery,Nuevo,Pastelería,Medialuna,3,1821.0,0.0,5463.0,21.0,4.0,0
ORD-02208,2025-11-03,Monday,15,Mostrador,Habitual,Café,Flat White,2,1906.0,0.0,3812.0,2.3,5.0,0
ORD-01659,2025-11-03,Monday,16,Mostrador,Nuevo,Almuerzo,Tostado,2,5482.0,0.05,10417.0,6.0,5.0,0
ORD-02451,2025-11-03,Monday,17,Delivery,Nuevo,Desayuno,Yogur + granola,1,3738.0,0.0,3738.0,16.1,4.8,1
ORD-03231,2025-11-03,Monday,17,Mostrador,Nuevo,Almuerzo,Bagel,1,4205.0,0.05,3995.0,5.1,4.7,0
ORD-02457,2025-11-03,Monday,19,Mostrador,Frecuente,Desayuno,Avocado toast,1,3887.0,0.0,3887.0,7.3,4.7,0
ORD-05322,2025-11-03,Monday,19,Delivery,Habitual,Pastelería,Budín,3,1781.0,0.0,5343.0,19.9,3.6,0
ORD-00019,2025-11-03,Monday,20,Takeaway,Nuevo,Almuerzo,Wrap,3,4850.0,0.0,14549.0,3.5,4.4,0
ORD-01500,2025-11-04,Tuesday,9,Mostrador,Habitual,Pastelería,Croissant,1,1503.0,0.0,1503.0,8.0,5.0,0
ORD-00093,2025-11-04,Tuesday,10,Mostrador,Habitual,Café,Flat White,2,1695.0,0.0,3390.0,14.6,5.0,0
ORD-01126,2025-11-04,Tuesday,10,Mostrador,Habitual,Almuerzo,Tostado,1,6055.0,0.0,6055.0,3.9,4.4,0
ORD-04108,2025-11-04,Tuesday,10,Mostrador,Habitual,Bebidas frías,Cold brew,2,3159.0,0.0,6318.0,9.2,4.3,0
ORD-05453,2025-11-04,Tuesday,11,Takeaway,Habitual,Desayuno,Tostadas,1,4081.0,0.0,4081.0,7.3,4.5,0
ORD-00590,2025-11-04,Tuesday,12,Takeaway,Habitual,Bebidas frías,Iced latte,3,2660.0,0.1,7182.0,16.8,3.9,1
ORD-02826,2025-11-04,Tuesday,14,Mostrador,Frecuente,Café,Americano,3,1868.0,0.0,5605.0,9.2,3.9,0
ORD-04002,2025-11-04,Tuesday,14,Mostrador,Nuevo,Bebidas frías,Limonada,2,2781.0,0.0,5562.0,7.0,4.5,0
ORD-04641,2025-11-04,Tuesday,14,Takeaway,Nuevo,Desayuno,Avocado toast,1,4242.0,0.0,4242.0,11.0,4.5,0
ORD-06274,2025-11-04,Tuesday,14,Takeaway,Nuevo,Café,Latte,1,1951.0,0.15,1659.0,7.9,3.8,1
ORD-01093,2025-11-04,Tuesday,15,Mostrador,Nuevo,Café,Latte,1,1536.0,0.0,1536.0,6.3,4.7,0
ORD-03459,2025-11-04,Tuesday,15,Mostrador,Habitual,Café,Flat White,1,1802.0,0.0,1802.0,8.4,3.9,0
ORD-05538,2025-11-04,Tuesday,15,Mostrador,Nuevo,Pastelería,Cookie,2,1670.0,0.05,3173.0,2.0,5.0,0
ORD-05733,2025-11-04,Tuesday,15,Takeaway,Habitual,Bebidas frías,Iced latte,1,2963.0,0.0,2963.0,7.6,4.1,0
ORD-06117,2025-11-04,Tuesday,16,Mostrador,Nuevo,Pastelería,Cookie,3,1904.0,0.0,5713.0,5.0,4.9,0
ORD-01024,2025-11-04,Tuesday,18,Takeaway,Habitual,Desayuno,Yogur + granola,1,3731.0,0.0,3731.0,4.7,4.2,0
ORD-04548,2025-11-04,Tuesday,18,Mostrador,Nuevo,Café,Latte,2,1997.0,0.0,3995.0,7.7,4.4,0
ORD-03572,2025-11-04,Tuesday,19,Mostrador,Nuevo,Café,Latte,2,1847.0,0.0,3693.0,9.5,4.7,0
ORD-02168,2025-11-04,Tuesday,20,Takeaway,Habitual,Almuerzo,Tostado,1,4937.0,0.05,4690.0,3.2,5.0,0
ORD-04785,2025-11-05,Wednesday,7,Delivery,Nuevo,Desayuno,Yogur + granola,3,4979.0,0.1,13444.0,13.0,4.0,0
ORD-02036,2025-11-05,Wednesday,9,Mostrador,Habitual,Pastelería,Cookie,2,1666.0,0.0,3332.0,4.9,4.5,0
ORD-01599,2025-11-05,Wednesday,10,Mostrador,Nuevo,Café,Espresso,1,1810.0,0.0,1810.0,8.9,4.3,0
ORD-04280,2025-11-05,Wednesday,10,Takeaway,Habitual,Bebidas frías,Limonada,2,2778.0,0.0,5556.0,11.3,4.5,0
ORD-03998,2025-11-05,Wednesday,11,Mostrador,Nuevo,Desayuno,Yogur + granola,1,4071.0,0.0,4071.0,3.3,5.0,0
ORD-04919,2025-11-05,Wednesday,11,Mostrador,Nuevo,Almuerzo,Ensalada,1,5339.0,0.0,5339.0,5.6,4.4,0
ORD-04857,2025-11-05,Wednesday,12,Mostrador,Habitual,Bebidas frías,Licuado,3,2444.0,0.0,7331.0,10.4,5.0,1
ORD-01844,2025-11-05,Wednesday,13,Takeaway,Nuevo,Pastelería,Medialuna,2,1659.0,0.0,3318.0,11.6,4.4,0
ORD-05011,2025-11-05,Wednesday,13,Mostrador,Frecuente,Pastelería,Medialuna,1,1649.0,0.0,1649.0,14.5,4.0,0
ORD-00723,2025-11-05,Wednesday,14,Takeaway,Nuevo,Bebidas frías,Limonada,1,3112.0,0.0,3112.0,11.7,4.8,1
ORD-01884,2025-11-05,Wednesday,14,Mostrador,Habitual,Pastelería,Croissant,1,1874.0,0.0,1874.0,9.2,4.0,0
ORD-05484,2025-11-05,Wednesday,14,Mostrador,Habitual,Café,Cortado,1,1954.0,0.1,1759.0,10.1,5.0,1
ORD-00361,2025-11-05,Wednesday,15,Mostrador,Nuevo,Pastelería,Croissant,1,1603.0,0.0,1603.0,3.3,4.2,0
ORD-01144,2025-11-05,Wednesday,15,Mostrador,Habitual,Café,Latte,1,1767.0,0.05,1678.0,4.1,4.9,0
ORD-05300,2025-11-05,Wednesday,15,Delivery,Nuevo,Desayuno,Yogur + granola,1,4904.0,0.0,4904.0,15.6,4.1,0
ORD-03629,2025-11-05,Wednesday,16,Takeaway,Nuevo,Café,Americano,2,1729.0,0.0,3459.0,6.7,4.5,1
ORD-00775,2025-11-05,Wednesday,17,Delivery,Nuevo,Café,Americano,3,1586.0,0.0,4758.0,16.7,3.9,0
ORD-00865,2025-11-05,Wednesday,17,Takeaway,Nuevo,Café,Americano,1,1862.0,0.0,1862.0,6.5,4.8,0
ORD-02439,2025-11-05,Wednesday,17,Mostrador,Nuevo,Pastelería,Budín,1,1611.0,0.0,1611.0,3.9,5.0,1
ORD-04057,2025-11-06,Thursday,9,Mostrador,Habitual,Café,Latte,2,1997.0,0.05,3794.0,7.2,4.8,0
ORD-03334,2025-11-06,Thursday,10,Takeaway,Nuevo,Café,Espresso,2,1846.0,0.0,3693.0,9.7,4.8,1
ORD-00650,2025-11-06,Thursday,11,Takeaway,Frecuente,Pastelería,Medialuna,2,1576.0,0.0,3152.0,8.1,5.0,0
ORD-03806,2025-11-06,Thursday,13,Mostrador,Habitual,Café,Americano,2,1739.0,0.15,2956.0,12.8,4.8,1
ORD-03936,2025-11-06,Thursday,13,Mostrador,Habitual,Almuerzo,Ensalada,1,5554.0,0.0,5554.0,9.3,5.0,0
ORD-06411,2025-11-06,Thursday,13,Mostrador,Habitual,Almuerzo,Ensalada,1,5179.0,0.0,5179.0,7.9,5.0,0
ORD-02621,2025-11-06,Thursday,15,Delivery,Nuevo,Pastelería,Cookie,1,1606.0,0.05,1526.0,19.9,4.4,0
ORD-01163,2025-11-06,Thursday,16,Takeaway,Nuevo,Café,Espresso,1,1730.0,0.0,1730.0,12.8,4.6,0
ORD-01863,2025-11-06,Thursday,16,Mostrador,Nuevo,Desayuno,Yogur + granola,1,4252.0,0.05,4040.0,2.5,4.7,0
ORD-02149,2025-11-06,Thursday,16,Mostrador,Frecuente,Bebidas frías,Cold brew,1,2831.0,0.0,2831.0,6.1,4.5,0
ORD-03156,2025-11-06,Thursday,16,Delivery,Nuevo,Almuerzo,Bagel,1,5650.0,0.0,5650.0,19.1,3.6,0
ORD-03316,2025-11-06,Thursday,16,Mostrador,Habitual,Desayuno,Tostadas,1,4822.0,0.0,4822.0,4.5,4.8,1
ORD-04762,2025-11-06,Thursday,16,Delivery,Nuevo,Bebidas frías,Limonada,2,2451.0,0.0,4901.0,22.1,4.0,0
ORD-05590,2025-11-06,Thursday,16,Mostrador,Nuevo,Bebidas frías,Limonada,1,2686.0,0.0,2686.0,11.5,4.1,0
ORD-01657,2025-11-06,Thursday,18,Takeaway,Nuevo,Desayuno,Tostadas,1,3841.0,0.1,3457.0,9.0,4.1,0
ORD-00477,2025-11-06,Thursday,20,Takeaway,Nuevo,Bebidas frías,Iced latte,1,2836.0,0.15,2411.0,4.6,4.4,1
ORD-06055,2025-11-07,Friday,7,Takeaway,Nuevo,Almuerzo,Wrap,1,5248.0,0.0,5248.0,6.5,4.3,0
ORD-01007,2025-11-07,Friday,8,Takeaway,Nuevo,Pastelería,Tostada dulce,1,1634.0,0.0,1634.0,9.7,5.0,0
ORD-00856,2025-11-07,Friday,9,Mostrador,Frecuente,Pastelería,Cookie,1,1434.0,0.0,1434.0,9.9,4.6,0
ORD-03966,2025-11-07,Friday,9,Mostrador,Nuevo,Pastelería,Medialuna,2,1720.0,0.0,3440.0,12.7,3.5,1
ORD-02319,2025-11-07,Friday,11,Mostrador,Frecuente,Almuerzo,Wrap,1,5354.0,0.0,5354.0,6.2,4.8,0
ORD-03778,2025-11-07,Friday,11,Mostrador,Nuevo,Café,Espresso,1,2044.0,0.0,2044.0,4.2,4.4,0
ORD-03918,2025-11-07,Friday,11,Delivery,Nuevo,Café,Flat White,1,2022.0,0.0,2022.0,22.0,3.4,0
ORD-02919,2025-11-07,Friday,12,Mostrador,Habitual,Almuerzo,Bagel,1,4987.0,0.05,4737.0,11.0,4.0,1
ORD-04897,2025-11-07,Friday,12,Mostrador,Nuevo,Café,Espresso,2,1930.0,0.0,3859.0,8.5,4.9,0
ORD-05401,2025-11-07,Friday,12,Mostrador,Habitual,Almuerzo,Wrap,1,5607.0,0.0,5607.0,9.9,3.7,0
ORD-01158,2025-11-07,Friday,13,Mostrador,Frecuente,Café,Americano,2,1665.0,0.0,3330.0,7.8,4.0,1
ORD-01856,2025-11-07,Friday,13,Mostrador,Nuevo,Desayuno,Tostadas,1,4415.0,0.05,4194.0,14.4,4.1,0
ORD-00297,2025-11-07,Friday,14,Takeaway,Nuevo,Café,Latte,1,2100.0,0.1,1890.0,11.3,4.3,0
ORD-01465,2025-11-07,Friday,14,Mostrador,Habitual,Desayuno,Avocado toast,1,3931.0,0.0,3931.0,4.3,5.0,1
ORD-01548,2025-11-07,Friday,14,Delivery,Habitual,Pastelería,Budín,1,1656.0,0.0,1656.0,21.7,4.2,0
ORD-02655,2025-11-07,Friday,14,Delivery,Nuevo,Pastelería,Croissant,2,1656.0,0.05,3147.0,24.0,3.6,0
ORD-04839,2025-11-07,Friday,14,Takeaway,Nuevo,Bebidas frías,Iced latte,1,2858.0,0.0,2858.0,11.8,3.6,0
ORD-06186,2025-11-07,Friday,14,Mostrador,Habitual,Café,Espresso,1,1676.0,0.0,1676.0,8.2,4.7,1
ORD-00882,2025-11-07,Friday,15,Mostrador,Frecuente,Café,Flat White,1,1786.0,0.0,1786.0,5.7,4.7,1
ORD-03332,2025-11-07,Friday,15,Mostrador,Frecuente,Pastelería,Budín,3,1646.0,0.1,4444.0,6.6,4.4,0
ORD-04781,2025-11-07,Friday,15,Mostrador,Habitual,Bebidas frías,Iced latte,1,2426.0,0.0,2426.0,4.4,5.0,0
ORD-02673,2025-11-07,Friday,16,Mostrador,Habitual,Bebidas frías,Limonada,1,3136.0,0.05,2979.0,5.2,4.9,0
ORD-00560,2025-11-07,Friday,17,Mostrador,Nuevo,Pastelería,Cookie,1,1731.0,0.0,1731.0,6.5,5.0,1
ORD-01150,2025-11-07,Friday,17,Mostrador,Nuevo,Café,Flat White,1,1891.0,0.0,1891.0,5.0,4.1,0
ORD-05595,2025-11-07,Friday,17,Mostrador,Nuevo,Almuerzo,Tostado,2,4699.0,0.0,9398.0,5.9,4.2,0
ORD-01896,2025-11-07,Friday,18,Mostrador,Nuevo,Café,Cortado,2,2004.0,0.0,4008.0,3.0,4.8,0
ORD-04475,2025-11-07,Friday,18,Mostrador,Nuevo,Desayuno,Avocado toast,2,3841.0,0.0,7682.0,2.0,4.8,0
ORD-00780,2025-11-07,Friday,19,Mostrador,Nuevo,Almuerzo,Tostado,3,5233.0,0.0,15699.0,3.4,4.7,0
ORD-03710,2025-11-07,Friday,19,Mostrador,Frecuente,Bebidas frías,Limonada,2,2637.0,0.0,5274.0,2.3,5.0,0
ORD-04319,2025-11-07,Friday,19,Takeaway,Habitual,Desayuno,Yogur + granola,2,3656.0,0.0,7312.0,9.3,4.4,0
ORD-04327,2025-11-07,Friday,19,Mostrador,Nuevo,Café,Americano,1,2001.0,0.05,1901.0,6.0,4.0,0
ORD-05181,2025-11-08,Saturday,7,Mostrador,Frecuente,Almuerzo,Tostado,1,5181.0,0.1,4663.0,6.5,4.7,0
ORD-02150,2025-11-08,Saturday,8,Delivery,Habitual,Pastelería,Tostada dulce,3,1587.0,0.05,4523.0,20.2,4.0,0
ORD-04704,2025-11-08,Saturday,8,Mostrador,Habitual,Café,Flat White,1,1818.0,0.0,1818.0,10.0,4.9,0
ORD-02640,2025-11-08,Saturday,9,Takeaway,Frecuente,Almuerzo,Wrap,1,4459.0,0.1,4013.0,15.4,4.3,0
ORD-05364,2025-11-08,Saturday,9,Delivery,Nuevo,Café,Latte,1,1886.0,0.05,1792.0,21.1,3.8,0
ORD-05836,2025-11-08,Saturday,9,Takeaway,Habitual,Pastelería,Croissant,1,1612.0,0.0,1612.0,9.2,4.8,0
ORD-04184,2025-11-08,Saturday,10,Mostrador,Frecuente,Bebidas frías,Cold brew,2,2814.0,0.0,5628.0,10.3,4.9,0
ORD-01552,2025-11-08,Saturday,11,Delivery,Habitual,Almuerzo,Ensalada,1,5247.0,0.0,5247.0,18.6,3.4,1
ORD-00643,2025-11-08,Saturday,14,Mostrador,Habitual,Pastelería,Cookie,1,1456.0,0.0,1456.0,10.3,4.6,1
ORD-00835,2025-11-08,Saturday,14,Mostrador,Frecuente,Bebidas frías,Cold brew,1,2609.0,0.0,2609.0,11.3,5.0,0
ORD-05997,2025-11-08,Saturday,14,Mostrador,Frecuente,Café,Flat White,2,1679.0,0.05,3190.0,8.9,4.3,1
ORD-06315,2025-11-08,Saturday,15,Mostrador,Nuevo,Desayuno,Combo desayuno,1,3729.0,0.05,3543.0,3.5,5.0,0
ORD-06431,2025-11-08,Saturday,15,Delivery,Habitual,Desayuno,Combo desayuno,1,4102.0,0.0,4102.0,18.3,3.9,1
ORD-01127,2025-11-08,Saturday,16,Mostrador,Nuevo,Bebidas frías,Licuado,2,2769.0,0.0,5539.0,4.4,4.9,0
ORD-01310,2025-11-08,Saturday,16,Mostrador,Frecuente,Desayuno,Avocado toast,2,3908.0,0.05,7426.0,3.5,5.0,1
ORD-02377,2025-11-08,Saturday,16,Mostrador,Habitual,Pastelería,Tostada dulce,2,1657.0,0.0,3314.0,2.0,4.8,0
ORD-01314,2025-11-08,Saturday,17,Mostrador,Habitual,Desayuno,Yogur + granola,3,4134.0,0.05,11782.0,3.5,4.2,1
ORD-01401,2025-11-08,Saturday,18,Mostrador,Nuevo,Café,Espresso,1,1444.0,0.05,1372.0,3.1,5.0,0
ORD-04067,2025-11-08,Saturday,18,Mostrador,Habitual,Bebidas frías,Licuado,2,2903.0,0.15,4935.0,6.1,5.0,0
ORD-00146,2025-11-08,Saturday,19,Takeaway,Habitual,Café,Flat White,1,1749.0,0.0,1749.0,6.9,4.4,1
ORD-02512,2025-11-08,Saturday,19,Mostrador,Frecuente,Café,Latte,2,1717.0,0.0,3433.0,3.6,5.0,0
ORD-02672,2025-11-09,Sunday,7,Mostrador,Habitual,Café,Cortado,1,1956.0,0.15,1663.0,4.7,5.0,0
ORD-00151,2025-11-09,Sunday,9,Mostrador,Nuevo,Bebidas frías,Cold brew,1,2979.0,0.0,2979.0,8.9,4.3,0
ORD-01042,2025-11-09,Sunday,9,Takeaway,Habitual,Café,Americano,2,1823.0,0.0,3645.0,13.0,4.0,0
ORD-04148,2025-11-09,Sunday,12,Mostrador,Habitual,Bebidas frías,Limonada,1,3010.0,0.0,3010.0,11.6,3.9,1
ORD-04312,2025-11-09,Sunday,12,Mostrador,Habitual,Almuerzo,Bagel,3,5765.0,0.0,17295.0,7.9,4.4,0
ORD-04971,2025-11-09,Sunday,12,Delivery,Nuevo,Café,Cortado,1,1641.0,0.05,1559.0,18.0,3.7,0
ORD-01347,2025-11-09,Sunday,13,Mostrador,Frecuente,Café,Cortado,3,1862.0,0.0,5585.0,6.2,4.9,0
ORD-02153,2025-11-09,Sunday,13,Mostrador,Nuevo,Café,Americano,1,2030.0,0.0,2030.0,10.2,4.1,0
ORD-00125,2025-11-09,Sunday,14,Mostrador,Habitual,Desayuno,Yogur + granola,1,3895.0,0.05,3700.0,11.0,4.3,1
ORD-01560,2025-11-09,Sunday,15,Mostrador,Habitual,Almuerzo,Ensalada,1,5395.0,0.0,5395.0,5.7,5.0,0
ORD-00232,2025-11-09,Sunday,16,Mostrador,Habitual,Almuerzo,Ensalada,1,5422.0,0.0,5422.0,4.6,5.0,0
ORD-02994,2025-11-09,Sunday,17,Takeaway,Frecuente,Almuerzo,Wrap,1,5493.0,0.0,5493.0,6.5,5.0,0
ORD-03578,2025-11-09,Sunday,18,Mostrador,Nuevo,Café,Latte,1,1655.0,0.0,1655.0,4.4,4.7,0
ORD-04142,2025-11-10,Monday,7,Delivery,Nuevo,Almuerzo,Wrap,3,4705.0,0.1,12703.0,12.5,5.0,0
ORD-01292,2025-11-10,Monday,8,Mostrador,Frecuente,Café,Flat White,2,1358.0,0.0,2716.0,7.4,4.9,0
ORD-00610,2025-11-10,Monday,9,Takeaway,Frecuente,Almuerzo,Ensalada,1,5161.0,0.0,5161.0,12.3,3.4,1
ORD-04451,2025-11-10,Monday,10,Mostrador,Nuevo,Bebidas frías,Licuado,1,2965.0,0.05,2817.0,6.0,4.7,0
ORD-01706,2025-11-10,Monday,11,Mostrador,Habitual,Café,Flat White,1,1588.0,0.0,1588.0,4.5,4.3,0
ORD-03379,2025-11-10,Monday,11,Mostrador,Nuevo,Café,Latte,1,1929.0,0.05,1833.0,2.2,5.0,1
ORD-01247,2025-11-10,Monday,14,Mostrador,Habitual,Bebidas frías,Cold brew,1,2203.0,0.0,2203.0,11.2,4.6,1
ORD-06056,2025-11-10,Monday,14,Takeaway,Nuevo,Café,Latte,1,1892.0,0.15,1608.0,10.1,4.5,0
ORD-00037,2025-11-10,Monday,15,Mostrador,Habitual,Pastelería,Budín,1,1402.0,0.0,1402.0,3.1,4.9,1
ORD-03985,2025-11-10,Monday,15,Takeaway,Nuevo,Café,Cortado,3,1402.0,0.0,4207.0,7.0,5.0,1
ORD-06298,2025-11-10,Monday,16,Mostrador,Nuevo,Café,Americano,1,1803.0,0.0,1803.0,2.0,4.9,0
ORD-00006,2025-11-10,Monday,17,Mostrador,Habitual,Café,Latte,1,1890.0,0.1,1701.0,7.6,4.6,0
ORD-03962,2025-11-10,Monday,17,Takeaway,Nuevo,Almuerzo,Bagel,1,5569.0,0.15,4734.0,7.8,4.4,0
ORD-05156,2025-11-10,Monday,17,Takeaway,Nuevo,Café,Cortado,2,1660.0,0.0,3320.0,8.8,4.9,0
ORD-03339,2025-11-10,Monday,18,Delivery,Nuevo,Café,Cortado,2,1944.0,0.0,3887.0,19.1,3.6,0
ORD-03732,2025-11-10,Monday,20,Mostrador,Nuevo,Pastelería,Budín,1,1414.0,0.05,1344.0,5.4,4.7,0
ORD-02847,2025-11-11,Tuesday,9,Delivery,Frecuente,Pastelería,Cookie,2,1638.0,0.0,3276.0,21.8,4.3,0
ORD-01589,2025-11-11,Tuesday,10,Mostrador,Nuevo,Pastelería,Budín,1,1402.0,0.0,1402.0,6.4,5.0,1
ORD-04333,2025-11-11,Tuesday,10,Mostrador,Habitual,Café,Espresso,1,1772.0,0.0,1772.0,11.4,4.7,0
ORD-01735,2025-11-11,Tuesday,12,Mostrador,Nuevo,Desayuno,Yogur + granola,1,4133.0,0.0,4133.0,11.6,4.4,1
ORD-03107,2025-11-11,Tuesday,12,Mostrador,Habitual,Café,Flat White,1,1779.0,0.0,1779.0,8.4,4.7,1
ORD-04558,2025-11-11,Tuesday,12,Delivery,Nuevo,Bebidas frías,Cold brew,3,2837.0,0.0,8512.0,20.0,3.7,0
ORD-02198,2025-11-11,Tuesday,13,Mostrador,Frecuente,Café,Flat White,3,2066.0,0.05,5889.0,4.4,5.0,0
ORD-02332,2025-11-11,Tuesday,13,Delivery,Habitual,Almuerzo,Bagel,1,5911.0,0.0,5911.0,25.2,3.6,0
ORD-00668,2025-11-11,Tuesday,14,Mostrador,Nuevo,Café,Americano,3,1962.0,0.0,5887.0,4.5,4.6,0
ORD-04694,2025-11-11,Tuesday,14,Mostrador,Nuevo,Almuerzo,Wrap,1,5332.0,0.0,5332.0,10.8,4.2,0
ORD-05663,2025-11-11,Tuesday,15,Takeaway,Habitual,Pastelería,Medialuna,1,1653.0,0.0,1653.0,11.3,4.9,0
ORD-01486,2025-11-11,Tuesday,16,Takeaway,Nuevo,Bebidas frías,Limonada,1,2798.0,0.0,2798.0,6.0,5.0,1
ORD-02098,2025-11-11,Tuesday,16,Mostrador,Nuevo,Almuerzo,Tostado,3,5318.0,0.05,15156.0,5.3,4.2,0
ORD-03264,2025-11-11,Tuesday,16,Mostrador,Nuevo,Almuerzo,Tostado,1,5039.0,0.0,5039.0,3.3,5.0,0
ORD-05430,2025-11-11,Tuesday,16,Mostrador,Habitual,Pastelería,Medialuna,2,1378.0,0.0,2756.0,6.9,4.9,1
ORD-05489,2025-11-11,Tuesday,17,Takeaway,Frecuente,Café,Latte,1,1916.0,0.1,1724.0,5.3,4.9,0
ORD-01419,2025-11-11,Tuesday,18,Takeaway,Frecuente,Pastelería,Tostada dulce,2,1855.0,0.0,3709.0,4.6,5.0,1
ORD-02482,2025-11-11,Tuesday,18,Delivery,Habitual,Café,Cortado,1,1870.0,0.05,1776.0,19.1,3.7,1
ORD-02869,2025-11-11,Tuesday,18,Mostrador,Nuevo,Desayuno,Avocado toast,1,4238.0,0.0,4238.0,2.0,5.0,0
ORD-05236,2025-11-11,Tuesday,18,Takeaway,Habitual,Desayuno,Combo desayuno,1,3698.0,0.0,3698.0,2.9,4.6,0
ORD-05288,2025-11-11,Tuesday,19,Mostrador,Nuevo,Pastelería,Budín,3,1658.0,0.05,4724.0,2.7,4.9,0
ORD-04149,2025-11-11,Tuesday,20,Mostrador,Nuevo,Café,Espresso,1,1964.0,0.1,1768.0,5.7,4.7,1
ORD-01509,2025-11-12,Wednesday,9,Mostrador,Nuevo,Café,Cortado,3,1798.0,0.0,5393.0,10.5,4.2,1
ORD-02906,2025-11-12,Wednesday,9,Mostrador,Nuevo,Bebidas frías,Cold brew,1,2850.0,0.0,2850.0,4.6,5.0,0
ORD-00829,2025-11-12,Wednesday,10,Mostrador,Frecuente,Almuerzo,Tostado,2,4924.0,0.05,9356.0,4.5,4.6,1
ORD-01734,2025-11-12,Wednesday,10,Takeaway,Frecuente,Almuerzo,Ensalada,2,5574.0,0.0,11148.0,16.2,4.1,1
ORD-04749,2025-11-12,Wednesday,11,Mostrador,Habitual,Almuerzo,Wrap,2,5181.0,0.15,8808.0,6.6,3.9,0
ORD-00427,2025-11-12,Wednesday,12,Mostrador,Nuevo,Almuerzo,Ensalada,2,5524.0,0.05,10495.0,5.3,5.0,0
ORD-06111,2025-11-12,Wednesday,12,Mostrador,Habitual,Pastelería,Cookie,1,1594.0,0.1,1435.0,10.2,4.3,1
ORD-02903,2025-11-12,Wednesday,13,Mostrador,Nuevo,Café,Americano,2,1604.0,0.0,3208.0,9.0,4.6,1
ORD-03881,2025-11-12,Wednesday,13,Mostrador,Habitual,Pastelería,Cookie,2,1742.0,0.0,3483.0,10.6,4.4,0
ORD-05187,2025-11-12,Wednesday,13,Mostrador,Nuevo,Pastelería,Croissant,3,1549.0,0.0,4647.0,9.8,3.7,0
ORD-01280,2025-11-12,Wednesday,14,Delivery,Nuevo,Pastelería,Tostada dulce,1,1541.0,0.0,1541.0,21.7,3.6,0
ORD-03456,2025-11-12,Wednesday,14,Mostrador,Frecuente,Desayuno,Yogur + granola,1,3818.0,0.0,3818.0,7.2,5.0,0
ORD-01521,2025-11-12,Wednesday,15,Mostrador,Nuevo,Bebidas frías,Limonada,2,2623.0,0.0,5246.0,7.1,4.7,0
ORD-06376,2025-11-12,Wednesday,16,Takeaway,Habitual,Café,Cortado,1,1682.0,0.0,1682.0,10.0,4.6,0
ORD-04944,2025-11-12,Wednesday,19,Mostrador,Frecuente,Pastelería,Budín,2,1455.0,0.0,2911.0,3.6,5.0,1
ORD-02601,2025-11-12,Wednesday,20,Delivery,Habitual,Café,Latte,1,1965.0,0.0,1965.0,19.2,3.4,1
ORD-03873,2025-11-12,Wednesday,20,Takeaway,Habitual,Bebidas frías,Limonada,1,2969.0,0.0,2969.0,11.4,3.9,1
ORD-00492,2025-11-13,Thursday,11,Mostrador,Habitual,Desayuno,Avocado toast,1,4598.0,0.0,4598.0,6.0,4.2,1
ORD-02818,2025-11-13,Thursday,11,Mostrador,Habitual,Almuerzo,Wrap,1,5496.0,0.05,5221.0,5.8,4.8,1
ORD-03463,2025-11-13,Thursday,12,Mostrador,Nuevo,Desayuno,Combo desayuno,2,4274.0,0.0,8548.0,10.0,4.7,1
ORD-05797,2025-11-13,Thursday,12,Mostrador,Habitual,Café,Americano,2,1808.0,0.1,3255.0,8.3,4.2,0
ORD-03470,2025-11-13,Thursday,13,Mostrador,Nuevo,Café,Latte,3,1696.0,0.1,4578.0,6.7,4.6,0
ORD-06354,2025-11-13,Thursday,13,Mostrador,Nuevo,Desayuno,Yogur + granola,1,3789.0,0.0,3789.0,4.9,4.5,0
ORD-03340,2025-11-13,Thursday,14,Takeaway,Nuevo,Pastelería,Tostada dulce,1,1537.0,0.0,1537.0,14.0,4.0,0
ORD-04674,2025-11-13,Thursday,15,Delivery,Nuevo,Pastelería,Medialuna,1,1509.0,0.0,1509.0,19.7,4.5,0
ORD-05173,2025-11-13,Thursday,15,Mostrador,Nuevo,Café,Americano,3,1772.0,0.0,5317.0,2.0,5.0,1
ORD-00504,2025-11-13,Thursday,16,Mostrador,Frecuente,Desayuno,Tostadas,1,4703.0,0.15,3997.0,6.1,4.6,1
ORD-03120,2025-11-13,Thursday,16,Mostrador,Habitual,Desayuno,Yogur + granola,1,3968.0,0.0,3968.0,6.5,4.7,0
ORD-02558,2025-11-13,Thursday,17,Takeaway,Habitual,Café,Flat White,1,1575.0,0.0,1575.0,9.1,4.4,1
ORD-05989,2025-11-13,Thursday,17,Mostrador,Nuevo,Desayuno,Yogur + granola,3,4378.0,0.0,13134.0,5.3,4.7,0
ORD-01325,2025-11-13,Thursday,18,Delivery,Frecuente,Desayuno,Combo desayuno,2,3948.0,0.0,7896.0,14.9,3.4,0
ORD-01214,2025-11-13,Thursday,20,Takeaway,Nuevo,Café,Cortado,1,2026.0,0.0,2026.0,5.4,5.0,1
ORD-04540,2025-11-14,Friday,11,Mostrador,Habitual,Pastelería,Croissant,3,1500.0,0.0,4501.0,5.8,4.8,1
ORD-04550,2025-11-14,Friday,12,Mostrador,Nuevo,Café,Cortado,2,1704.0,0.0,3407.0,9.7,4.6,0
ORD-02879,2025-11-14,Friday,14,Mostrador,Nuevo,Café,Espresso,3,1911.0,0.0,5734.0,4.0,4.5,0
ORD-04479,2025-11-14,Friday,15,Takeaway,Habitual,Bebidas frías,Cold brew,1,3052.0,0.1,2746.0,6.6,5.0,0
ORD-05400,2025-11-14,Friday,15,Delivery,Nuevo,Bebidas frías,Iced latte,1,2737.0,0.1,2463.0,22.2,4.6,1
ORD-05514,2025-11-14,Friday,15,Mostrador,Habitual,Café,Flat White,2,1793.0,0.0,3587.0,3.2,5.0,0
ORD-06150,2025-11-14,Friday,15,Mostrador,Nuevo,Café,Latte,2,2080.0,0.0,4159.0,5.4,4.5,0
ORD-01023,2025-11-14,Friday,17,Mostrador,Nuevo,Pastelería,Budín,1,1496.0,0.0,1496.0,7.1,4.8,1
ORD-02105,2025-11-14,Friday,19,Mostrador,Habitual,Café,Latte,1,2035.0,0.05,1934.0,4.3,5.0,0
ORD-04754,2025-11-15,Saturday,7,Delivery,Habitual,Almuerzo,Tostado,2,4829.0,0.0,9658.0,17.5,4.1,1
ORD-01658,2025-11-15,Saturday,10,Mostrador,Frecuente,Desayuno,Avocado toast,1,4285.0,0.0,4285.0,9.7,4.1,0
ORD-04817,2025-11-15,Saturday,10,Takeaway,Habitual,Café,Latte,2,1969.0,0.05,3741.0,11.8,4.5,1
ORD-03160,2025-11-15,Saturday,11,Mostrador,Frecuente,Bebidas frías,Iced latte,2,2533.0,0.0,5066.0,6.0,4.6,0
ORD-05845,2025-11-15,Saturday,11,Takeaway,Habitual,Almuerzo,Tostado,2,4704.0,0.0,9408.0,7.2,5.0,1
ORD-05025,2025-11-15,Saturday,12,Takeaway,Habitual,Pastelería,Medialuna,1,1631.0,0.05,1549.0,13.7,5.0,0
ORD-05119,2025-11-15,Saturday,12,Mostrador,Nuevo,Pastelería,Medialuna,1,1380.0,0.0,1380.0,7.1,5.0,0
ORD-02797,2025-11-15,Saturday,13,Takeaway,Habitual,Desayuno,Avocado toast,3,4204.0,0.05,11983.0,11.4,4.2,0
ORD-02390,2025-11-15,Saturday,14,Takeaway,Habitual,Bebidas frías,Iced latte,1,2902.0,0.1,2612.0,11.8,3.6,0
ORD-02756,2025-11-15,Saturday,14,Mostrador,Habitual,Almuerzo,Tostado,2,5685.0,0.0,11371.0,10.3,4.6,0
ORD-03841,2025-11-15,Saturday,14,Mostrador,Nuevo,Almuerzo,Bagel,1,5758.0,0.0,5758.0,9.9,4.6,0
ORD-04426,2025-11-15,Saturday,14,Mostrador,Habitual,Desayuno,Yogur + granola,1,4546.0,0.0,4546.0,8.6,4.2,0
ORD-05823,2025-11-15,Saturday,15,Mostrador,Nuevo,Almuerzo,Wrap,2,6022.0,0.15,10238.0,8.7,4.6,0
ORD-04922,2025-11-15,Saturday,16,Mostrador,Habitual,Almuerzo,Tostado,1,5179.0,0.0,5179.0,8.0,3.8,0
ORD-03905,2025-11-15,Saturday,17,Mostrador,Nuevo,Almuerzo,Bagel,3,5068.0,0.0,15204.0,5.3,5.0,0
ORD-05624,2025-11-15,Saturday,17,Mostrador,Habitual,Almuerzo,Tostado,1,5595.0,0.0,5595.0,5.1,5.0,1
ORD-04609,2025-11-15,Saturday,18,Mostrador,Nuevo,Café,Latte,3,1746.0,0.0,5238.0,7.3,4.6,1
ORD-00921,2025-11-15,Saturday,20,Mostrador,Nuevo,Almuerzo,Tostado,3,5615.0,0.0,16846.0,5.9,5.0,0
ORD-05390,2025-11-16,Sunday,7,Mostrador,Frecuente,Desayuno,Yogur + granola,3,4552.0,0.0,13655.0,6.3,4.4,0
ORD-01408,2025-11-16,Sunday,9,Delivery,Nuevo,Pastelería,Croissant,1,1593.0,0.0,1593.0,18.8,4.8,0
ORD-05900,2025-11-16,Sunday,9,Mostrador,Frecuente,Almuerzo,Wrap,2,5371.0,0.0,10742.0,8.9,4.9,0
ORD-01943,2025-11-16,Sunday,10,Mostrador,Frecuente,Café,Americano,2,1809.0,0.0,3617.0,8.7,4.1,0
ORD-03358,2025-11-16,Sunday,11,Mostrador,Nuevo,Bebidas frías,Licuado,1,2464.0,0.0,2464.0,7.5,5.0,0
ORD-06182,2025-11-16,Sunday,11,Mostrador,Habitual,Almuerzo,Wrap,3,5591.0,0.05,15935.0,3.0,5.0,0
ORD-01245,2025-11-16,Sunday,12,Takeaway,Nuevo,Pastelería,Cookie,2,1937.0,0.0,3873.0,13.8,4.7,0
ORD-02710,2025-11-16,Sunday,12,Mostrador,Frecuente,Pastelería,Croissant,2,1782.0,0.0,3564.0,9.5,5.0,0
ORD-02142,2025-11-16,Sunday,13,Mostrador,Habitual,Café,Flat White,1,1904.0,0.1,1714.0,13.7,4.0,0
ORD-01824,2025-11-16,Sunday,14,Delivery,Nuevo,Pastelería,Croissant,3,1563.0,0.1,4219.0,20.6,4.2,0
ORD-01898,2025-11-16,Sunday,14,Mostrador,Frecuente,Almuerzo,Wrap,1,4895.0,0.1,4406.0,9.5,4.7,1
ORD-03418,2025-11-16,Sunday,14,Mostrador,Nuevo,Café,Espresso,1,1898.0,0.05,1803.0,2.1,5.0,0
ORD-05386,2025-11-16,Sunday,14,Mostrador,Habitual,Café,Flat White,1,1973.0,0.0,1973.0,9.7,4.4,0
ORD-00558,2025-11-16,Sunday,15,Mostrador,Nuevo,Café,Cortado,2,1875.0,0.0,3751.0,5.0,4.9,0
ORD-02386,2025-11-16,Sunday,15,Mostrador,Habitual,Almuerzo,Tostado,2,5780.0,0.0,11561.0,3.8,5.0,0
ORD-00396,2025-11-16,Sunday,16,Delivery,Frecuente,Pastelería,Budín,1,1938.0,0.0,1938.0,19.9,3.4,0
ORD-05960,2025-11-16,Sunday,16,Mostrador,Frecuente,Almuerzo,Bagel,1,5620.0,0.0,5620.0,2.0,4.7,1
ORD-04472,2025-11-16,Sunday,18,Mostrador,Nuevo,Pastelería,Budín,1,1461.0,0.0,1461.0,9.8,5.0,0
ORD-06031,2025-11-16,Sunday,19,Mostrador,Frecuente,Almuerzo,Bagel,3,4772.0,0.0,14317.0,5.1,4.6,0
ORD-01716,2025-11-17,Monday,7,Takeaway,Nuevo,Almuerzo,Ensalada,1,5198.0,0.0,5198.0,5.7,3.9,0
ORD-02652,2025-11-17,Monday,8,Takeaway,Habitual,Café,Cortado,1,1951.0,0.0,1951.0,15.2,4.2,1
ORD-02304,2025-11-17,Monday,10,Mostrador,Nuevo,Almuerzo,Tostado,2,4463.0,0.0,8927.0,9.5,5.0,0
ORD-04865,2025-11-17,Monday,10,Takeaway,Habitual,Desayuno,Tostadas,3,4392.0,0.1,11857.0,11.1,4.2,0
ORD-02227,2025-11-17,Monday,11,Mostrador,Frecuente,Bebidas frías,Iced latte,1,3027.0,0.0,3027.0,8.4,4.2,1
ORD-05647,2025-11-17,Monday,11,Takeaway,Nuevo,Café,Latte,1,1999.0,0.0,1999.0,6.7,4.5,0
ORD-01893,2025-11-17,Monday,12,Mostrador,Nuevo,Bebidas frías,Iced latte,2,2652.0,0.0,5305.0,6.7,5.0,0
ORD-05837,2025-11-17,Monday,12,Mostrador,Habitual,Café,Americano,1,1934.0,0.0,1934.0,8.5,3.7,0
ORD-04330,2025-11-17,Monday,13,Mostrador,Habitual,Pastelería,Cookie,1,1520.0,0.0,1520.0,5.7,5.0,1
ORD-00781,2025-11-17,Monday,14,Takeaway,Habitual,Almuerzo,Ensalada,2,5149.0,0.0,10298.0,9.2,4.2,1
ORD-02001,2025-11-17,Monday,14,Delivery,Habitual,Café,Espresso,1,1968.0,0.0,1968.0,22.3,3.1,0
ORD-00812,2025-11-17,Monday,16,Mostrador,Habitual,Café,Espresso,2,1912.0,0.0,3824.0,2.0,5.0,0
ORD-02678,2025-11-17,Monday,17,Delivery,Habitual,Desayuno,Tostadas,1,4995.0,0.0,4995.0,19.5,4.0,0
ORD-01201,2025-11-17,Monday,18,Mostrador,Nuevo,Café,Americano,1,1780.0,0.0,1780.0,4.7,5.0,1
ORD-06498,2025-11-17,Monday,18,Mostrador,Habitual,Desayuno,Avocado toast,2,3857.0,0.0,7715.0,6.0,4.3,1
ORD-05242,2025-11-17,Monday,19,Mostrador,Nuevo,Desayuno,Combo desayuno,3,4135.0,0.0,12404.0,3.4,5.0,1
ORD-05292,2025-11-18,Tuesday,7,Takeaway,Frecuente,Café,Flat White,1,1783.0,0.0,1783.0,6.5,4.4,0
ORD-04139,2025-11-18,Tuesday,8,Takeaway,Habitual,Pastelería,Tostada dulce,1,1481.0,0.0,1481.0,8.3,5.0,1
ORD-01792,2025-11-18,Tuesday,10,Mostrador,Habitual,Bebidas frías,Cold brew,2,2789.0,0.0,5577.0,5.0,4.9,0
ORD-01141,2025-11-18,Tuesday,11,Mostrador,Nuevo,Desayuno,Tostadas,1,3490.0,0.05,3316.0,3.1,4.8,0
ORD-01371,2025-11-18,Tuesday,11,Delivery,Habitual,Café,Espresso,2,1863.0,0.0,3725.0,21.7,3.6,0
ORD-03548,2025-11-18,Tuesday,11,Mostrador,Habitual,Café,Espresso,1,1813.0,0.0,1813.0,9.1,4.2,0
ORD-05510,2025-11-18,Tuesday,11,Mostrador,Frecuente,Almuerzo,Ensalada,2,5354.0,0.0,10708.0,3.6,4.6,1
ORD-01634,2025-11-18,Tuesday,12,Mostrador,Nuevo,Café,Americano,1,1809.0,0.0,1809.0,6.5,4.6,0
ORD-02701,2025-11-18,Tuesday,13,Mostrador,Habitual,Bebidas frías,Cold brew,3,2796.0,0.0,8389.0,6.3,4.8,0
ORD-00517,2025-11-18,Tuesday,14,Mostrador,Habitual,Café,Cortado,3,1983.0,0.05,5652.0,7.2,4.2,1
ORD-01713,2025-11-18,Tuesday,14,Takeaway,Habitual,Pastelería,Medialuna,1,1472.0,0.0,1472.0,9.9,4.4,0
ORD-03581,2025-11-18,Tuesday,14,Mostrador,Nuevo,Desayuno,Combo desayuno,2,4533.0,0.15,7706.0,10.0,5.0,0
ORD-05021,2025-11-18,Tuesday,14,Mostrador,Nuevo,Café,Americano,1,1846.0,0.1,1662.0,7.4,4.7,0
ORD-06491,2025-11-18,Tuesday,14,Mostrador,Habitual,Desayuno,Tostadas,3,4308.0,0.0,12925.0,8.7,4.2,1
ORD-03579,2025-11-18,Tuesday,15,Mostrador,Habitual,Pastelería,Medialuna,3,1766.0,0.15,4502.0,10.1,4.6,0
ORD-05868,2025-11-18,Tuesday,15,Mostrador,Nuevo,Bebidas frías,Cold brew,2,2713.0,0.1,4883.0,2.7,5.0,0
ORD-02651,2025-11-18,Tuesday,18,Takeaway,Nuevo,Almuerzo,Ensalada,2,5614.0,0.0,11229.0,6.1,4.6,1
ORD-05751,2025-11-18,Tuesday,18,Takeaway,Habitual,Pastelería,Cookie,1,1514.0,0.0,1514.0,6.4,4.4,0
ORD-03239,2025-11-19,Wednesday,7,Takeaway,Nuevo,Café,Latte,2,1861.0,0.0,3721.0,3.8,5.0,0
ORD-06128,2025-11-19,Wednesday,10,Delivery,Frecuente,Almuerzo,Bagel,1,5307.0,0.0,5307.0,20.6,4.0,1
ORD-04990,2025-11-19,Wednesday,13,Takeaway,Nuevo,Bebidas frías,Limonada,1,2908.0,0.0,2908.0,11.7,3.9,0
ORD-05783,2025-11-19,Wednesday,13,Mostrador,Nuevo,Bebidas frías,Iced latte,2,2660.0,0.0,5321.0,9.0,5.0,0
ORD-00904,2025-11-19,Wednesday,14,Mostrador,Nuevo,Pastelería,Croissant,3,1744.0,0.05,4972.0,9.0,3.1,0
ORD-02757,2025-11-19,Wednesday,15,Takeaway,Habitual,Bebidas frías,Iced latte,1,2910.0,0.0,2910.0,7.0,5.0,0
ORD-02240,2025-11-19,Wednesday,16,Takeaway,Habitual,Café,Flat White,2,1864.0,0.0,3729.0,7.7,4.2,1
ORD-03046,2025-11-19,Wednesday,17,Takeaway,Nuevo,Café,Americano,1,1830.0,0.0,1830.0,7.1,4.3,0
ORD-03428,2025-11-19,Wednesday,18,Mostrador,Nuevo,Desayuno,Tostadas,3,4405.0,0.1,11895.0,3.9,5.0,0
ORD-01815,2025-11-19,Wednesday,19,Mostrador,Frecuente,Almuerzo,Wrap,1,5440.0,0.0,5440.0,3.3,4.4,0
ORD-01375,2025-11-20,Thursday,9,Delivery,Nuevo,Bebidas frías,Cold brew,2,3132.0,0.0,6265.0,22.9,3.2,0
ORD-05693,2025-11-20,Thursday,9,Takeaway,Nuevo,Pastelería,Tostada dulce,1,1497.0,0.0,1497.0,8.9,4.7,0
ORD-03474,2025-11-20,Thursday,10,Mostrador,Nuevo,Pastelería,Tostada dulce,2,1406.0,0.0,2811.0,8.1,4.4,0
ORD-05091,2025-11-20,Thursday,10,Mostrador,Habitual,Almuerzo,Bagel,1,5129.0,0.05,4873.0,12.2,4.5,1
ORD-02091,2025-11-20,Thursday,12,Delivery,Frecuente,Pastelería,Croissant,2,1572.0,0.15,2673.0,21.6,3.1,0
ORD-01324,2025-11-20,Thursday,13,Mostrador,Nuevo,Almuerzo,Wrap,1,5424.0,0.0,5424.0,11.5,3.7,0
ORD-01004,2025-11-20,Thursday,14,Mostrador,Habitual,Café,Espresso,1,1847.0,0.0,1847.0,12.7,3.7,0
ORD-06102,2025-11-20,Thursday,14,Mostrador,Nuevo,Desayuno,Combo desayuno,1,4205.0,0.0,4205.0,12.1,3.9,1
ORD-00375,2025-11-20,Thursday,15,Mostrador,Nuevo,Café,Flat White,1,1746.0,0.0,1746.0,7.5,4.7,1
ORD-01752,2025-11-20,Thursday,15,Mostrador,Habitual,Almuerzo,Bagel,2,5516.0,0.1,9928.0,8.3,5.0,0
ORD-05546,2025-11-20,Thursday,15,Mostrador,Habitual,Café,Flat White,3,1664.0,0.0,4993.0,9.3,5.0,0
ORD-04713,2025-11-20,Thursday,16,Takeaway,Habitual,Desayuno,Avocado toast,1,4337.0,0.1,3903.0,9.8,4.5,0
ORD-04012,2025-11-20,Thursday,17,Mostrador,Nuevo,Café,Americano,3,1664.0,0.0,4991.0,4.8,4.8,0
ORD-05222,2025-11-20,Thursday,17,Takeaway,Habitual,Desayuno,Yogur + granola,1,3905.0,0.0,3905.0,6.2,4.7,0
ORD-04728,2025-11-20,Thursday,20,Takeaway,Nuevo,Desayuno,Yogur + granola,1,4214.0,0.0,4214.0,6.9,4.9,1
ORD-01692,2025-11-21,Friday,8,Mostrador,Habitual,Café,Latte,1,1927.0,0.05,1831.0,7.1,4.8,0
ORD-02452,2025-11-21,Friday,9,Takeaway,Nuevo,Almuerzo,Tostado,1,4721.0,0.05,4485.0,13.0,3.3,0
ORD-03506,2025-11-21,Friday,9,Mostrador,Habitual,Desayuno,Combo desayuno,1,3994.0,0.0,3994.0,12.6,4.8,0
ORD-00035,2025-11-21,Friday,11,Mostrador,Nuevo,Almuerzo,Tostado,1,4945.0,0.0,4945.0,6.0,5.0,0
ORD-03126,2025-11-21,Friday,11,Mostrador,Nuevo,Pastelería,Budín,2,1591.0,0.0,3182.0,5.6,4.7,0
ORD-04574,2025-11-21,Friday,11,Mostrador,Nuevo,Desayuno,Avocado toast,2,4093.0,0.05,7777.0,8.5,5.0,0
ORD-00565,2025-11-21,Friday,13,Takeaway,Frecuente,Bebidas frías,Iced latte,1,2994.0,0.05,2845.0,9.6,4.2,0
ORD-04717,2025-11-21,Friday,14,Mostrador,Habitual,Desayuno,Combo desayuno,1,4326.0,0.0,4326.0,7.8,4.8,0
ORD-05266,2025-11-21,Friday,14,Delivery,Nuevo,Desayuno,Tostadas,1,4044.0,0.05,3842.0,23.1,3.6,1
ORD-04701,2025-11-21,Friday,15,Takeaway,Nuevo,Bebidas frías,Iced latte,2,2700.0,0.05,5129.0,10.0,5.0,0
ORD-06024,2025-11-21,Friday,15,Mostrador,Frecuente,Café,Americano,1,1594.0,0.0,1594.0,5.6,4.5,0
ORD-03162,2025-11-21,Friday,17,Mostrador,Nuevo,Café,Americano,3,1551.0,0.05,4419.0,7.4,5.0,1
ORD-04469,2025-11-21,Friday,17,Takeaway,Habitual,Bebidas frías,Licuado,2,2977.0,0.0,5954.0,3.0,5.0,0
ORD-01606,2025-11-21,Friday,19,Mostrador,Habitual,Café,Americano,1,1738.0,0.0,1738.0,3.7,5.0,0
ORD-01912,2025-11-21,Friday,19,Mostrador,Nuevo,Almuerzo,Bagel,2,5674.0,0.1,10214.0,5.9,5.0,0
ORD-02498,2025-11-21,Friday,20,Takeaway,Frecuente,Pastelería,Cookie,1,1462.0,0.05,1389.0,6.1,4.4,0
ORD-01389,2025-11-22,Saturday,10,Mostrador,Habitual,Bebidas frías,Cold brew,2,2843.0,0.05,5401.0,7.3,4.3,0
ORD-05743,2025-11-22,Saturday,10,Delivery,Nuevo,Desayuno,Avocado toast,1,4695.0,0.05,4460.0,23.7,3.5,1
ORD-00358,2025-11-22,Saturday,11,Delivery,Habitual,Café,Latte,2,1922.0,0.0,3844.0,16.8,4.8,0
ORD-00362,2025-11-22,Saturday,12,Mostrador,Nuevo,Pastelería,Medialuna,1,1522.0,0.1,1370.0,8.0,4.9,0
ORD-04808,2025-11-22,Saturday,12,Takeaway,Nuevo,Café,Latte,1,1919.0,0.0,1919.0,11.1,4.3,0
ORD-02042,2025-11-22,Saturday,13,Takeaway,Nuevo,Pastelería,Medialuna,1,1530.0,0.0,1530.0,9.8,4.0,0
ORD-05460,2025-11-22,Saturday,13,Takeaway,Habitual,Almuerzo,Wrap,1,4907.0,0.0,4907.0,10.5,4.3,1
ORD-00048,2025-11-22,Saturday,14,Mostrador,Frecuente,Bebidas frías,Limonada,1,2757.0,0.1,2482.0,7.6,4.4,0
ORD-02300,2025-11-22,Saturday,14,Takeaway,Nuevo,Almuerzo,Tostado,2,4527.0,0.0,9054.0,12.0,4.2,0
ORD-05184,2025-11-22,Saturday,15,Mostrador,Habitual,Café,Latte,2,1546.0,0.15,2628.0,6.6,5.0,0
ORD-03820,2025-11-22,Saturday,16,Delivery,Nuevo,Café,Americano,1,2036.0,0.0,2036.0,18.5,4.8,1
ORD-00389,2025-11-22,Saturday,17,Mostrador,Frecuente,Café,Latte,1,1762.0,0.0,1762.0,6.7,4.9,0
ORD-02471,2025-11-22,Saturday,17,Takeaway,Habitual,Bebidas frías,Licuado,1,3076.0,0.0,3076.0,9.5,4.3,0
ORD-04863,2025-11-22,Saturday,19,Mostrador,Habitual,Pastelería,Cookie,1,1528.0,0.0,1528.0,2.0,4.9,0
ORD-05414,2025-11-22,Saturday,19,Mostrador,Nuevo,Desayuno,Combo desayuno,2,4038.0,0.05,7673.0,5.3,5.0,0
ORD-03795,2025-11-22,Saturday,20,Mostrador,Habitual,Pastelería,Budín,1,1430.0,0.1,1287.0,4.9,4.9,1
ORD-05334,2025-11-23,Sunday,7,Takeaway,Habitual,Pastelería,Budín,1,1593.0,0.0,1593.0,8.1,4.7,1
ORD-03030,2025-11-23,Sunday,8,Takeaway,Frecuente,Desayuno,Combo desayuno,1,4415.0,0.0,4415.0,6.6,4.5,0
ORD-04282,2025-11-23,Sunday,9,Takeaway,Nuevo,Café,Americano,1,1701.0,0.0,1701.0,10.4,5.0,0
ORD-02446,2025-11-23,Sunday,12,Mostrador,Habitual,Almuerzo,Wrap,2,4683.0,0.0,9366.0,9.2,4.3,0
ORD-02061,2025-11-23,Sunday,13,Delivery,Frecuente,Café,Espresso,2,1829.0,0.0,3658.0,24.5,3.8,0
ORD-01304,2025-11-23,Sunday,16,Mostrador,Nuevo,Pastelería,Tostada dulce,1,1600.0,0.05,1520.0,6.6,4.4,1
ORD-04334,2025-11-23,Sunday,17,Mostrador,Frecuente,Café,Cortado,1,1637.0,0.05,1555.0,5.4,4.9,0
ORD-04406,2025-11-23,Sunday,17,Takeaway,Frecuente,Pastelería,Budín,2,1683.0,0.0,3367.0,6.4,4.6,1
ORD-00364,2025-11-23,Sunday,18,Delivery,Habitual,Desayuno,Combo desayuno,1,3943.0,0.1,3549.0,14.8,4.3,1
ORD-00579,2025-11-23,Sunday,19,Mostrador,Habitual,Almuerzo,Tostado,2,5220.0,0.0,10440.0,8.6,3.7,1
ORD-01878,2025-11-24,Monday,11,Delivery,Habitual,Café,Espresso,2,1790.0,0.0,3580.0,17.4,4.6,0
ORD-01384,2025-11-24,Monday,12,Delivery,Habitual,Bebidas frías,Cold brew,1,2599.0,0.05,2469.0,22.7,4.2,1
ORD-02978,2025-11-24,Monday,12,Takeaway,Habitual,Pastelería,Croissant,1,1558.0,0.05,1480.0,3.8,4.4,0
ORD-01471,2025-11-24,Monday,13,Mostrador,Frecuente,Almuerzo,Wrap,1,5928.0,0.0,5928.0,12.7,4.7,0
ORD-01557,2025-11-24,Monday,13,Mostrador,Frecuente,Café,Latte,2,1580.0,0.0,3159.0,14.3,4.3,0
ORD-04433,2025-11-24,Monday,13,Mostrador,Nuevo,Pastelería,Croissant,2,1601.0,0.0,3203.0,8.2,4.5,1
ORD-06482,2025-11-24,Monday,13,Delivery,Habitual,Almuerzo,Bagel,1,5192.0,0.05,4932.0,22.8,3.7,1
ORD-00095,2025-11-24,Monday,14,Mostrador,Nuevo,Desayuno,Avocado toast,2,4807.0,0.05,9134.0,10.6,4.2,0
ORD-00304,2025-11-24,Monday,14,Mostrador,Habitual,Bebidas frías,Limonada,1,2764.0,0.05,2626.0,6.3,5.0,0
ORD-04565,2025-11-24,Monday,14,Delivery,Habitual,Desayuno,Tostadas,1,3863.0,0.05,3669.0,23.7,3.3,0
ORD-00828,2025-11-24,Monday,15,Mostrador,Habitual,Almuerzo,Wrap,3,6575.0,0.0,19725.0,7.1,5.0,0
ORD-01632,2025-11-24,Monday,15,Mostrador,Nuevo,Café,Americano,1,1630.0,0.1,1467.0,4.9,4.7,0
ORD-04450,2025-11-24,Monday,15,Takeaway,Frecuente,Desayuno,Avocado toast,1,4681.0,0.0,4681.0,10.3,4.0,0
ORD-06081,2025-11-24,Monday,15,Takeaway,Habitual,Desayuno,Combo desayuno,1,4789.0,0.0,4789.0,7.5,4.3,0
ORD-04620,2025-11-24,Monday,16,Delivery,Frecuente,Bebidas frías,Limonada,2,2789.0,0.0,5578.0,20.9,4.0,1
ORD-03831,2025-11-24,Monday,17,Mostrador,Nuevo,Almuerzo,Wrap,2,5126.0,0.1,9227.0,7.6,4.1,1
ORD-03243,2025-11-24,Monday,18,Mostrador,Nuevo,Café,Latte,1,1795.0,0.0,1795.0,2.0,4.5,0
ORD-00740,2025-11-24,Monday,20,Takeaway,Nuevo,Almuerzo,Tostado,1,5909.0,0.0,5909.0,5.3,4.2,0
ORD-02838,2025-11-25,Tuesday,11,Mostrador,Frecuente,Desayuno,Tostadas,1,3754.0,0.0,3754.0,7.8,5.0,0
ORD-04981,2025-11-25,Tuesday,11,Takeaway,Nuevo,Café,Americano,1,1813.0,0.0,1813.0,9.4,4.3,0
ORD-03109,2025-11-25,Tuesday,14,Takeaway,Frecuente,Almuerzo,Tostado,1,5550.0,0.0,5550.0,12.9,5.0,0
ORD-04597,2025-11-25,Tuesday,14,Mostrador,Nuevo,Desayuno,Tostadas,1,4384.0,0.0,4384.0,5.3,4.0,0
ORD-04933,2025-11-25,Tuesday,14,Delivery,Nuevo,Almuerzo,Tostado,2,5077.0,0.0,10155.0,16.2,4.4,0
ORD-05249,2025-11-25,Tuesday,14,Mostrador,Habitual,Almuerzo,Tostado,1,5099.0,0.0,5099.0,10.9,4.5,0
ORD-05461,2025-11-25,Tuesday,16,Takeaway,Nuevo,Almuerzo,Tostado,2,5527.0,0.0,11054.0,9.1,4.3,0
ORD-06264,2025-11-25,Tuesday,17,Mostrador,Nuevo,Almuerzo,Ensalada,1,5391.0,0.05,5121.0,4.6,3.6,0
ORD-00179,2025-11-25,Tuesday,19,Takeaway,Habitual,Café,Latte,1,1793.0,0.0,1793.0,6.7,4.4,0
ORD-04190,2025-11-25,Tuesday,19,Delivery,Habitual,Café,Cortado,1,2025.0,0.0,2025.0,18.2,3.6,0
ORD-04850,2025-11-25,Tuesday,19,Takeaway,Nuevo,Desayuno,Tostadas,1,4236.0,0.0,4236.0,3.9,4.7,0
ORD-01315,2025-11-26,Wednesday,10,Mostrador,Nuevo,Desayuno,Yogur + granola,1,4095.0,0.1,3686.0,7.1,5.0,0
ORD-01428,2025-11-26,Wednesday,10,Takeaway,Habitual,Desayuno,Yogur + granola,2,4465.0,0.1,8037.0,13.3,4.1,0
ORD-02778,2025-11-26,Wednesday,10,Mostrador,Habitual,Café,Latte,3,1768.0,0.0,5303.0,8.8,5.0,0
ORD-05056,2025-11-26,Wednesday,10,Takeaway,Nuevo,Café,Espresso,1,1730.0,0.0,1730.0,12.1,5.0,0
ORD-01732,2025-11-26,Wednesday,11,Takeaway,Nuevo,Desayuno,Yogur + granola,2,4065.0,0.0,8130.0,9.6,4.4,0
ORD-01826,2025-11-26,Wednesday,11,Mostrador,Habitual,Almuerzo,Wrap,3,5919.0,0.1,15981.0,6.6,4.8,1
ORD-04081,2025-11-26,Wednesday,11,Mostrador,Habitual,Café,Flat White,1,1800.0,0.0,1800.0,2.7,4.7,0
ORD-01206,2025-11-26,Wednesday,12,Delivery,Habitual,Bebidas frías,Limonada,3,2807.0,0.0,8422.0,18.6,4.5,0
ORD-05619,2025-11-26,Wednesday,13,Mostrador,Habitual,Café,Cortado,1,1956.0,0.1,1760.0,6.9,4.9,0
ORD-03518,2025-11-26,Wednesday,14,Mostrador,Nuevo,Café,Espresso,2,1639.0,0.0,3277.0,9.2,4.9,0
ORD-03826,2025-11-26,Wednesday,14,Takeaway,Habitual,Bebidas frías,Cold brew,2,3017.0,0.0,6034.0,11.2,4.3,0
ORD-06191,2025-11-26,Wednesday,14,Mostrador,Frecuente,Café,Americano,3,1641.0,0.0,4924.0,6.4,4.2,1
ORD-00592,2025-11-26,Wednesday,15,Delivery,Nuevo,Pastelería,Tostada dulce,2,1523.0,0.05,2895.0,14.8,4.4,0
ORD-02939,2025-11-26,Wednesday,15,Mostrador,Nuevo,Desayuno,Combo desayuno,3,3954.0,0.0,11862.0,2.3,5.0,0
ORD-05240,2025-11-26,Wednesday,16,Takeaway,Habitual,Bebidas frías,Licuado,1,2862.0,0.0,2862.0,7.3,4.6,1
ORD-02989,2025-11-26,Wednesday,18,Mostrador,Nuevo,Pastelería,Croissant,2,1751.0,0.0,3501.0,8.1,5.0,0
ORD-01037,2025-11-26,Wednesday,19,Takeaway,Nuevo,Desayuno,Combo desayuno,1,4096.0,0.05,3891.0,8.0,4.8,1
ORD-00220,2025-11-26,Wednesday,20,Mostrador,Habitual,Café,Latte,1,1840.0,0.0,1840.0,7.0,4.4,1
ORD-00345,2025-11-27,Thursday,8,Delivery,Habitual,Pastelería,Medialuna,2,1403.0,0.0,2807.0,18.1,4.2,0
ORD-03910,2025-11-27,Thursday,10,Mostrador,Habitual,Bebidas frías,Licuado,1,3116.0,0.1,2804.0,12.8,4.9,1
ORD-02287,2025-11-27,Thursday,12,Mostrador,Nuevo,Café,Espresso,3,1840.0,0.0,5519.0,8.1,4.9,0
ORD-05513,2025-11-27,Thursday,12,Mostrador,Habitual,Café,Latte,1,1638.0,0.0,1638.0,13.8,4.6,0
ORD-03704,2025-11-27,Thursday,15,Mostrador,Habitual,Bebidas frías,Limonada,3,2893.0,0.0,8680.0,7.4,5.0,0
ORD-06152,2025-11-27,Thursday,15,Mostrador,Nuevo,Desayuno,Tostadas,2,4358.0,0.1,7844.0,8.0,5.0,0
ORD-00067,2025-11-27,Thursday,16,Mostrador,Nuevo,Almuerzo,Wrap,1,5506.0,0.0,5506.0,2.7,5.0,0
ORD-03750,2025-11-27,Thursday,16,Takeaway,Frecuente,Café,Americano,1,1879.0,0.0,1879.0,14.6,4.1,1
ORD-04207,2025-11-27,Thursday,16,Mostrador,Nuevo,Bebidas frías,Iced latte,1,2525.0,0.0,2525.0,8.9,4.6,0
ORD-05071,2025-11-28,Friday,8,Mostrador,Nuevo,Almuerzo,Wrap,1,4836.0,0.0,4836.0,7.6,5.0,0
ORD-01390,2025-11-28,Friday,11,Mostrador,Frecuente,Bebidas frías,Limonada,2,3218.0,0.0,6437.0,6.4,4.7,1
ORD-04823,2025-11-28,Friday,11,Mostrador,Nuevo,Almuerzo,Wrap,1,4871.0,0.0,4871.0,5.3,4.8,1
ORD-01108,2025-11-28,Friday,12,Takeaway,Frecuente,Desayuno,Tostadas,1,4037.0,0.0,4037.0,15.2,4.0,0
ORD-01154,2025-11-28,Friday,12,Mostrador,Nuevo,Café,Espresso,1,1802.0,0.05,1712.0,5.2,4.6,0
ORD-05243,2025-11-28,Friday,13,Mostrador,Nuevo,Bebidas frías,Licuado,2,2649.0,0.05,5033.0,15.7,3.6,0
ORD-00202,2025-11-28,Friday,14,Delivery,Nuevo,Almuerzo,Ensalada,1,4537.0,0.0,4537.0,19.3,3.7,0
ORD-01569,2025-11-28,Friday,14,Takeaway,Nuevo,Pastelería,Croissant,1,1578.0,0.0,1578.0,13.2,4.3,1
ORD-03298,2025-11-28,Friday,14,Takeaway,Nuevo,Pastelería,Croissant,3,1662.0,0.05,4738.0,9.1,3.5,0
ORD-01287,2025-11-28,Friday,15,Mostrador,Nuevo,Almuerzo,Bagel,3,5072.0,0.0,15217.0,6.9,4.7,0
ORD-00843,2025-11-28,Friday,18,Takeaway,Nuevo,Almuerzo,Bagel,2,5189.0,0.1,9340.0,9.3,4.2,0
ORD-03128,2025-11-28,Friday,18,Mostrador,Habitual,Bebidas frías,Iced latte,1,3170.0,0.0,3170.0,7.7,5.0,0
ORD-02068,2025-11-28,Friday,19,Mostrador,Nuevo,Bebidas frías,Licuado,3,2872.0,0.1,7755.0,4.0,4.8,1
ORD-00840,2025-11-29,Saturday,10,Mostrador,Nuevo,Almuerzo,Wrap,1,4365.0,0.1,3928.0,10.0,4.5,0
ORD-02693,2025-11-29,Saturday,10,Mostrador,Nuevo,Café,Cortado,3,1858.0,0.0,5574.0,8.4,5.0,0
ORD-03095,2025-11-29,Saturday,12,Mostrador,Nuevo,Desayuno,Avocado toast,2,3665.0,0.0,7331.0,10.4,4.3,0
ORD-04153,2025-11-29,Saturday,12,Takeaway,Nuevo,Café,Flat White,1,1775.0,0.0,1775.0,14.9,3.7,0
ORD-04514,2025-11-29,Saturday,12,Mostrador,Frecuente,Bebidas frías,Limonada,2,3051.0,0.15,5187.0,12.2,4.7,1
ORD-05050,2025-11-29,Saturday,12,Takeaway,Nuevo,Café,Americano,1,1801.0,0.05,1711.0,11.2,4.4,0
ORD-05311,2025-11-29,Saturday,12,Mostrador,Nuevo,Café,Latte,2,1790.0,0.0,3580.0,8.3,4.8,0
ORD-06075,2025-11-29,Saturday,14,Mostrador,Nuevo,Desayuno,Combo desayuno,2,4429.0,0.0,8858.0,5.0,4.6,0
ORD-04515,2025-11-29,Saturday,15,Takeaway,Habitual,Café,Cortado,3,1846.0,0.0,5537.0,5.9,4.5,0
ORD-03590,2025-11-29,Saturday,18,Mostrador,Habitual,Café,Flat White,1,1644.0,0.0,1644.0,2.0,5.0,0
ORD-02114,2025-11-29,Saturday,19,Takeaway,Nuevo,Desayuno,Combo desayuno,1,4209.0,0.05,3998.0,4.3,5.0,0
ORD-05925,2025-11-29,Saturday,19,Mostrador,Nuevo,Café,Espresso,1,2003.0,0.0,2003.0,2.0,5.0,0
ORD-02785,2025-11-29,Saturday,20,Mostrador,Habitual,Bebidas frías,Iced latte,1,3348.0,0.0,3348.0,11.0,5.0,0
ORD-05908,2025-11-30,Sunday,9,Takeaway,Habitual,Café,Latte,1,1793.0,0.0,1793.0,9.8,4.6,1
ORD-02113,2025-11-30,Sunday,10,Takeaway,Frecuente,Café,Cortado,1,1698.0,0.0,1698.0,14.9,3.7,0
ORD-01708,2025-11-30,Sunday,11,Mostrador,Habitual,Bebidas frías,Cold brew,3,2965.0,0.0,8895.0,6.2,5.0,0
ORD-02164,2025-11-30,Sunday,11,Mostrador,Habitual,Café,Flat White,1,1901.0,0.0,1901.0,3.8,4.9,1
ORD-03202,2025-11-30,Sunday,12,Mostrador,Nuevo,Café,Cortado,1,1888.0,0.05,1793.0,12.1,4.6,0
ORD-05192,2025-11-30,Sunday,12,Delivery,Habitual,Desayuno,Tostadas,2,4758.0,0.0,9517.0,23.9,3.8,0
ORD-05877,2025-11-30,Sunday,12,Mostrador,Habitual,Café,Latte,2,1900.0,0.0,3800.0,8.7,4.4,0
ORD-05920,2025-11-30,Sunday,12,Mostrador,Frecuente,Pastelería,Tostada dulce,1,1365.0,0.0,1365.0,12.3,4.1,1
ORD-01507,2025-11-30,Sunday,13,Mostrador,Frecuente,Pastelería,Croissant,1,1590.0,0.0,1590.0,9.7,4.9,0
ORD-05037,2025-11-30,Sunday,13,Delivery,Nuevo,Almuerzo,Bagel,2,4985.0,0.0,9970.0,18.4,4.1,0
ORD-05865,2025-11-30,Sunday,13,Takeaway,Habitual,Desayuno,Avocado toast,2,4680.0,0.15,7957.0,10.1,4.7,0
ORD-05987,2025-11-30,Sunday,13,Mostrador,Habitual,Desayuno,Yogur + granola,2,4214.0,0.05,8007.0,12.2,3.8,1
ORD-00943,2025-11-30,Sunday,14,Mostrador,Frecuente,Café,Espresso,2,1850.0,0.0,3701.0,13.8,3.8,0
ORD-05054,2025-11-30,Sunday,14,Mostrador,Nuevo,Bebidas frías,Licuado,1,3025.0,0.15,2571.0,8.9,4.1,0
ORD-06133,2025-11-30,Sunday,14,Mostrador,Frecuente,Pastelería,Medialuna,1,1386.0,0.0,1386.0,5.5,4.8,0
ORD-02894,2025-11-30,Sunday,15,Mostrador,Habitual,Almuerzo,Bagel,1,4776.0,0.15,4060.0,3.8,5.0,0
ORD-03384,2025-11-30,Sunday,15,Mostrador,Habitual,Café,Latte,3,1899.0,0.0,5696.0,5.2,5.0,0
ORD-04249,2025-11-30,Sunday,15,Mostrador,Frecuente,Café,Latte,1,1741.0,0.05,1654.0,3.1,5.0,1
ORD-02633,2025-11-30,Sunday,17,Takeaway,Frecuente,Pastelería,Medialuna,3,1560.0,0.0,4680.0,5.1,5.0,0
ORD-05239,2025-11-30,Sunday,17,Mostrador,Habitual,Café,Latte,1,1560.0,0.15,1326.0,3.0,5.0,0
ORD-02101,2025-11-30,Sunday,19,Mostrador,Habitual,Pastelería,Cookie,1,1511.0,0.0,1511.0,3.4,4.6,0
ORD-05325,2025-11-30,Sunday,19,Mostrador,Habitual,Almuerzo,Ensalada,1,5104.0,0.0,5104.0,6.6,4.4,0
ORD-01948,2025-12-01,Monday,12,Mostrador,Frecuente,Café,Flat White,2,1897.0,0.0,3794.0,11.4,5.0,1
ORD-01951,2025-12-01,Monday,12,Mostrador,Frecuente,Almuerzo,Ensalada,2,4485.0,0.1,8073.0,10.4,4.1,1
ORD-00324,2025-12-01,Monday,13,Takeaway,Habitual,Café,Latte,1,1801.0,0.0,1801.0,11.6,4.4,0
ORD-02796,2025-12-01,Monday,13,Takeaway,Habitual,Almuerzo,Wrap,1,5403.0,0.0,5403.0,10.7,4.9,0
ORD-00153,2025-12-01,Monday,14,Takeaway,Nuevo,Almuerzo,Wrap,2,4764.0,0.1,8575.0,11.6,3.8,0
ORD-01170,2025-12-01,Monday,14,Mostrador,Nuevo,Desayuno,Avocado toast,1,3640.0,0.0,3640.0,7.1,5.0,0
ORD-04335,2025-12-01,Monday,14,Takeaway,Habitual,Almuerzo,Bagel,2,5800.0,0.0,11601.0,9.5,4.2,0
ORD-06184,2025-12-01,Monday,14,Delivery,Habitual,Almuerzo,Wrap,1,5224.0,0.0,5224.0,16.5,4.3,0
ORD-00642,2025-12-01,Monday,15,Delivery,Habitual,Café,Cortado,3,1423.0,0.15,3629.0,21.6,4.2,1
ORD-01354,2025-12-01,Monday,15,Takeaway,Habitual,Café,Americano,1,1821.0,0.0,1821.0,6.7,4.7,1
ORD-02305,2025-12-01,Monday,15,Delivery,Nuevo,Almuerzo,Tostado,2,4880.0,0.1,8784.0,19.5,3.5,0
ORD-00529,2025-12-01,Monday,17,Mostrador,Habitual,Pastelería,Tostada dulce,1,1613.0,0.0,1613.0,6.8,5.0,0
ORD-06318,2025-12-01,Monday,17,Takeaway,Nuevo,Café,Americano,3,1685.0,0.0,5056.0,3.6,5.0,0
ORD-06406,2025-12-01,Monday,17,Takeaway,Nuevo,Almuerzo,Bagel,2,4736.0,0.15,8051.0,3.6,4.5,0
ORD-02531,2025-12-01,Monday,20,Mostrador,Nuevo,Desayuno,Tostadas,2,4344.0,0.0,8688.0,3.5,5.0,0
ORD-03330,2025-12-01,Monday,20,Delivery,Habitual,Café,Cortado,1,2053.0,0.05,1950.0,21.4,3.5,0
ORD-01081,2025-12-02,Tuesday,9,Takeaway,Nuevo,Pastelería,Tostada dulce,1,1555.0,0.0,1555.0,3.7,4.8,0
ORD-01705,2025-12-02,Tuesday,11,Takeaway,Nuevo,Bebidas frías,Cold brew,2,2557.0,0.0,5113.0,11.9,3.9,0
ORD-00715,2025-12-02,Tuesday,12,Mostrador,Nuevo,Desayuno,Avocado toast,1,3956.0,0.1,3560.0,9.0,5.0,1
ORD-00804,2025-12-02,Tuesday,13,Mostrador,Habitual,Café,Espresso,3,1677.0,0.1,4528.0,11.5,5.0,1
ORD-02383,2025-12-02,Tuesday,13,Mostrador,Nuevo,Almuerzo,Bagel,2,4509.0,0.0,9019.0,8.6,4.6,0
ORD-04731,2025-12-02,Tuesday,13,Takeaway,Habitual,Bebidas frías,Licuado,1,2570.0,0.05,2441.0,10.9,5.0,1
ORD-03445,2025-12-02,Tuesday,14,Mostrador,Habitual,Almuerzo,Bagel,1,4983.0,0.15,4236.0,3.4,4.2,1
ORD-00669,2025-12-02,Tuesday,15,Mostrador,Nuevo,Café,Espresso,1,1987.0,0.0,1987.0,2.0,4.6,0
ORD-01103,2025-12-02,Tuesday,15,Takeaway,Nuevo,Desayuno,Yogur + granola,3,4707.0,0.1,12710.0,5.6,4.7,0
ORD-01530,2025-12-02,Tuesday,15,Mostrador,Habitual,Café,Americano,1,1737.0,0.15,1476.0,6.4,4.9,1
ORD-04640,2025-12-02,Tuesday,15,Mostrador,Habitual,Desayuno,Tostadas,1,4448.0,0.1,4004.0,9.1,4.3,0
ORD-04959,2025-12-02,Tuesday,15,Mostrador,Nuevo,Almuerzo,Wrap,1,5564.0,0.05,5286.0,5.9,4.9,1
ORD-06486,2025-12-02,Tuesday,15,Mostrador,Frecuente,Desayuno,Avocado toast,1,4451.0,0.05,4228.0,6.3,5.0,1
ORD-05524,2025-12-02,Tuesday,16,Takeaway,Habitual,Café,Flat White,2,1738.0,0.0,3476.0,8.7,4.3,1
ORD-03749,2025-12-02,Tuesday,18,Mostrador,Nuevo,Desayuno,Combo desayuno,1,4170.0,0.0,4170.0,8.0,5.0,0
ORD-06098,2025-12-02,Tuesday,18,Mostrador,Habitual,Bebidas frías,Cold brew,2,2762.0,0.0,5524.0,2.8,4.6,0
ORD-06180,2025-12-02,Tuesday,18,Mostrador,Habitual,Almuerzo,Ensalada,3,5432.0,0.0,16297.0,3.7,4.2,0
ORD-06243,2025-12-02,Tuesday,18,Mostrador,Nuevo,Almuerzo,Ensalada,3,4632.0,0.05,13201.0,2.0,5.0,0
ORD-01564,2025-12-02,Tuesday,19,Mostrador,Frecuente,Pastelería,Tostada dulce,1,1508.0,0.15,1282.0,4.8,4.8,0
ORD-00969,2025-12-02,Tuesday,20,Mostrador,Habitual,Café,Cortado,1,1994.0,0.0,1994.0,7.5,5.0,0
ORD-03402,2025-12-02,Tuesday,20,Takeaway,Nuevo,Café,Espresso,3,1955.0,0.0,5864.0,11.8,4.8,0
ORD-04829,2025-12-02,Tuesday,20,Mostrador,Habitual,Almuerzo,Tostado,1,4719.0,0.0,4719.0,8.9,4.8,0
ORD-05443,2025-12-03,Wednesday,7,Mostrador,Habitual,Almuerzo,Wrap,1,5049.0,0.0,5049.0,5.3,4.5,1
ORD-02961,2025-12-03,Wednesday,8,Takeaway,Nuevo,Almuerzo,Ensalada,2,5054.0,0.05,9603.0,7.0,4.6,0
ORD-01006,2025-12-03,Wednesday,9,Mostrador,Habitual,Pastelería,Medialuna,1,1499.0,0.05,1424.0,12.0,4.0,0
ORD-02625,2025-12-03,Wednesday,10,Mostrador,Nuevo,Café,Flat White,1,1991.0,0.15,1692.0,7.6,5.0,0
ORD-02831,2025-12-03,Wednesday,11,Mostrador,Nuevo,Desayuno,Combo desayuno,3,3842.0,0.0,11527.0,7.9,5.0,1
ORD-03201,2025-12-03,Wednesday,12,Mostrador,Habitual,Almuerzo,Bagel,2,5053.0,0.05,9601.0,7.8,5.0,0
ORD-05295,2025-12-03,Wednesday,12,Takeaway,Nuevo,Café,Flat White,1,1729.0,0.0,1729.0,7.0,4.9,0
ORD-03520,2025-12-03,Wednesday,13,Takeaway,Habitual,Café,Flat White,2,1717.0,0.0,3435.0,8.1,5.0,0
ORD-04869,2025-12-03,Wednesday,13,Mostrador,Frecuente,Café,Espresso,2,2075.0,0.0,4149.0,9.4,5.0,0
ORD-05223,2025-12-03,Wednesday,13,Mostrador,Nuevo,Bebidas frías,Iced latte,1,2822.0,0.0,2822.0,7.4,5.0,0
ORD-01972,2025-12-03,Wednesday,14,Mostrador,Habitual,Almuerzo,Wrap,1,5113.0,0.1,4601.0,11.1,4.1,0
ORD-00733,2025-12-03,Wednesday,15,Takeaway,Habitual,Café,Flat White,3,1657.0,0.0,4970.0,6.3,4.5,0
ORD-05818,2025-12-03,Wednesday,15,Mostrador,Habitual,Bebidas frías,Cold brew,1,2868.0,0.05,2725.0,4.8,4.1,1
ORD-03845,2025-12-03,Wednesday,16,Takeaway,Frecuente,Café,Cortado,1,1850.0,0.05,1757.0,3.6,4.9,0
ORD-06404,2025-12-03,Wednesday,16,Mostrador,Habitual,Desayuno,Combo desayuno,3,4898.0,0.1,13224.0,2.9,4.9,0
ORD-03658,2025-12-03,Wednesday,17,Takeaway,Habitual,Café,Latte,1,1549.0,0.1,1394.0,7.4,4.4,0
ORD-02014,2025-12-03,Wednesday,18,Mostrador,Habitual,Pastelería,Budín,1,1754.0,0.0,1754.0,7.9,5.0,1
ORD-00061,2025-12-03,Wednesday,19,Mostrador,Frecuente,Almuerzo,Tostado,2,5598.0,0.0,11195.0,3.7,5.0,1
ORD-00530,2025-12-03,Wednesday,20,Delivery,Nuevo,Café,Americano,1,1917.0,0.0,1917.0,16.1,4.0,0
ORD-03801,2025-12-03,Wednesday,20,Mostrador,Habitual,Café,Cortado,2,1776.0,0.0,3551.0,4.4,4.5,0
ORD-04430,2025-12-03,Wednesday,20,Mostrador,Nuevo,Café,Cortado,2,1648.0,0.1,2967.0,5.3,5.0,0
ORD-04431,2025-12-03,Wednesday,20,Mostrador,Habitual,Desayuno,Yogur + granola,2,3762.0,0.0,7524.0,2.7,4.6,0
ORD-05749,2025-12-03,Wednesday,20,Mostrador,Habitual,Pastelería,Budín,1,1565.0,0.0,1565.0,2.1,5.0,0
ORD-05640,2025-12-04,Thursday,8,Mostrador,Habitual,Bebidas frías,Limonada,3,2596.0,0.0,7788.0,8.0,4.2,1
ORD-02624,2025-12-04,Thursday,10,Mostrador,Habitual,Desayuno,Yogur + granola,1,4218.0,0.0,4218.0,11.8,4.8,1
ORD-03605,2025-12-04,Thursday,10,Takeaway,Nuevo,Café,Latte,1,1735.0,0.0,1735.0,16.5,3.7,0
ORD-00452,2025-12-04,Thursday,11,Takeaway,Nuevo,Café,Cortado,1,1673.0,0.0,1673.0,6.1,5.0,0
ORD-00577,2025-12-04,Thursday,12,Mostrador,Habitual,Almuerzo,Wrap,1,5000.0,0.0,5000.0,11.8,3.9,1
ORD-00586,2025-12-04,Thursday,13,Delivery,Nuevo,Pastelería,Cookie,1,1584.0,0.0,1584.0,21.6,4.4,0
ORD-01262,2025-12-04,Thursday,14,Delivery,Habitual,Café,Cortado,1,1688.0,0.15,1435.0,24.1,3.5,0
ORD-01990,2025-12-04,Thursday,14,Takeaway,Nuevo,Café,Flat White,1,1769.0,0.15,1503.0,6.9,4.1,0
ORD-02166,2025-12-04,Thursday,14,Takeaway,Nuevo,Pastelería,Cookie,1,1472.0,0.0,1472.0,12.0,4.5,1
ORD-02533,2025-12-04,Thursday,14,Delivery,Nuevo,Café,Espresso,1,1809.0,0.0,1809.0,22.7,4.1,0
ORD-04988,2025-12-04,Thursday,14,Mostrador,Habitual,Pastelería,Cookie,2,1445.0,0.0,2891.0,11.6,5.0,1
ORD-03900,2025-12-04,Thursday,15,Mostrador,Habitual,Bebidas frías,Iced latte,1,2894.0,0.1,2605.0,6.0,5.0,0
ORD-05869,2025-12-04,Thursday,15,Mostrador,Nuevo,Almuerzo,Ensalada,1,5549.0,0.0,5549.0,3.7,5.0,1
ORD-06084,2025-12-04,Thursday,15,Takeaway,Habitual,Desayuno,Combo desayuno,2,3736.0,0.1,6725.0,6.5,4.9,0
ORD-00527,2025-12-04,Thursday,16,Takeaway,Frecuente,Desayuno,Avocado toast,1,3820.0,0.1,3438.0,2.9,4.2,0
ORD-01623,2025-12-04,Thursday,16,Mostrador,Habitual,Café,Latte,1,1920.0,0.0,1920.0,7.0,4.2,0
ORD-01679,2025-12-04,Thursday,16,Mostrador,Habitual,Desayuno,Tostadas,1,4657.0,0.1,4191.0,3.9,4.2,0
ORD-03892,2025-12-04,Thursday,16,Takeaway,Frecuente,Café,Americano,3,1886.0,0.1,5093.0,7.3,5.0,0
ORD-01067,2025-12-04,Thursday,19,Takeaway,Frecuente,Almuerzo,Ensalada,2,4819.0,0.1,8674.0,10.4,4.7,1
ORD-04979,2025-12-04,Thursday,19,Delivery,Habitual,Café,Cortado,2,1805.0,0.0,3609.0,17.7,4.2,0
ORD-00264,2025-12-04,Thursday,20,Mostrador,Habitual,Almuerzo,Bagel,3,5692.0,0.0,17076.0,3.6,5.0,0
ORD-03276,2025-12-04,Thursday,20,Mostrador,Nuevo,Almuerzo,Wrap,1,5476.0,0.05,5202.0,2.0,4.5,0
ORD-02612,2025-12-05,Friday,8,Mostrador,Frecuente,Café,Latte,2,1626.0,0.0,3252.0,7.5,4.1,1
ORD-03495,2025-12-05,Friday,9,Mostrador,Habitual,Café,Flat White,2,1725.0,0.0,3450.0,10.4,4.5,1
ORD-04543,2025-12-05,Friday,10,Takeaway,Nuevo,Bebidas frías,Iced latte,1,2991.0,0.1,2691.0,6.0,4.5,0
ORD-03972,2025-12-05,Friday,11,Mostrador,Nuevo,Almuerzo,Wrap,3,5450.0,0.05,15533.0,4.3,5.0,0
ORD-04851,2025-12-05,Friday,11,Takeaway,Nuevo,Café,Flat White,2,1845.0,0.05,3506.0,9.2,4.8,0
ORD-05312,2025-12-05,Friday,11,Delivery,Nuevo,Almuerzo,Ensalada,1,5580.0,0.0,5580.0,21.2,3.6,0
ORD-00499,2025-12-05,Friday,12,Mostrador,Habitual,Desayuno,Tostadas,3,4440.0,0.0,13320.0,9.1,4.1,0
ORD-03642,2025-12-05,Friday,12,Delivery,Nuevo,Almuerzo,Wrap,2,5127.0,0.0,10254.0,21.2,3.3,0
ORD-00421,2025-12-05,Friday,13,Mostrador,Habitual,Bebidas frías,Limonada,3,2442.0,0.0,7327.0,7.6,4.7,1
ORD-02570,2025-12-05,Friday,13,Delivery,Habitual,Almuerzo,Wrap,1,5413.0,0.0,5413.0,22.4,4.6,0
ORD-05931,2025-12-05,Friday,13,Takeaway,Frecuente,Bebidas frías,Iced latte,1,3030.0,0.0,3030.0,12.8,3.9,1
ORD-06410,2025-12-05,Friday,13,Delivery,Frecuente,Almuerzo,Ensalada,2,4767.0,0.0,9534.0,16.4,4.7,0
ORD-03943,2025-12-05,Friday,14,Mostrador,Nuevo,Desayuno,Yogur + granola,2,3775.0,0.0,7550.0,5.0,5.0,1
ORD-04295,2025-12-05,Friday,14,Takeaway,Nuevo,Café,Espresso,1,1653.0,0.05,1570.0,10.3,5.0,1
ORD-05983,2025-12-05,Friday,15,Mostrador,Nuevo,Almuerzo,Wrap,1,4359.0,0.0,4359.0,4.9,5.0,0
ORD-00024,2025-12-05,Friday,16,Mostrador,Frecuente,Desayuno,Combo desayuno,1,3561.0,0.1,3205.0,5.6,5.0,0
ORD-04268,2025-12-05,Friday,16,Mostrador,Nuevo,Bebidas frías,Licuado,1,2717.0,0.0,2717.0,6.0,4.4,0
ORD-04369,2025-12-05,Friday,16,Takeaway,Nuevo,Bebidas frías,Iced latte,1,2885.0,0.1,2596.0,5.6,4.7,0
ORD-05160,2025-12-05,Friday,16,Takeaway,Nuevo,Pastelería,Croissant,1,1662.0,0.0,1662.0,7.3,3.4,0
ORD-00862,2025-12-05,Friday,17,Mostrador,Frecuente,Almuerzo,Wrap,2,4908.0,0.0,9816.0,5.4,5.0,1
ORD-01182,2025-12-05,Friday,19,Takeaway,Habitual,Café,Cortado,1,1747.0,0.0,1747.0,4.6,5.0,0
ORD-04232,2025-12-05,Friday,19,Mostrador,Nuevo,Café,Cortado,1,1725.0,0.0,1725.0,6.7,3.7,1
ORD-00438,2025-12-05,Friday,20,Mostrador,Nuevo,Café,Americano,3,1843.0,0.0,5529.0,5.3,5.0,1
ORD-03643,2025-12-06,Saturday,8,Takeaway,Habitual,Almuerzo,Tostado,2,4808.0,0.05,9135.0,11.4,5.0,0
ORD-04840,2025-12-06,Saturday,9,Mostrador,Nuevo,Pastelería,Cookie,1,1688.0,0.0,1688.0,10.0,5.0,0
ORD-00722,2025-12-06,Saturday,10,Mostrador,Nuevo,Bebidas frías,Cold brew,1,2970.0,0.0,2970.0,6.1,4.7,0
ORD-03114,2025-12-06,Saturday,10,Mostrador,Habitual,Café,Latte,1,1763.0,0.0,1763.0,9.9,4.8,1
ORD-03313,2025-12-06,Saturday,10,Takeaway,Habitual,Café,Latte,1,1839.0,0.0,1839.0,6.3,4.0,0
ORD-00693,2025-12-06,Saturday,11,Delivery,Habitual,Café,Espresso,1,1770.0,0.0,1770.0,21.7,3.5,1
ORD-01751,2025-12-06,Saturday,11,Mostrador,Nuevo,Café,Flat White,1,1757.0,0.0,1757.0,4.1,4.2,0
ORD-05157,2025-12-06,Saturday,11,Takeaway,Frecuente,Pastelería,Tostada dulce,1,1524.0,0.0,1524.0,5.8,4.4,0
ORD-05651,2025-12-06,Saturday,11,Mostrador,Nuevo,Café,Americano,3,1832.0,0.0,5496.0,4.0,5.0,0
ORD-05948,2025-12-06,Saturday,11,Mostrador,Nuevo,Café,Cortado,1,1785.0,0.0,1785.0,6.8,4.8,0
ORD-01516,2025-12-06,Saturday,12,Mostrador,Habitual,Café,Latte,3,2007.0,0.0,6020.0,10.6,4.5,1
ORD-05901,2025-12-06,Saturday,12,Takeaway,Habitual,Almuerzo,Bagel,1,5566.0,0.0,5566.0,14.4,3.6,0
ORD-02862,2025-12-06,Saturday,13,Mostrador,Nuevo,Pastelería,Tostada dulce,1,1568.0,0.0,1568.0,7.5,5.0,0
ORD-03003,2025-12-06,Saturday,13,Mostrador,Nuevo,Desayuno,Yogur + granola,2,3902.0,0.0,7805.0,9.5,4.0,0
ORD-04132,2025-12-06,Saturday,13,Mostrador,Nuevo,Almuerzo,Tostado,3,4902.0,0.0,14706.0,5.4,4.0,1
ORD-04292,2025-12-06,Saturday,13,Takeaway,Habitual,Pastelería,Croissant,2,1800.0,0.05,3420.0,12.5,4.3,0
ORD-01143,2025-12-06,Saturday,14,Delivery,Frecuente,Desayuno,Combo desayuno,1,3977.0,0.05,3778.0,20.0,3.8,0
ORD-02413,2025-12-06,Saturday,14,Mostrador,Habitual,Desayuno,Combo desayuno,3,4549.0,0.05,12964.0,7.4,4.3,0
ORD-02675,2025-12-06,Saturday,14,Mostrador,Nuevo,Café,Americano,2,1838.0,0.0,3677.0,12.8,4.4,0
ORD-04088,2025-12-06,Saturday,14,Mostrador,Nuevo,Café,Espresso,1,1692.0,0.0,1692.0,4.8,5.0,0
ORD-06173,2025-12-06,Saturday,15,Mostrador,Nuevo,Café,Flat White,1,2193.0,0.0,2193.0,8.5,3.4,0
ORD-03896,2025-12-06,Saturday,16,Takeaway,Habitual,Almuerzo,Bagel,1,5724.0,0.05,5438.0,8.2,4.8,0
ORD-02493,2025-12-06,Saturday,17,Mostrador,Nuevo,Pastelería,Budín,1,1582.0,0.0,1582.0,4.3,5.0,1
ORD-02733,2025-12-06,Saturday,17,Mostrador,Nuevo,Café,Cortado,1,2059.0,0.0,2059.0,7.0,5.0,0
ORD-05804,2025-12-06,Saturday,17,Takeaway,Frecuente,Café,Cortado,2,1873.0,0.0,3746.0,12.0,4.3,1
ORD-04380,2025-12-06,Saturday,18,Mostrador,Nuevo,Bebidas frías,Cold brew,2,2696.0,0.05,5122.0,4.5,5.0,0
ORD-04436,2025-12-06,Saturday,18,Mostrador,Nuevo,Café,Espresso,1,1731.0,0.0,1731.0,2.0,4.9,0
ORD-02500,2025-12-06,Saturday,20,Mostrador,Habitual,Pastelería,Budín,2,1465.0,0.0,2930.0,5.5,5.0,1
ORD-05738,2025-12-06,Saturday,20,Takeaway,Habitual,Café,Cortado,1,1615.0,0.0,1615.0,9.8,4.5,0
ORD-01977,2025-12-07,Sunday,10,Mostrador,Frecuente,Café,Latte,1,1877.0,0.05,1783.0,12.2,3.9,0
ORD-00491,2025-12-07,Sunday,11,Mostrador,Frecuente,Almuerzo,Tostado,1,5442.0,0.0,5442.0,4.7,4.7,1
ORD-02228,2025-12-07,Sunday,13,Mostrador,Nuevo,Desayuno,Yogur + granola,2,4806.0,0.0,9612.0,7.3,4.0,0
ORD-00470,2025-12-07,Sunday,14,Takeaway,Frecuente,Pastelería,Tostada dulce,1,1650.0,0.0,1650.0,11.6,3.8,0
ORD-04273,2025-12-07,Sunday,14,Takeaway,Habitual,Pastelería,Cookie,1,1533.0,0.0,1533.0,11.6,4.9,0
ORD-06400,2025-12-07,Sunday,14,Mostrador,Nuevo,Café,Latte,2,1772.0,0.0,3543.0,10.4,4.4,0
ORD-04989,2025-12-07,Sunday,15,Mostrador,Nuevo,Pastelería,Medialuna,1,1712.0,0.05,1627.0,5.2,5.0,0
ORD-01273,2025-12-07,Sunday,17,Delivery,Frecuente,Desayuno,Yogur + granola,1,3404.0,0.0,3404.0,18.9,4.4,1
ORD-03734,2025-12-07,Sunday,17,Mostrador,Habitual,Pastelería,Croissant,1,1470.0,0.0,1470.0,5.8,4.7,0
ORD-02572,2025-12-07,Sunday,18,Mostrador,Nuevo,Desayuno,Tostadas,1,4581.0,0.0,4581.0,7.2,5.0,1
ORD-01533,2025-12-07,Sunday,19,Mostrador,Nuevo,Café,Cortado,1,1593.0,0.0,1593.0,5.4,4.1,1
ORD-05248,2025-12-07,Sunday,19,Mostrador,Nuevo,Café,Latte,1,1861.0,0.1,1675.0,4.4,4.5,0
ORD-02887,2025-12-07,Sunday,20,Mostrador,Frecuente,Bebidas frías,Limonada,2,2613.0,0.15,4443.0,11.8,4.0,1
ORD-04820,2025-12-07,Sunday,20,Delivery,Habitual,Desayuno,Combo desayuno,2,3863.0,0.0,7727.0,18.4,3.9,0
ORD-05977,2025-12-07,Sunday,20,Mostrador,Habitual,Café,Latte,2,1789.0,0.0,3578.0,7.0,4.5,0
ORD-02878,2025-12-08,Monday,7,Mostrador,Nuevo,Café,Espresso,1,1879.0,0.0,1879.0,3.0,4.9,0
ORD-00764,2025-12-08,Monday,8,Mostrador,Habitual,Desayuno,Combo desayuno,1,4147.0,0.1,3732.0,11.7,4.7,1
ORD-02695,2025-12-08,Monday,8,Mostrador,Nuevo,Pastelería,Tostada dulce,1,1417.0,0.05,1347.0,10.5,4.7,0
ORD-02169,2025-12-08,Monday,10,Delivery,Nuevo,Almuerzo,Wrap,1,5418.0,0.15,4606.0,21.0,4.7,0
ORD-02942,2025-12-08,Monday,10,Mostrador,Nuevo,Desayuno,Tostadas,1,4463.0,0.0,4463.0,7.6,4.3,1
ORD-00754,2025-12-08,Monday,11,Takeaway,Habitual,Bebidas frías,Cold brew,1,2655.0,0.05,2522.0,9.4,5.0,0
ORD-01766,2025-12-08,Monday,12,Mostrador,Frecuente,Desayuno,Combo desayuno,2,3712.0,0.0,7423.0,8.7,4.0,1
ORD-02148,2025-12-08,Monday,12,Mostrador,Habitual,Pastelería,Medialuna,2,1560.0,0.0,3120.0,10.1,4.6,0
ORD-02631,2025-12-08,Monday,12,Takeaway,Frecuente,Café,Cortado,3,1641.0,0.05,4677.0,8.5,5.0,1
ORD-05949,2025-12-08,Monday,12,Takeaway,Habitual,Café,Cortado,2,1904.0,0.0,3807.0,10.2,4.2,0
ORD-02289,2025-12-08,Monday,13,Takeaway,Nuevo,Desayuno,Combo desayuno,1,5007.0,0.1,4506.0,10.1,5.0,0
ORD-02791,2025-12-08,Monday,13,Mostrador,Habitual,Desayuno,Avocado toast,3,4379.0,0.0,13138.0,13.3,3.8,0
ORD-05197,2025-12-08,Monday,13,Mostrador,Frecuente,Café,Espresso,1,1760.0,0.1,1584.0,6.1,4.9,0
ORD-02649,2025-12-08,Monday,14,Mostrador,Nuevo,Bebidas frías,Licuado,1,2654.0,0.0,2654.0,7.4,3.7,1
ORD-02782,2025-12-08,Monday,14,Mostrador,Nuevo,Almuerzo,Bagel,2,5669.0,0.05,10771.0,3.9,4.9,0
ORD-02953,2025-12-08,Monday,14,Takeaway,Nuevo,Café,Americano,1,1631.0,0.0,1631.0,12.2,4.6,1
ORD-03439,2025-12-08,Monday,14,Mostrador,Nuevo,Café,Espresso,2,1523.0,0.15,2590.0,9.4,3.4,0
ORD-05399,2025-12-08,Monday,14,Mostrador,Nuevo,Pastelería,Cookie,2,1552.0,0.05,2948.0,7.4,4.7,0
ORD-01443,2025-12-08,Monday,16,Takeaway,Frecuente,Bebidas frías,Iced latte,1,2808.0,0.0,2808.0,7.1,5.0,1
ORD-04208,2025-12-08,Monday,17,Mostrador,Habitual,Almuerzo,Ensalada,1,4901.0,0.1,4411.0,2.0,4.7,1
ORD-00348,2025-12-08,Monday,18,Delivery,Nuevo,Café,Cortado,2,1798.0,0.1,3237.0,17.9,4.2,0
ORD-00409,2025-12-08,Monday,18,Mostrador,Nuevo,Desayuno,Tostadas,3,3943.0,0.0,11830.0,2.0,5.0,0
ORD-02458,2025-12-08,Monday,18,Mostrador,Habitual,Café,Americano,1,1959.0,0.0,1959.0,2.7,4.2,1
ORD-00680,2025-12-08,Monday,19,Takeaway,Nuevo,Café,Latte,1,1914.0,0.0,1914.0,6.0,5.0,0
ORD-00382,2025-12-08,Monday,20,Mostrador,Habitual,Café,Americano,1,1807.0,0.05,1717.0,4.3,4.1,1
ORD-05578,2025-12-08,Monday,20,Mostrador,Nuevo,Café,Flat White,1,2017.0,0.0,2017.0,2.0,5.0,0
ORD-05099,2025-12-09,Tuesday,7,Mostrador,Nuevo,Pastelería,Tostada dulce,2,1544.0,0.05,2933.0,7.8,4.3,1
ORD-04404,2025-12-09,Tuesday,8,Mostrador,Habitual,Desayuno,Combo desayuno,1,3756.0,0.0,3756.0,6.8,4.6,0
ORD-03352,2025-12-09,Tuesday,10,Mostrador,Nuevo,Bebidas frías,Iced latte,1,2916.0,0.0,2916.0,6.0,5.0,0
ORD-04477,2025-12-09,Tuesday,10,Mostrador,Frecuente,Pastelería,Budín,2,1787.0,0.0,3574.0,14.7,3.9,0
ORD-06220,2025-12-09,Tuesday,11,Takeaway,Habitual,Desayuno,Yogur + granola,1,3898.0,0.0,3898.0,6.1,5.0,1
ORD-01447,2025-12-09,Tuesday,13,Mostrador,Nuevo,Pastelería,Medialuna,1,1502.0,0.0,1502.0,7.0,4.8,0
ORD-02233,2025-12-09,Tuesday,13,Mostrador,Habitual,Pastelería,Croissant,1,1697.0,0.1,1527.0,9.3,4.1,0
ORD-05712,2025-12-09,Tuesday,13,Mostrador,Habitual,Bebidas frías,Cold brew,1,2641.0,0.05,2509.0,8.9,4.3,0
ORD-00181,2025-12-09,Tuesday,14,Mostrador,Habitual,Almuerzo,Ensalada,1,5029.0,0.0,5029.0,10.7,5.0,1
ORD-03172,2025-12-09,Tuesday,14,Delivery,Nuevo,Almuerzo,Bagel,2,5699.0,0.0,11399.0,23.0,3.2,1
ORD-03553,2025-12-09,Tuesday,14,Delivery,Habitual,Desayuno,Avocado toast,1,3949.0,0.0,3949.0,24.2,4.2,1
ORD-03921,2025-12-09,Tuesday,14,Delivery,Habitual,Almuerzo,Wrap,1,5503.0,0.0,5503.0,21.1,3.8,0
ORD-01689,2025-12-09,Tuesday,15,Takeaway,Nuevo,Pastelería,Cookie,2,1570.0,0.0,3140.0,6.9,4.6,0
ORD-06362,2025-12-09,Tuesday,16,Mostrador,Nuevo,Café,Americano,1,1884.0,0.0,1884.0,3.4,4.3,1
ORD-00286,2025-12-09,Tuesday,17,Delivery,Habitual,Café,Flat White,1,1630.0,0.0,1630.0,16.1,4.3,1
ORD-00319,2025-12-09,Tuesday,18,Mostrador,Nuevo,Bebidas frías,Iced latte,3,2837.0,0.0,8512.0,2.0,4.6,0
ORD-03743,2025-12-09,Tuesday,19,Takeaway,Frecuente,Desayuno,Yogur + granola,1,4886.0,0.0,4886.0,4.8,5.0,0
ORD-06201,2025-12-09,Tuesday,19,Mostrador,Nuevo,Café,Americano,1,1557.0,0.05,1479.0,5.4,5.0,1
ORD-06373,2025-12-09,Tuesday,19,Mostrador,Nuevo,Café,Flat White,1,1763.0,0.0,1763.0,4.2,5.0,0
ORD-05016,2025-12-09,Tuesday,20,Takeaway,Habitual,Pastelería,Medialuna,1,1444.0,0.1,1299.0,10.5,4.5,0
ORD-01910,2025-12-10,Wednesday,12,Delivery,Habitual,Pastelería,Medialuna,1,1421.0,0.0,1421.0,20.4,4.0,1
ORD-01109,2025-12-10,Wednesday,14,Takeaway,Frecuente,Desayuno,Yogur + granola,2,4262.0,0.0,8524.0,12.1,3.9,1
ORD-01874,2025-12-10,Wednesday,14,Takeaway,Habitual,Café,Espresso,1,1867.0,0.0,1867.0,15.9,4.3,0
ORD-02713,2025-12-10,Wednesday,14,Mostrador,Nuevo,Almuerzo,Ensalada,3,5365.0,0.0,16094.0,7.9,4.1,0
ORD-03688,2025-12-10,Wednesday,14,Mostrador,Habitual,Café,Espresso,3,1837.0,0.0,5511.0,7.6,3.8,0
ORD-04381,2025-12-10,Wednesday,14,Delivery,Habitual,Café,Flat White,2,1835.0,0.0,3669.0,21.1,4.5,0
ORD-05776,2025-12-10,Wednesday,14,Takeaway,Nuevo,Café,Flat White,1,1620.0,0.0,1620.0,12.5,3.9,1
ORD-02097,2025-12-10,Wednesday,16,Takeaway,Habitual,Desayuno,Avocado toast,1,3751.0,0.0,3751.0,9.5,4.0,0
ORD-00936,2025-12-10,Wednesday,17,Mostrador,Nuevo,Desayuno,Combo desayuno,1,3907.0,0.0,3907.0,6.5,4.7,0
ORD-01837,2025-12-10,Wednesday,17,Takeaway,Habitual,Café,Flat White,2,2036.0,0.05,3869.0,5.2,4.4,1
ORD-00081,2025-12-10,Wednesday,19,Takeaway,Frecuente,Café,Cortado,2,1980.0,0.0,3960.0,6.6,5.0,0
ORD-04074,2025-12-10,Wednesday,19,Takeaway,Nuevo,Pastelería,Cookie,1,1730.0,0.0,1730.0,8.9,5.0,0
ORD-05014,2025-12-10,Wednesday,19,Mostrador,Nuevo,Café,Americano,1,1647.0,0.0,1647.0,2.0,5.0,0
ORD-06325,2025-12-11,Thursday,8,Takeaway,Nuevo,Almuerzo,Ensalada,1,4924.0,0.0,4924.0,8.8,4.5,1
ORD-06260,2025-12-11,Thursday,9,Takeaway,Habitual,Almuerzo,Bagel,1,5733.0,0.1,5159.0,12.4,4.3,0
ORD-05532,2025-12-11,Thursday,10,Mostrador,Habitual,Pastelería,Cookie,1,1615.0,0.0,1615.0,9.9,5.0,0
ORD-03310,2025-12-11,Thursday,11,Mostrador,Nuevo,Café,Latte,2,1774.0,0.0,3547.0,6.1,4.4,0
ORD-04965,2025-12-11,Thursday,11,Takeaway,Habitual,Desayuno,Yogur + granola,1,4987.0,0.0,4987.0,7.6,3.7,1
ORD-04237,2025-12-11,Thursday,12,Mostrador,Nuevo,Bebidas frías,Iced latte,1,2829.0,0.0,2829.0,14.8,3.5,1
ORD-02828,2025-12-11,Thursday,13,Delivery,Nuevo,Almuerzo,Ensalada,1,5477.0,0.0,5477.0,25.9,4.0,0
ORD-03956,2025-12-11,Thursday,13,Takeaway,Habitual,Almuerzo,Bagel,2,5086.0,0.0,10172.0,14.5,3.4,1
ORD-04723,2025-12-11,Thursday,14,Mostrador,Nuevo,Pastelería,Cookie,2,1445.0,0.0,2890.0,5.1,4.3,0
ORD-03705,2025-12-11,Thursday,16,Mostrador,Frecuente,Almuerzo,Bagel,1,5846.0,0.0,5846.0,5.9,4.5,0
ORD-05198,2025-12-11,Thursday,16,Mostrador,Frecuente,Desayuno,Avocado toast,1,4415.0,0.0,4415.0,4.2,5.0,1
ORD-05397,2025-12-11,Thursday,16,Delivery,Frecuente,Almuerzo,Ensalada,1,5171.0,0.1,4654.0,20.7,4.3,0
ORD-01681,2025-12-11,Thursday,17,Mostrador,Nuevo,Pastelería,Budín,3,1553.0,0.0,4659.0,6.3,5.0,0
ORD-03462,2025-12-11,Thursday,18,Mostrador,Frecuente,Café,Espresso,2,2112.0,0.0,4223.0,7.6,4.4,0
ORD-04960,2025-12-11,Thursday,20,Takeaway,Habitual,Café,Americano,2,1707.0,0.0,3414.0,7.7,4.0,0
ORD-00949,2025-12-12,Friday,10,Delivery,Nuevo,Pastelería,Croissant,1,1524.0,0.0,1524.0,20.0,4.8,0
ORD-02620,2025-12-12,Friday,11,Mostrador,Nuevo,Café,Espresso,1,1821.0,0.0,1821.0,8.6,4.8,0
ORD-02054,2025-12-12,Friday,12,Takeaway,Frecuente,Pastelería,Medialuna,2,1687.0,0.05,3206.0,14.1,4.0,0
ORD-04911,2025-12-12,Friday,13,Takeaway,Frecuente,Café,Cortado,1,1841.0,0.0,1841.0,11.5,4.9,1
ORD-00926,2025-12-12,Friday,14,Mostrador,Nuevo,Pastelería,Budín,1,1656.0,0.0,1656.0,9.6,4.0,0
ORD-02918,2025-12-12,Friday,14,Takeaway,Nuevo,Pastelería,Cookie,2,1763.0,0.05,3349.0,10.9,4.8,1
ORD-03961,2025-12-12,Friday,14,Mostrador,Nuevo,Bebidas frías,Cold brew,3,2105.0,0.0,6316.0,6.9,4.9,1
ORD-00383,2025-12-12,Friday,15,Mostrador,Frecuente,Café,Flat White,2,1993.0,0.0,3987.0,3.4,4.8,1
ORD-00694,2025-12-12,Friday,15,Takeaway,Nuevo,Bebidas frías,Licuado,1,2818.0,0.0,2818.0,3.3,4.8,0
ORD-02221,2025-12-12,Friday,15,Takeaway,Habitual,Pastelería,Budín,1,1643.0,0.1,1478.0,7.9,5.0,0
ORD-02397,2025-12-12,Friday,15,Mostrador,Habitual,Café,Cortado,1,1731.0,0.0,1731.0,2.2,5.0,0
ORD-04438,2025-12-12,Friday,16,Mostrador,Nuevo,Café,Espresso,1,2098.0,0.05,1993.0,3.8,4.9,0
ORD-05057,2025-12-12,Friday,16,Mostrador,Nuevo,Almuerzo,Wrap,1,5344.0,0.0,5344.0,2.3,5.0,0
ORD-05501,2025-12-12,Friday,16,Takeaway,Frecuente,Bebidas frías,Iced latte,1,2929.0,0.05,2783.0,9.7,5.0,0
ORD-04122,2025-12-12,Friday,18,Mostrador,Habitual,Café,Espresso,1,1692.0,0.0,1692.0,2.2,5.0,1
ORD-02744,2025-12-12,Friday,19,Takeaway,Nuevo,Almuerzo,Tostado,1,5256.0,0.0,5256.0,8.3,4.5,0
ORD-06483,2025-12-12,Friday,20,Mostrador,Nuevo,Café,Flat White,1,1677.0,0.0,1677.0,2.0,5.0,0
ORD-02908,2025-12-13,Saturday,8,Takeaway,Habitual,Almuerzo,Tostado,1,4784.0,0.0,4784.0,13.3,4.7,0
ORD-01421,2025-12-13,Saturday,10,Mostrador,Frecuente,Desayuno,Tostadas,1,4125.0,0.0,4125.0,7.5,4.8,0
ORD-05108,2025-12-13,Saturday,10,Mostrador,Nuevo,Almuerzo,Tostado,2,5077.0,0.05,9646.0,11.8,4.7,1
ORD-06034,2025-12-13,Saturday,10,Mostrador,Habitual,Desayuno,Combo desayuno,2,3963.0,0.1,7133.0,3.0,5.0,0
ORD-04687,2025-12-13,Saturday,11,Mostrador,Habitual,Café,Americano,1,1618.0,0.1,1456.0,8.1,5.0,0
ORD-05006,2025-12-13,Saturday,11,Takeaway,Nuevo,Café,Espresso,2,1950.0,0.0,3901.0,10.2,4.0,0
ORD-00640,2025-12-13,Saturday,12,Mostrador,Nuevo,Almuerzo,Wrap,1,5282.0,0.0,5282.0,6.4,5.0,0
ORD-03186,2025-12-13,Saturday,13,Mostrador,Habitual,Almuerzo,Bagel,1,5296.0,0.0,5296.0,17.1,4.7,0
ORD-03441,2025-12-13,Saturday,13,Mostrador,Nuevo,Desayuno,Tostadas,1,4224.0,0.0,4224.0,10.0,4.8,0
ORD-00965,2025-12-13,Saturday,14,Takeaway,Nuevo,Café,Espresso,3,1777.0,0.0,5332.0,14.3,4.0,0
ORD-01727,2025-12-13,Saturday,14,Mostrador,Habitual,Desayuno,Combo desayuno,2,3766.0,0.0,7531.0,11.2,3.8,1
ORD-02528,2025-12-13,Saturday,14,Takeaway,Frecuente,Café,Americano,1,1758.0,0.0,1758.0,13.8,3.9,0
ORD-05382,2025-12-13,Saturday,14,Mostrador,Nuevo,Café,Americano,2,1716.0,0.05,3260.0,5.8,5.0,0
ORD-02028,2025-12-13,Saturday,16,Mostrador,Frecuente,Almuerzo,Ensalada,2,4517.0,0.0,9035.0,9.5,4.4,1
ORD-00571,2025-12-13,Saturday,17,Takeaway,Frecuente,Café,Americano,1,1610.0,0.0,1610.0,12.0,3.7,0
ORD-04468,2025-12-13,Saturday,17,Takeaway,Habitual,Almuerzo,Wrap,2,5110.0,0.0,10219.0,4.8,4.2,0
ORD-05200,2025-12-13,Saturday,17,Mostrador,Nuevo,Pastelería,Tostada dulce,1,1749.0,0.05,1662.0,7.7,3.7,0
ORD-04602,2025-12-13,Saturday,18,Takeaway,Nuevo,Almuerzo,Ensalada,2,5001.0,0.0,10002.0,4.6,5.0,1
ORD-00763,2025-12-13,Saturday,19,Mostrador,Habitual,Bebidas frías,Licuado,1,2277.0,0.0,2277.0,2.0,4.9,0
ORD-05673,2025-12-14,Sunday,7,Mostrador,Nuevo,Almuerzo,Wrap,1,5626.0,0.0,5626.0,2.0,4.7,0
ORD-04006,2025-12-14,Sunday,8,Delivery,Habitual,Café,Cortado,2,1747.0,0.0,3494.0,18.7,4.4,0
ORD-04643,2025-12-14,Sunday,9,Mostrador,Habitual,Café,Cortado,1,1568.0,0.0,1568.0,9.9,5.0,0
ORD-00671,2025-12-14,Sunday,11,Mostrador,Habitual,Café,Espresso,2,1809.0,0.0,3617.0,5.5,5.0,0
ORD-06202,2025-12-14,Sunday,11,Mostrador,Nuevo,Pastelería,Medialuna,2,1535.0,0.0,3069.0,6.4,5.0,1
ORD-00340,2025-12-14,Sunday,12,Mostrador,Habitual,Pastelería,Medialuna,2,1758.0,0.0,3516.0,8.2,5.0,1
ORD-02387,2025-12-14,Sunday,12,Mostrador,Habitual,Almuerzo,Bagel,1,5595.0,0.05,5316.0,2.2,5.0,1
ORD-03840,2025-12-14,Sunday,12,Mostrador,Nuevo,Café,Americano,1,1952.0,0.0,1952.0,7.0,4.5,0
ORD-01295,2025-12-14,Sunday,13,Takeaway,Habitual,Desayuno,Tostadas,1,3811.0,0.0,3811.0,8.3,4.8,0
ORD-01930,2025-12-14,Sunday,14,Mostrador,Habitual,Almuerzo,Ensalada,2,5196.0,0.15,8833.0,7.7,4.7,0
ORD-04199,2025-12-14,Sunday,14,Delivery,Nuevo,Almuerzo,Ensalada,1,5294.0,0.0,5294.0,23.8,3.8,1
ORD-01832,2025-12-14,Sunday,15,Takeaway,Nuevo,Desayuno,Yogur + granola,1,3308.0,0.0,3308.0,3.2,4.7,1
ORD-03575,2025-12-14,Sunday,15,Takeaway,Habitual,Café,Americano,2,2170.0,0.0,4340.0,5.5,4.5,0
ORD-01934,2025-12-14,Sunday,16,Delivery,Habitual,Almuerzo,Tostado,1,4949.0,0.0,4949.0,20.0,3.2,1
ORD-03902,2025-12-14,Sunday,16,Mostrador,Nuevo,Pastelería,Cookie,1,1743.0,0.0,1743.0,10.2,3.6,1
ORD-01269,2025-12-14,Sunday,17,Mostrador,Habitual,Pastelería,Budín,2,1555.0,0.0,3110.0,4.8,5.0,0
ORD-00776,2025-12-14,Sunday,19,Mostrador,Habitual,Café,Americano,3,1656.0,0.0,4967.0,7.0,5.0,0
ORD-02122,2025-12-14,Sunday,20,Takeaway,Nuevo,Café,Americano,2,1749.0,0.0,3497.0,8.1,4.2,1
ORD-00448,2025-12-15,Monday,8,Takeaway,Frecuente,Café,Americano,1,1853.0,0.0,1853.0,11.8,4.2,0
ORD-02389,2025-12-15,Monday,8,Takeaway,Nuevo,Desayuno,Tostadas,2,4364.0,0.1,7855.0,16.1,4.2,0
ORD-04599,2025-12-15,Monday,11,Delivery,Nuevo,Café,Flat White,1,1543.0,0.1,1389.0,15.2,3.9,0
ORD-05648,2025-12-15,Monday,12,Mostrador,Nuevo,Bebidas frías,Licuado,3,2824.0,0.0,8471.0,12.0,5.0,0
ORD-06474,2025-12-15,Monday,13,Takeaway,Habitual,Pastelería,Budín,1,1549.0,0.0,1549.0,11.2,4.3,0
ORD-01784,2025-12-15,Monday,14,Takeaway,Habitual,Bebidas frías,Licuado,1,2864.0,0.05,2721.0,9.5,4.4,0
ORD-03036,2025-12-15,Monday,14,Mostrador,Frecuente,Almuerzo,Wrap,2,5697.0,0.0,11394.0,8.8,4.5,1
ORD-01440,2025-12-15,Monday,16,Mostrador,Nuevo,Café,Flat White,2,2056.0,0.05,3906.0,2.0,4.8,1
ORD-02165,2025-12-15,Monday,16,Delivery,Habitual,Café,Espresso,2,1851.0,0.0,3701.0,17.0,4.6,1
ORD-00293,2025-12-15,Monday,18,Takeaway,Nuevo,Pastelería,Cookie,1,1598.0,0.05,1519.0,3.4,4.7,1
ORD-00684,2025-12-16,Tuesday,8,Mostrador,Nuevo,Desayuno,Avocado toast,3,4081.0,0.0,12244.0,11.4,4.5,0
ORD-01083,2025-12-16,Tuesday,9,Mostrador,Nuevo,Café,Flat White,3,1766.0,0.0,5297.0,9.3,4.9,0
ORD-02543,2025-12-16,Tuesday,10,Mostrador,Habitual,Desayuno,Yogur + granola,2,4240.0,0.05,8055.0,12.2,4.5,1
ORD-00274,2025-12-16,Tuesday,13,Delivery,Habitual,Café,Americano,1,1888.0,0.0,1888.0,19.0,3.8,0
ORD-01054,2025-12-16,Tuesday,13,Mostrador,Nuevo,Pastelería,Tostada dulce,1,1580.0,0.0,1580.0,10.3,4.9,0
ORD-05070,2025-12-16,Tuesday,13,Mostrador,Nuevo,Bebidas frías,Cold brew,2,2631.0,0.0,5262.0,7.5,4.9,1
ORD-05715,2025-12-16,Tuesday,13,Takeaway,Nuevo,Desayuno,Combo desayuno,3,4417.0,0.0,13251.0,10.9,3.8,1
ORD-05898,2025-12-16,Tuesday,13,Takeaway,Nuevo,Café,Cortado,2,1949.0,0.0,3899.0,10.2,4.2,1
ORD-03488,2025-12-16,Tuesday,15,Takeaway,Habitual,Bebidas frías,Cold brew,2,3374.0,0.0,6748.0,7.3,3.9,0
ORD-04872,2025-12-16,Tuesday,15,Mostrador,Nuevo,Café,Espresso,1,1784.0,0.0,1784.0,5.8,5.0,0
ORD-02770,2025-12-16,Tuesday,19,Mostrador,Habitual,Café,Espresso,2,1780.0,0.05,3382.0,4.6,4.8,1
ORD-03398,2025-12-17,Wednesday,7,Mostrador,Habitual,Café,Espresso,3,1699.0,0.0,5096.0,9.5,4.8,1
ORD-00515,2025-12-17,Wednesday,8,Mostrador,Nuevo,Bebidas frías,Limonada,2,2699.0,0.0,5398.0,4.9,4.9,0
ORD-01810,2025-12-17,Wednesday,8,Takeaway,Habitual,Almuerzo,Wrap,1,5366.0,0.05,5098.0,11.6,4.3,1
ORD-00649,2025-12-17,Wednesday,10,Delivery,Habitual,Bebidas frías,Iced latte,1,2572.0,0.0,2572.0,26.4,3.3,0
ORD-03645,2025-12-17,Wednesday,10,Mostrador,Habitual,Almuerzo,Wrap,1,5256.0,0.0,5256.0,10.9,4.6,1
ORD-05431,2025-12-17,Wednesday,10,Mostrador,Nuevo,Café,Latte,2,1782.0,0.1,3207.0,14.3,4.7,1
ORD-06206,2025-12-17,Wednesday,10,Delivery,Frecuente,Almuerzo,Bagel,2,5404.0,0.0,10808.0,20.5,4.0,1
ORD-03211,2025-12-17,Wednesday,11,Mostrador,Habitual,Café,Americano,2,1662.0,0.0,3324.0,3.5,5.0,1
ORD-03839,2025-12-17,Wednesday,11,Takeaway,Habitual,Pastelería,Medialuna,1,1589.0,0.0,1589.0,5.2,4.7,0
ORD-04982,2025-12-17,Wednesday,11,Mostrador,Nuevo,Café,Espresso,1,1686.0,0.0,1686.0,3.8,4.0,1
ORD-04095,2025-12-17,Wednesday,12,Takeaway,Nuevo,Almuerzo,Ensalada,2,4468.0,0.05,8489.0,5.2,4.3,0
ORD-02117,2025-12-17,Wednesday,13,Mostrador,Nuevo,Bebidas frías,Cold brew,1,2791.0,0.15,2372.0,8.9,5.0,1
ORD-03004,2025-12-17,Wednesday,13,Mostrador,Habitual,Pastelería,Croissant,1,1838.0,0.0,1838.0,10.1,4.9,1
ORD-04937,2025-12-17,Wednesday,13,Mostrador,Nuevo,Almuerzo,Wrap,1,4857.0,0.0,4857.0,13.2,4.6,0
ORD-00683,2025-12-17,Wednesday,14,Mostrador,Frecuente,Pastelería,Budín,2,1356.0,0.0,2711.0,8.6,4.4,0
ORD-01448,2025-12-17,Wednesday,14,Mostrador,Nuevo,Almuerzo,Bagel,1,5001.0,0.0,5001.0,13.9,4.8,0
ORD-02731,2025-12-17,Wednesday,14,Delivery,Habitual,Pastelería,Tostada dulce,1,1483.0,0.05,1409.0,23.2,4.2,0
ORD-01223,2025-12-17,Wednesday,15,Delivery,Frecuente,Desayuno,Combo desayuno,2,4211.0,0.0,8422.0,19.9,4.6,0
ORD-01376,2025-12-17,Wednesday,15,Mostrador,Nuevo,Almuerzo,Ensalada,3,5484.0,0.0,16451.0,5.5,4.4,1
ORD-03753,2025-12-17,Wednesday,15,Mostrador,Frecuente,Café,Flat White,2,1965.0,0.0,3931.0,5.7,4.9,1
ORD-00751,2025-12-17,Wednesday,16,Mostrador,Frecuente,Desayuno,Yogur + granola,1,4589.0,0.0,4589.0,5.6,4.7,0
ORD-01700,2025-12-17,Wednesday,16,Mostrador,Nuevo,Bebidas frías,Cold brew,1,3145.0,0.0,3145.0,8.7,4.5,0
ORD-00195,2025-12-17,Wednesday,18,Mostrador,Nuevo,Café,Espresso,1,1994.0,0.0,1994.0,2.7,5.0,0
ORD-00451,2025-12-17,Wednesday,18,Takeaway,Habitual,Pastelería,Medialuna,2,1674.0,0.0,3348.0,12.0,4.0,0
ORD-01939,2025-12-17,Wednesday,18,Takeaway,Habitual,Desayuno,Yogur + granola,2,4590.0,0.1,8262.0,2.6,4.7,0
ORD-03383,2025-12-17,Wednesday,18,Mostrador,Nuevo,Pastelería,Tostada dulce,2,1327.0,0.0,2654.0,5.8,4.6,0
ORD-05244,2025-12-17,Wednesday,18,Mostrador,Nuevo,Bebidas frías,Limonada,1,2587.0,0.0,2587.0,5.7,5.0,0
ORD-03635,2025-12-17,Wednesday,19,Takeaway,Nuevo,Café,Cortado,3,1702.0,0.05,4851.0,8.0,4.9,0
ORD-05975,2025-12-18,Thursday,8,Delivery,Nuevo,Café,Espresso,3,1891.0,0.0,5674.0,22.5,3.7,1
ORD-00999,2025-12-18,Thursday,11,Mostrador,Nuevo,Pastelería,Croissant,1,1526.0,0.0,1526.0,7.4,5.0,0
ORD-05053,2025-12-18,Thursday,11,Mostrador,Nuevo,Desayuno,Combo desayuno,1,4760.0,0.0,4760.0,5.1,4.9,0
ORD-06144,2025-12-18,Thursday,11,Takeaway,Habitual,Café,Flat White,2,1909.0,0.0,3818.0,8.4,4.7,0
ORD-02363,2025-12-18,Thursday,12,Takeaway,Nuevo,Pastelería,Medialuna,1,1463.0,0.05,1390.0,12.1,3.9,0
ORD-02670,2025-12-18,Thursday,12,Mostrador,Habitual,Pastelería,Cookie,2,1941.0,0.1,3493.0,8.6,4.6,0
ORD-00337,2025-12-18,Thursday,13,Takeaway,Nuevo,Almuerzo,Bagel,1,5597.0,0.0,5597.0,7.7,4.6,1
ORD-00503,2025-12-18,Thursday,13,Delivery,Nuevo,Pastelería,Budín,2,1595.0,0.0,3190.0,25.2,4.7,0
ORD-01369,2025-12-18,Thursday,13,Mostrador,Habitual,Bebidas frías,Iced latte,1,3022.0,0.05,2871.0,6.5,4.4,0
ORD-02814,2025-12-18,Thursday,13,Delivery,Habitual,Bebidas frías,Iced latte,1,2585.0,0.0,2585.0,19.6,4.2,0
ORD-00853,2025-12-18,Thursday,14,Delivery,Frecuente,Bebidas frías,Limonada,1,2882.0,0.0,2882.0,20.6,3.1,0
ORD-02513,2025-12-18,Thursday,16,Mostrador,Nuevo,Almuerzo,Wrap,1,4874.0,0.0,4874.0,3.8,4.7,0
ORD-03664,2025-12-18,Thursday,16,Mostrador,Nuevo,Almuerzo,Tostado,2,4171.0,0.0,8341.0,7.3,5.0,0
ORD-06324,2025-12-18,Thursday,16,Mostrador,Nuevo,Pastelería,Budín,2,1656.0,0.1,2980.0,5.4,4.8,1
ORD-00200,2025-12-18,Thursday,17,Mostrador,Habitual,Café,Flat White,1,1745.0,0.0,1745.0,4.2,4.5,0
ORD-01210,2025-12-18,Thursday,17,Delivery,Nuevo,Café,Espresso,1,1647.0,0.0,1647.0,18.0,3.5,0
ORD-02677,2025-12-18,Thursday,17,Takeaway,Nuevo,Bebidas frías,Iced latte,2,2903.0,0.05,5516.0,7.0,4.5,1
ORD-01377,2025-12-18,Thursday,18,Mostrador,Nuevo,Pastelería,Tostada dulce,1,1577.0,0.0,1577.0,4.0,4.9,0
ORD-01243,2025-12-18,Thursday,20,Mostrador,Frecuente,Almuerzo,Tostado,3,5214.0,0.1,14079.0,5.9,4.8,1
ORD-02143,2025-12-18,Thursday,20,Takeaway,Frecuente,Café,Flat White,1,1695.0,0.1,1525.0,8.0,4.9,1
ORD-03689,2025-12-19,Friday,9,Mostrador,Frecuente,Pastelería,Croissant,3,1662.0,0.0,4987.0,9.5,4.3,1
ORD-03214,2025-12-19,Friday,12,Takeaway,Frecuente,Café,Espresso,1,1649.0,0.15,1401.0,9.1,4.4,0
ORD-02837,2025-12-19,Friday,14,Mostrador,Nuevo,Desayuno,Avocado toast,1,4132.0,0.0,4132.0,9.5,4.7,0
ORD-04510,2025-12-19,Friday,14,Takeaway,Frecuente,Café,Flat White,3,1986.0,0.0,5959.0,16.0,4.2,0
ORD-00609,2025-12-19,Friday,16,Takeaway,Habitual,Café,Flat White,1,1783.0,0.0,1783.0,10.1,4.5,0
ORD-06188,2025-12-19,Friday,16,Mostrador,Nuevo,Café,Latte,1,1866.0,0.1,1679.0,4.1,5.0,0
ORD-00466,2025-12-19,Friday,17,Mostrador,Habitual,Café,Cortado,1,1953.0,0.0,1953.0,5.5,5.0,1
ORD-02668,2025-12-19,Friday,17,Mostrador,Nuevo,Almuerzo,Tostado,3,4549.0,0.0,13648.0,5.8,4.2,0
ORD-04357,2025-12-19,Friday,17,Takeaway,Habitual,Pastelería,Medialuna,3,1446.0,0.0,4337.0,9.2,5.0,0
ORD-04987,2025-12-19,Friday,19,Takeaway,Frecuente,Pastelería,Tostada dulce,1,1633.0,0.05,1551.0,4.3,5.0,0
ORD-02806,2025-12-20,Saturday,8,Mostrador,Frecuente,Desayuno,Combo desayuno,2,3958.0,0.0,7916.0,8.1,4.5,1
ORD-02599,2025-12-20,Saturday,9,Delivery,Habitual,Bebidas frías,Licuado,1,3081.0,0.0,3081.0,24.6,4.5,0
ORD-05924,2025-12-20,Saturday,10,Mostrador,Habitual,Café,Americano,1,1596.0,0.0,1596.0,9.0,4.7,0
ORD-00417,2025-12-20,Saturday,11,Delivery,Habitual,Almuerzo,Wrap,2,5307.0,0.0,10615.0,19.8,3.5,1
ORD-00797,2025-12-20,Saturday,11,Takeaway,Nuevo,Café,Cortado,2,1925.0,0.0,3850.0,6.9,5.0,0
ORD-01567,2025-12-20,Saturday,11,Mostrador,Nuevo,Desayuno,Tostadas,3,4375.0,0.05,12468.0,2.0,4.9,1
ORD-00861,2025-12-20,Saturday,12,Mostrador,Nuevo,Desayuno,Tostadas,3,4524.0,0.0,13572.0,13.8,5.0,0
ORD-04364,2025-12-20,Saturday,13,Mostrador,Habitual,Café,Flat White,1,1781.0,0.0,1781.0,9.8,4.8,1
ORD-02579,2025-12-20,Saturday,14,Mostrador,Frecuente,Desayuno,Combo desayuno,2,4668.0,0.15,7935.0,7.9,4.7,1
ORD-03944,2025-12-20,Saturday,14,Mostrador,Habitual,Desayuno,Tostadas,2,3802.0,0.0,7605.0,9.3,4.4,0
ORD-00064,2025-12-20,Saturday,15,Mostrador,Nuevo,Bebidas frías,Limonada,1,3124.0,0.0,3124.0,3.6,4.7,0
ORD-01226,2025-12-20,Saturday,15,Mostrador,Frecuente,Desayuno,Combo desayuno,1,4811.0,0.1,4330.0,8.8,4.6,0
ORD-03663,2025-12-20,Saturday,15,Takeaway,Habitual,Café,Flat White,1,2101.0,0.0,2101.0,2.0,5.0,0
ORD-03283,2025-12-20,Saturday,16,Mostrador,Nuevo,Desayuno,Yogur + granola,1,4230.0,0.0,4230.0,9.2,3.9,0
ORD-05814,2025-12-20,Saturday,17,Delivery,Habitual,Café,Americano,1,1938.0,0.05,1841.0,17.4,4.1,0
ORD-04360,2025-12-20,Saturday,18,Takeaway,Nuevo,Bebidas frías,Limonada,3,2947.0,0.0,8840.0,5.5,4.7,0
ORD-00208,2025-12-20,Saturday,19,Mostrador,Nuevo,Bebidas frías,Cold brew,1,2847.0,0.0,2847.0,6.7,4.3,1
ORD-00355,2025-12-20,Saturday,19,Takeaway,Nuevo,Desayuno,Avocado toast,1,4659.0,0.0,4659.0,9.3,4.4,1
ORD-04761,2025-12-20,Saturday,20,Delivery,Habitual,Desayuno,Combo desayuno,2,4325.0,0.0,8651.0,20.1,4.3,0
ORD-04325,2025-12-21,Sunday,7,Mostrador,Nuevo,Pastelería,Cookie,3,1465.0,0.0,4395.0,3.6,4.9,0
ORD-03511,2025-12-21,Sunday,8,Mostrador,Nuevo,Almuerzo,Wrap,1,4907.0,0.1,4417.0,6.6,5.0,0
ORD-01955,2025-12-21,Sunday,10,Mostrador,Habitual,Café,Espresso,1,1851.0,0.0,1851.0,13.6,4.2,0
ORD-00404,2025-12-21,Sunday,11,Mostrador,Nuevo,Pastelería,Tostada dulce,1,1849.0,0.0,1849.0,8.8,4.6,0
ORD-00959,2025-12-21,Sunday,13,Takeaway,Nuevo,Bebidas frías,Iced latte,3,2406.0,0.0,7219.0,13.3,4.1,0
ORD-03912,2025-12-21,Sunday,13,Mostrador,Habitual,Café,Americano,2,1881.0,0.05,3573.0,10.3,5.0,1
ORD-05094,2025-12-21,Sunday,13,Takeaway,Habitual,Desayuno,Tostadas,2,4130.0,0.1,7434.0,10.8,4.2,0
ORD-05422,2025-12-21,Sunday,13,Takeaway,Frecuente,Pastelería,Cookie,1,1642.0,0.0,1642.0,7.8,4.5,0
ORD-06425,2025-12-21,Sunday,13,Delivery,Nuevo,Café,Latte,1,2022.0,0.0,2022.0,24.6,4.4,0
ORD-02589,2025-12-21,Sunday,14,Takeaway,Habitual,Café,Latte,1,1804.0,0.0,1804.0,10.5,4.5,0
ORD-02611,2025-12-21,Sunday,15,Mostrador,Nuevo,Almuerzo,Ensalada,3,5008.0,0.0,15024.0,3.8,5.0,1
ORD-03516,2025-12-21,Sunday,15,Mostrador,Nuevo,Bebidas frías,Limonada,3,3127.0,0.1,8442.0,2.3,5.0,0
ORD-02542,2025-12-21,Sunday,16,Takeaway,Habitual,Bebidas frías,Licuado,1,2723.0,0.1,2451.0,6.0,4.7,0
ORD-02840,2025-12-21,Sunday,16,Takeaway,Habitual,Pastelería,Budín,1,1825.0,0.0,1825.0,3.0,5.0,0
ORD-03949,2025-12-21,Sunday,16,Mostrador,Habitual,Desayuno,Avocado toast,2,4100.0,0.0,8200.0,4.8,4.2,0
ORD-04582,2025-12-21,Sunday,16,Takeaway,Frecuente,Café,Americano,1,1908.0,0.0,1908.0,5.6,4.4,0
ORD-01233,2025-12-21,Sunday,17,Mostrador,Habitual,Café,Flat White,1,1819.0,0.0,1819.0,6.1,4.3,0
ORD-04136,2025-12-21,Sunday,17,Mostrador,Habitual,Bebidas frías,Cold brew,3,2807.0,0.0,8421.0,2.0,4.6,1
ORD-04793,2025-12-21,Sunday,18,Takeaway,Nuevo,Bebidas frías,Cold brew,1,2685.0,0.1,2417.0,8.1,4.4,0
ORD-00046,2025-12-21,Sunday,20,Takeaway,Nuevo,Pastelería,Cookie,1,1526.0,0.0,1526.0,5.0,4.1,0
ORD-03908,2025-12-21,Sunday,20,Mostrador,Habitual,Almuerzo,Bagel,2,4830.0,0.0,9660.0,7.5,4.8,0
ORD-00441,2025-12-22,Monday,8,Delivery,Nuevo,Café,Latte,2,1792.0,0.0,3585.0,29.3,4.2,0
ORD-00947,2025-12-22,Monday,10,Mostrador,Habitual,Desayuno,Avocado toast,1,4422.0,0.0,4422.0,7.4,4.9,0
ORD-00325,2025-12-22,Monday,12,Mostrador,Habitual,Bebidas frías,Cold brew,2,2551.0,0.05,4848.0,11.3,4.1,0
ORD-05649,2025-12-22,Monday,12,Delivery,Nuevo,Bebidas frías,Cold brew,1,2476.0,0.0,2476.0,22.9,3.5,0
ORD-02963,2025-12-22,Monday,13,Takeaway,Habitual,Bebidas frías,Limonada,1,3105.0,0.0,3105.0,10.5,5.0,0
ORD-04824,2025-12-22,Monday,13,Mostrador,Nuevo,Almuerzo,Bagel,1,6054.0,0.05,5751.0,10.1,4.6,0
ORD-04137,2025-12-22,Monday,14,Delivery,Nuevo,Bebidas frías,Cold brew,1,2860.0,0.1,2574.0,23.7,3.9,0
ORD-05794,2025-12-22,Monday,15,Mostrador,Nuevo,Café,Cortado,1,1987.0,0.05,1888.0,4.5,4.1,0
ORD-06427,2025-12-22,Monday,15,Takeaway,Nuevo,Pastelería,Budín,2,1595.0,0.0,3190.0,10.6,5.0,1
ORD-03355,2025-12-22,Monday,16,Mostrador,Nuevo,Café,Flat White,2,1819.0,0.15,3092.0,4.7,4.8,0
ORD-02750,2025-12-22,Monday,17,Mostrador,Habitual,Desayuno,Combo desayuno,3,3423.0,0.0,10270.0,6.2,5.0,0
ORD-06092,2025-12-23,Tuesday,7,Takeaway,Habitual,Bebidas frías,Licuado,3,2649.0,0.05,7550.0,5.6,4.7,0
ORD-01475,2025-12-23,Tuesday,9,Mostrador,Habitual,Café,Americano,2,2002.0,0.0,4004.0,10.4,4.2,0
ORD-02880,2025-12-23,Tuesday,10,Takeaway,Frecuente,Almuerzo,Tostado,1,4223.0,0.0,4223.0,11.6,4.0,1
ORD-04835,2025-12-23,Tuesday,10,Takeaway,Nuevo,Desayuno,Tostadas,2,3887.0,0.05,7385.0,8.0,3.8,0
ORD-01797,2025-12-23,Tuesday,11,Takeaway,Nuevo,Café,Espresso,2,1735.0,0.05,3297.0,7.4,4.9,0
ORD-02824,2025-12-23,Tuesday,11,Mostrador,Nuevo,Bebidas frías,Cold brew,1,2742.0,0.0,2742.0,4.3,4.6,1
ORD-02872,2025-12-23,Tuesday,13,Takeaway,Nuevo,Café,Americano,2,1841.0,0.0,3681.0,19.3,3.9,0
ORD-04154,2025-12-23,Tuesday,14,Mostrador,Nuevo,Café,Americano,2,1816.0,0.0,3631.0,12.0,5.0,0
ORD-02270,2025-12-23,Tuesday,15,Mostrador,Nuevo,Café,Espresso,2,1806.0,0.05,3432.0,10.1,5.0,0
ORD-03685,2025-12-23,Tuesday,15,Takeaway,Habitual,Almuerzo,Wrap,3,5348.0,0.0,16043.0,11.7,3.7,0
ORD-00012,2025-12-23,Tuesday,16,Mostrador,Nuevo,Bebidas frías,Iced latte,1,2696.0,0.0,2696.0,7.5,4.7,1
ORD-02132,2025-12-23,Tuesday,16,Takeaway,Nuevo,Café,Americano,1,1732.0,0.0,1732.0,5.5,4.5,1
ORD-02388,2025-12-23,Tuesday,16,Takeaway,Habitual,Almuerzo,Tostado,1,5762.0,0.0,5762.0,3.6,4.5,1
ORD-01250,2025-12-23,Tuesday,17,Delivery,Nuevo,Café,Flat White,1,1695.0,0.0,1695.0,20.3,4.7,0
ORD-04114,2025-12-23,Tuesday,17,Mostrador,Habitual,Café,Flat White,1,1871.0,0.0,1871.0,6.5,4.0,0
ORD-01649,2025-12-23,Tuesday,18,Mostrador,Habitual,Almuerzo,Bagel,3,5294.0,0.0,15883.0,4.6,4.7,0
ORD-03789,2025-12-23,Tuesday,18,Mostrador,Nuevo,Café,Cortado,3,1797.0,0.0,5390.0,6.4,4.8,0
ORD-04921,2025-12-23,Tuesday,20,Mostrador,Nuevo,Pastelería,Medialuna,2,1530.0,0.0,3059.0,6.4,4.5,0
ORD-04317,2025-12-24,Wednesday,8,Delivery,Nuevo,Desayuno,Yogur + granola,1,4400.0,0.0,4400.0,27.2,3.9,0
ORD-03426,2025-12-24,Wednesday,10,Mostrador,Habitual,Café,Flat White,2,2133.0,0.0,4267.0,11.0,4.2,0
ORD-05650,2025-12-24,Wednesday,10,Mostrador,Nuevo,Almuerzo,Ensalada,3,4820.0,0.05,13737.0,8.1,4.5,0
ORD-01746,2025-12-24,Wednesday,11,Mostrador,Nuevo,Café,Latte,1,1730.0,0.15,1471.0,5.0,4.4,0
ORD-04253,2025-12-24,Wednesday,11,Takeaway,Nuevo,Café,Cortado,1,1953.0,0.0,1953.0,7.9,4.4,0
ORD-00851,2025-12-24,Wednesday,12,Takeaway,Nuevo,Café,Americano,2,1652.0,0.0,3303.0,8.5,3.9,0
ORD-01381,2025-12-24,Wednesday,12,Mostrador,Habitual,Desayuno,Combo desayuno,1,4754.0,0.0,4754.0,6.8,4.5,1
ORD-00894,2025-12-24,Wednesday,13,Delivery,Habitual,Café,Latte,3,1767.0,0.0,5302.0,18.2,4.7,0
ORD-00914,2025-12-24,Wednesday,13,Takeaway,Habitual,Café,Flat White,2,2055.0,0.0,4110.0,10.6,4.8,0
ORD-02170,2025-12-24,Wednesday,13,Mostrador,Nuevo,Café,Flat White,1,1690.0,0.05,1606.0,11.6,4.8,0
ORD-05998,2025-12-24,Wednesday,13,Takeaway,Frecuente,Café,Americano,1,1886.0,0.0,1886.0,11.8,4.8,0
ORD-00594,2025-12-24,Wednesday,15,Delivery,Nuevo,Desayuno,Tostadas,3,4624.0,0.0,13871.0,12.6,4.9,0
ORD-02627,2025-12-24,Wednesday,15,Mostrador,Frecuente,Café,Latte,1,1719.0,0.05,1633.0,4.2,4.9,0
ORD-02536,2025-12-24,Wednesday,16,Mostrador,Habitual,Café,Latte,1,2011.0,0.0,2011.0,6.3,5.0,1
ORD-03199,2025-12-24,Wednesday,16,Mostrador,Habitual,Bebidas frías,Licuado,2,2538.0,0.0,5076.0,3.4,4.5,0
ORD-05721,2025-12-24,Wednesday,18,Mostrador,Habitual,Pastelería,Croissant,1,1585.0,0.0,1585.0,2.0,5.0,1
ORD-02230,2025-12-24,Wednesday,20,Delivery,Habitual,Café,Espresso,2,1899.0,0.0,3798.0,18.8,4.0,0
ORD-04077,2025-12-24,Wednesday,20,Mostrador,Habitual,Café,Americano,3,1838.0,0.0,5515.0,3.7,4.0,0
ORD-00141,2025-12-25,Thursday,10,Mostrador,Frecuente,Almuerzo,Tostado,1,4928.0,0.0,4928.0,13.3,4.5,0
ORD-02974,2025-12-25,Thursday,10,Delivery,Frecuente,Desayuno,Yogur + granola,2,4223.0,0.05,8024.0,19.7,3.0,1
ORD-04089,2025-12-25,Thursday,10,Mostrador,Frecuente,Desayuno,Tostadas,1,4068.0,0.0,4068.0,9.9,5.0,0
ORD-01676,2025-12-25,Thursday,12,Takeaway,Nuevo,Pastelería,Budín,3,1555.0,0.0,4665.0,14.0,4.6,0
ORD-03270,2025-12-25,Thursday,12,Mostrador,Nuevo,Pastelería,Croissant,1,1665.0,0.0,1665.0,8.8,4.4,0
ORD-01198,2025-12-25,Thursday,14,Takeaway,Habitual,Café,Americano,3,1750.0,0.1,4726.0,15.0,4.3,0
ORD-02555,2025-12-25,Thursday,14,Takeaway,Frecuente,Pastelería,Budín,1,1385.0,0.0,1385.0,11.7,4.5,0
ORD-06322,2025-12-25,Thursday,15,Mostrador,Nuevo,Pastelería,Croissant,1,1603.0,0.0,1603.0,6.7,4.7,1
ORD-01830,2025-12-25,Thursday,16,Mostrador,Nuevo,Bebidas frías,Limonada,3,2853.0,0.0,8559.0,6.0,5.0,0
ORD-01707,2025-12-25,Thursday,18,Mostrador,Habitual,Desayuno,Yogur + granola,1,3622.0,0.0,3622.0,7.6,5.0,1
ORD-02690,2025-12-25,Thursday,18,Mostrador,Nuevo,Bebidas frías,Cold brew,3,3022.0,0.1,8160.0,5.5,4.6,1
ORD-05784,2025-12-25,Thursday,18,Delivery,Nuevo,Pastelería,Croissant,1,1635.0,0.15,1390.0,19.4,4.9,0
ORD-04090,2025-12-25,Thursday,19,Mostrador,Habitual,Café,Espresso,1,2218.0,0.1,1996.0,7.6,5.0,0
ORD-06419,2025-12-25,Thursday,19,Mostrador,Habitual,Pastelería,Cookie,1,1600.0,0.0,1600.0,5.5,4.5,0
ORD-06453,2025-12-25,Thursday,20,Mostrador,Habitual,Café,Espresso,2,1454.0,0.0,2907.0,6.1,4.8,0
ORD-00555,2025-12-26,Friday,7,Delivery,Nuevo,Café,Espresso,2,1798.0,0.0,3597.0,20.5,4.5,0
ORD-01457,2025-12-26,Friday,9,Mostrador,Habitual,Desayuno,Yogur + granola,1,4347.0,0.15,3695.0,8.6,4.5,0
ORD-06070,2025-12-26,Friday,9,Takeaway,Frecuente,Desayuno,Yogur + granola,2,4218.0,0.05,8013.0,11.1,4.6,0
ORD-01828,2025-12-26,Friday,10,Mostrador,Habitual,Pastelería,Budín,1,1758.0,0.0,1758.0,10.3,4.3,0
ORD-03785,2025-12-26,Friday,10,Mostrador,Frecuente,Almuerzo,Ensalada,1,5334.0,0.0,5334.0,11.3,4.1,0
ORD-01228,2025-12-26,Friday,11,Mostrador,Habitual,Desayuno,Combo desayuno,1,3978.0,0.0,3978.0,6.7,4.9,1
ORD-02035,2025-12-26,Friday,11,Takeaway,Nuevo,Almuerzo,Wrap,1,4798.0,0.0,4798.0,4.6,4.9,0
ORD-06348,2025-12-26,Friday,12,Mostrador,Nuevo,Bebidas frías,Licuado,1,3266.0,0.0,3266.0,8.7,3.6,0
ORD-01246,2025-12-26,Friday,13,Takeaway,Habitual,Café,Flat White,3,1623.0,0.0,4870.0,7.5,4.6,0
ORD-03748,2025-12-26,Friday,13,Mostrador,Habitual,Almuerzo,Wrap,1,5301.0,0.05,5036.0,9.3,5.0,1
ORD-01393,2025-12-26,Friday,14,Takeaway,Habitual,Pastelería,Budín,1,1471.0,0.05,1397.0,11.7,4.8,0
ORD-01570,2025-12-26,Friday,14,Mostrador,Habitual,Pastelería,Tostada dulce,1,1808.0,0.0,1808.0,14.8,3.7,1
ORD-03404,2025-12-26,Friday,14,Takeaway,Habitual,Bebidas frías,Licuado,1,2531.0,0.15,2152.0,8.9,4.7,0
ORD-04123,2025-12-26,Friday,14,Delivery,Nuevo,Café,Espresso,2,1799.0,0.0,3599.0,22.7,3.5,0
ORD-01203,2025-12-26,Friday,15,Mostrador,Frecuente,Bebidas frías,Cold brew,1,2616.0,0.0,2616.0,2.0,4.6,0
ORD-03779,2025-12-26,Friday,15,Takeaway,Nuevo,Almuerzo,Ensalada,1,4644.0,0.0,4644.0,12.3,4.0,1
ORD-04652,2025-12-26,Friday,15,Mostrador,Frecuente,Pastelería,Croissant,1,1513.0,0.0,1513.0,6.6,4.7,0
ORD-04963,2025-12-26,Friday,15,Delivery,Habitual,Café,Latte,2,1799.0,0.0,3598.0,18.6,3.1,0
ORD-03361,2025-12-26,Friday,16,Mostrador,Habitual,Café,Cortado,1,1608.0,0.0,1608.0,9.4,4.3,0
ORD-03593,2025-12-26,Friday,16,Mostrador,Nuevo,Bebidas frías,Iced latte,1,2690.0,0.15,2286.0,7.4,4.6,0
ORD-03746,2025-12-26,Friday,18,Mostrador,Frecuente,Almuerzo,Tostado,1,5342.0,0.0,5342.0,6.2,3.6,1
ORD-03219,2025-12-26,Friday,20,Mostrador,Nuevo,Almuerzo,Wrap,3,4807.0,0.05,13701.0,3.3,4.8,0
ORD-02379,2025-12-27,Saturday,8,Mostrador,Nuevo,Café,Cortado,2,1333.0,0.0,2666.0,13.2,4.5,0
ORD-05790,2025-12-27,Saturday,8,Delivery,Nuevo,Bebidas frías,Cold brew,2,2357.0,0.0,4714.0,18.8,4.6,1
ORD-06342,2025-12-27,Saturday,9,Delivery,Habitual,Pastelería,Budín,1,1679.0,0.0,1679.0,20.5,3.9,1
ORD-01747,2025-12-27,Saturday,10,Mostrador,Habitual,Desayuno,Avocado toast,1,3876.0,0.05,3682.0,14.8,4.0,1
ORD-02653,2025-12-27,Saturday,10,Takeaway,Frecuente,Café,Cortado,2,1725.0,0.05,3277.0,14.0,3.8,0
ORD-04102,2025-12-27,Saturday,10,Mostrador,Nuevo,Pastelería,Cookie,1,1493.0,0.0,1493.0,12.3,4.7,0
ORD-04135,2025-12-27,Saturday,10,Mostrador,Frecuente,Pastelería,Budín,1,1669.0,0.0,1669.0,8.9,4.7,1
ORD-00772,2025-12-27,Saturday,11,Takeaway,Habitual,Café,Latte,3,2008.0,0.0,6025.0,5.9,4.7,0
ORD-01962,2025-12-27,Saturday,11,Mostrador,Habitual,Almuerzo,Ensalada,1,5657.0,0.1,5092.0,5.9,5.0,0
ORD-02039,2025-12-27,Saturday,12,Takeaway,Frecuente,Café,Flat White,1,1937.0,0.0,1937.0,8.3,3.5,0
ORD-03978,2025-12-27,Saturday,12,Takeaway,Habitual,Almuerzo,Wrap,2,6018.0,0.0,12036.0,12.0,3.2,0
ORD-04774,2025-12-27,Saturday,13,Takeaway,Nuevo,Almuerzo,Bagel,1,6110.0,0.05,5805.0,7.5,4.7,0
ORD-05388,2025-12-27,Saturday,13,Mostrador,Nuevo,Almuerzo,Ensalada,1,6173.0,0.0,6173.0,11.3,4.4,0
ORD-04601,2025-12-27,Saturday,14,Mostrador,Habitual,Pastelería,Croissant,3,1591.0,0.0,4774.0,9.1,5.0,0
ORD-05588,2025-12-27,Saturday,16,Mostrador,Nuevo,Almuerzo,Tostado,2,4526.0,0.0,9051.0,3.1,5.0,0
ORD-05882,2025-12-27,Saturday,16,Mostrador,Nuevo,Pastelería,Budín,1,1386.0,0.0,1386.0,5.8,5.0,1
ORD-03371,2025-12-27,Saturday,17,Mostrador,Nuevo,Desayuno,Avocado toast,1,4190.0,0.0,4190.0,2.0,4.9,1
ORD-03412,2025-12-27,Saturday,18,Mostrador,Nuevo,Bebidas frías,Licuado,1,2974.0,0.05,2826.0,3.8,4.7,0
ORD-04524,2025-12-27,Saturday,20,Delivery,Frecuente,Bebidas frías,Limonada,3,3096.0,0.0,9289.0,18.2,4.4,1
ORD-01088,2025-12-28,Sunday,7,Takeaway,Nuevo,Desayuno,Avocado toast,1,4055.0,0.0,4055.0,9.6,5.0,0
ORD-02755,2025-12-28,Sunday,8,Mostrador,Habitual,Desayuno,Tostadas,1,3749.0,0.0,3749.0,9.1,4.8,1
ORD-03534,2025-12-28,Sunday,8,Mostrador,Habitual,Café,Espresso,1,1633.0,0.05,1551.0,5.2,5.0,0
ORD-03726,2025-12-28,Sunday,8,Takeaway,Habitual,Pastelería,Medialuna,2,1598.0,0.1,2877.0,8.8,5.0,0
ORD-04521,2025-12-28,Sunday,8,Delivery,Nuevo,Café,Latte,1,1701.0,0.1,1531.0,22.6,3.4,0
ORD-05436,2025-12-28,Sunday,10,Mostrador,Nuevo,Bebidas frías,Iced latte,2,2859.0,0.0,5718.0,9.2,5.0,0
ORD-06371,2025-12-28,Sunday,10,Mostrador,Frecuente,Desayuno,Tostadas,1,3661.0,0.1,3295.0,8.5,4.7,1
ORD-05481,2025-12-28,Sunday,11,Takeaway,Frecuente,Desayuno,Avocado toast,2,4449.0,0.0,8898.0,9.3,4.7,0
ORD-04792,2025-12-28,Sunday,13,Delivery,Habitual,Pastelería,Budín,2,1912.0,0.0,3824.0,25.8,4.5,0
ORD-03149,2025-12-28,Sunday,14,Takeaway,Nuevo,Almuerzo,Bagel,2,5039.0,0.0,10079.0,12.7,3.9,0
ORD-04266,2025-12-28,Sunday,14,Mostrador,Habitual,Café,Cortado,2,1920.0,0.0,3841.0,7.6,3.8,0
ORD-05887,2025-12-28,Sunday,14,Takeaway,Habitual,Bebidas frías,Limonada,1,2873.0,0.0,2873.0,13.8,4.8,1
ORD-01620,2025-12-28,Sunday,15,Takeaway,Frecuente,Almuerzo,Ensalada,2,6013.0,0.0,12026.0,5.3,4.5,1
ORD-02376,2025-12-28,Sunday,15,Takeaway,Habitual,Café,Latte,1,1958.0,0.0,1958.0,7.3,4.0,0
ORD-04693,2025-12-28,Sunday,16,Mostrador,Habitual,Bebidas frías,Iced latte,1,2642.0,0.0,2642.0,3.7,5.0,0
ORD-05499,2025-12-28,Sunday,17,Takeaway,Habitual,Desayuno,Yogur + granola,1,4357.0,0.05,4139.0,12.0,3.9,0
ORD-05540,2025-12-28,Sunday,17,Mostrador,Nuevo,Bebidas frías,Limonada,1,3021.0,0.0,3021.0,5.4,5.0,1
ORD-00347,2025-12-28,Sunday,18,Mostrador,Nuevo,Café,Latte,1,1710.0,0.1,1539.0,2.8,4.6,1
ORD-02803,2025-12-28,Sunday,18,Takeaway,Habitual,Desayuno,Tostadas,2,4367.0,0.0,8735.0,7.7,4.5,0
ORD-04718,2025-12-28,Sunday,18,Mostrador,Habitual,Pastelería,Budín,2,1812.0,0.0,3623.0,2.1,5.0,0
ORD-00265,2025-12-28,Sunday,19,Delivery,Nuevo,Café,Espresso,2,1735.0,0.0,3469.0,20.4,3.9,0
ORD-01082,2025-12-28,Sunday,19,Mostrador,Habitual,Café,Latte,2,1884.0,0.0,3769.0,4.2,4.8,1
ORD-04993,2025-12-28,Sunday,20,Takeaway,Nuevo,Café,Cortado,1,2028.0,0.0,2028.0,2.0,4.9,0
ORD-00356,2025-12-29,Monday,7,Mostrador,Habitual,Café,Cortado,1,1846.0,0.0,1846.0,2.8,5.0,0
ORD-04216,2025-12-29,Monday,7,Delivery,Frecuente,Almuerzo,Ensalada,1,5597.0,0.05,5317.0,19.9,4.9,0
ORD-01998,2025-12-29,Monday,11,Mostrador,Nuevo,Desayuno,Avocado toast,1,4165.0,0.0,4165.0,3.3,5.0,0
ORD-04296,2025-12-29,Monday,12,Mostrador,Nuevo,Pastelería,Tostada dulce,1,1583.0,0.0,1583.0,9.4,5.0,1
ORD-05261,2025-12-29,Monday,12,Mostrador,Habitual,Bebidas frías,Limonada,3,2940.0,0.0,8820.0,13.0,4.4,0
ORD-01626,2025-12-29,Monday,14,Mostrador,Habitual,Café,Latte,1,2078.0,0.05,1974.0,6.4,5.0,1
ORD-03279,2025-12-29,Monday,14,Mostrador,Habitual,Desayuno,Avocado toast,3,4043.0,0.1,10916.0,7.8,4.5,1
ORD-05113,2025-12-29,Monday,14,Mostrador,Habitual,Almuerzo,Bagel,3,4706.0,0.0,14119.0,7.4,5.0,0
ORD-02046,2025-12-29,Monday,15,Takeaway,Nuevo,Bebidas frías,Cold brew,3,2979.0,0.05,8491.0,5.0,5.0,0
ORD-02260,2025-12-29,Monday,15,Mostrador,Habitual,Bebidas frías,Licuado,1,2995.0,0.0,2995.0,5.6,4.8,0
ORD-03238,2025-12-29,Monday,15,Mostrador,Habitual,Desayuno,Combo desayuno,1,4104.0,0.0,4104.0,2.4,5.0,0
ORD-05302,2025-12-29,Monday,15,Takeaway,Nuevo,Almuerzo,Ensalada,3,5385.0,0.0,16156.0,6.6,4.8,0
ORD-00145,2025-12-29,Monday,16,Mostrador,Habitual,Café,Americano,1,1870.0,0.0,1870.0,7.4,4.9,0
ORD-05285,2025-12-29,Monday,16,Takeaway,Frecuente,Pastelería,Tostada dulce,1,1780.0,0.0,1780.0,5.9,4.5,1
ORD-05939,2025-12-29,Monday,16,Mostrador,Nuevo,Café,Cortado,1,1990.0,0.1,1791.0,4.4,4.6,0
ORD-02617,2025-12-29,Monday,17,Delivery,Habitual,Café,Flat White,3,1695.0,0.15,4323.0,15.2,4.2,0
ORD-02768,2025-12-29,Monday,17,Mostrador,Nuevo,Café,Americano,3,1723.0,0.0,5169.0,4.8,4.7,1
ORD-03724,2025-12-29,Monday,19,Mostrador,Habitual,Almuerzo,Bagel,1,5603.0,0.0,5603.0,6.1,4.9,1
ORD-04622,2025-12-30,Tuesday,8,Mostrador,Nuevo,Café,Espresso,1,1834.0,0.0,1834.0,13.1,4.1,0
ORD-00691,2025-12-30,Tuesday,9,Mostrador,Frecuente,Almuerzo,Bagel,1,5059.0,0.0,5059.0,7.8,5.0,1
ORD-03175,2025-12-30,Tuesday,9,Delivery,Habitual,Pastelería,Croissant,2,1582.0,0.0,3163.0,23.7,3.8,0
ORD-01056,2025-12-30,Tuesday,10,Takeaway,Nuevo,Bebidas frías,Iced latte,2,2375.0,0.0,4749.0,12.1,4.8,1
ORD-03158,2025-12-30,Tuesday,11,Takeaway,Nuevo,Café,Flat White,2,1586.0,0.0,3171.0,3.9,5.0,0
ORD-01422,2025-12-30,Tuesday,12,Takeaway,Nuevo,Pastelería,Cookie,1,1556.0,0.0,1556.0,12.0,4.3,1
ORD-01559,2025-12-30,Tuesday,13,Mostrador,Habitual,Café,Cortado,1,1795.0,0.0,1795.0,11.1,4.2,1
ORD-05039,2025-12-30,Tuesday,13,Mostrador,Habitual,Café,Flat White,1,2036.0,0.0,2036.0,8.4,4.7,0
ORD-06286,2025-12-30,Tuesday,13,Delivery,Frecuente,Pastelería,Tostada dulce,2,1458.0,0.05,2771.0,26.0,4.3,1
ORD-01117,2025-12-30,Tuesday,14,Mostrador,Frecuente,Bebidas frías,Iced latte,3,2895.0,0.05,8250.0,9.1,4.7,0
ORD-05140,2025-12-30,Tuesday,14,Mostrador,Nuevo,Café,Americano,2,1856.0,0.0,3712.0,10.0,4.6,0
ORD-00161,2025-12-30,Tuesday,15,Mostrador,Nuevo,Café,Americano,1,1928.0,0.15,1638.0,3.2,4.8,0
ORD-02520,2025-12-30,Tuesday,16,Mostrador,Habitual,Bebidas frías,Licuado,3,2902.0,0.0,8706.0,8.0,4.9,0
ORD-02956,2025-12-30,Tuesday,16,Takeaway,Habitual,Almuerzo,Ensalada,1,5768.0,0.0,5768.0,8.9,5.0,0
ORD-03621,2025-12-30,Tuesday,16,Mostrador,Nuevo,Pastelería,Budín,2,1618.0,0.0,3237.0,5.7,4.4,0
ORD-00810,2025-12-30,Tuesday,17,Takeaway,Habitual,Pastelería,Croissant,2,1658.0,0.0,3316.0,7.1,5.0,0
ORD-02173,2025-12-30,Tuesday,17,Takeaway,Habitual,Almuerzo,Tostado,2,5357.0,0.0,10714.0,8.4,4.1,0
ORD-00511,2025-12-30,Tuesday,20,Takeaway,Nuevo,Bebidas frías,Limonada,1,2921.0,0.0,2921.0,5.3,5.0,0
ORD-05808,2025-12-30,Tuesday,20,Mostrador,Frecuente,Almuerzo,Ensalada,1,5618.0,0.0,5618.0,2.0,4.4,0
ORD-01169,2025-12-31,Wednesday,7,Takeaway,Nuevo,Café,Latte,2,1726.0,0.1,3107.0,9.5,4.5,0
ORD-03122,2025-12-31,Wednesday,8,Mostrador,Habitual,Bebidas frías,Iced latte,1,2748.0,0.05,2610.0,8.1,4.9,1
ORD-02218,2025-12-31,Wednesday,10,Mostrador,Habitual,Café,Cortado,2,1654.0,0.0,3307.0,8.5,4.8,0
ORD-03712,2025-12-31,Wednesday,10,Mostrador,Frecuente,Café,Latte,1,1628.0,0.15,1383.0,15.5,4.4,0
ORD-04422,2025-12-31,Wednesday,10,Mostrador,Frecuente,Café,Americano,1,2037.0,0.05,1936.0,6.7,3.9,1
ORD-05602,2025-12-31,Wednesday,10,Mostrador,Nuevo,Almuerzo,Tostado,1,4780.0,0.0,4780.0,7.4,4.5,1
ORD-00820,2025-12-31,Wednesday,11,Delivery,Habitual,Café,Latte,2,1800.0,0.0,3601.0,16.9,4.3,0
ORD-00401,2025-12-31,Wednesday,12,Mostrador,Habitual,Café,Cortado,1,1871.0,0.0,1871.0,5.4,5.0,0
ORD-02262,2025-12-31,Wednesday,14,Mostrador,Nuevo,Pastelería,Cookie,2,1592.0,0.05,3024.0,11.0,4.9,0
ORD-03207,2025-12-31,Wednesday,14,Mostrador,Nuevo,Pastelería,Croissant,2,1494.0,0.0,2987.0,11.8,4.2,0
ORD-05842,2025-12-31,Wednesday,14,Mostrador,Habitual,Bebidas frías,Limonada,1,2747.0,0.0,2747.0,3.7,5.0,0
ORD-03649,2025-12-31,Wednesday,15,Takeaway,Habitual,Café,Espresso,2,1671.0,0.15,2840.0,8.8,4.2,1
ORD-01336,2025-12-31,Wednesday,17,Delivery,Habitual,Bebidas frías,Iced latte,2,2982.0,0.0,5963.0,16.7,4.6,0
ORD-04503,2025-12-31,Wednesday,19,Takeaway,Nuevo,Café,Flat White,1,2047.0,0.0,2047.0,10.0,4.6,0
ORD-04882,2025-12-31,Wednesday,19,Mostrador,Nuevo,Pastelería,Medialuna,2,1876.0,0.05,3565.0,2.0,5.0,0
ORD-01346,2025-12-31,Wednesday,20,Takeaway,Nuevo,Pastelería,Croissant,3,1695.0,0.05,4831.0,6.5,3.9,0
ORD-06239,2025-12-31,Wednesday,20,Mostrador,Habitual,Almuerzo,Wrap,2,5081.0,0.1,9146.0,2.0,5.0,0
